{"type":"FeatureCollection","features":[{"type":"Feature","properties":{"id":"CD-BC","country":"CD","name_en":"Kongo Central"},"geometry":{"type":"MultiPolygon","coordinates":[[[[15.1723379,-4.5320344],[15.2204736,-4.5398554],[15.2649128,-4.5741597],[15.2728678,-4.6107401],[15.2864562,-4.6215527],[15.3152177,-4.6243059],[15.3322658,-4.6461238],[15.3515026,-4.64888],[15.3784025,-4.6373363],[15.4083736,-4.5879517],[15.4060901,-4.5526692],[15.4306626,-4.5453764],[15.4511519,-4.5250436],[15.5138102,-4.5625246],[15.5395621,-4.5598322],[15.5956162,-4.5887416],[15.648987,-4.5854857],[15.6431285,-4.6068675],[15.6528354,-4.6281687],[15.6370168,-4.6613339],[15.6489706,-4.6628169],[15.6626771,-4.6820508],[15.6874386,-4.6832642],[15.7030566,-4.7232247],[15.6945486,-4.7357615],[15.6963618,-4.7643946],[15.67764,-4.7735895],[15.6672813,-4.8106082],[15.6381154,-4.84622],[15.6418115,-4.8996917],[15.655848,-4.9199827],[15.649483,-4.9669284],[15.7118942,-4.9935471],[15.7307769,-5.0325362],[15.8083353,-5.0233596],[15.8326968,-5.0291329],[15.8538572,-4.9969421],[15.8498875,-4.9879427],[15.8663884,-4.947508],[15.8521501,-4.9284835],[15.8575693,-4.9183374],[15.8427957,-4.8888128],[15.8655087,-4.8747877],[15.8625702,-4.8648119],[15.8708718,-4.8600869],[15.8862755,-4.8645962],[15.9193675,-4.900309],[15.9177539,-4.9590651],[15.9272039,-4.9658887],[15.9523523,-4.9658374],[15.9617078,-4.9517198],[15.9892492,-4.9660953],[16.0003476,-4.9630739],[16.0096708,-4.9839649],[16.0263864,-4.9886822],[16.260183096734163,-4.992603580771835],[16.2675114,-5.0074458],[16.2518902,-5.0259142],[16.2530919,-5.0389102],[16.2381573,-5.048486],[16.2475987,-5.0635334],[16.227686,-5.134491],[16.2524052,-5.1609912],[16.2512036,-5.2362115],[16.2192746,-5.3280022],[16.2268277,-5.3820104],[16.1950703,-5.4565202],[16.2070866,-5.5062453],[16.2015934,-5.6618866],[16.20561058662121,-5.671547193259133],[16.20489518806459,-5.686816106605048],[16.2014218,-5.6904135],[16.2033101,-5.720647],[16.1861,-5.78333],[16.1131,-5.83306],[16.099278237840377,-5.858134820879089],[15.445160879409467,-5.869052274539716],[15.435781,-5.869201],[15.410102680302106,-5.869637408475159],[14.944686,-5.865682],[14.699551,-5.877845],[14.586258228424132,-5.902885926860587],[14.482144,-5.885531],[14.436669,-5.893386],[14.347816636024266,-5.891560609308958],[14.30311,-5.88136],[14.299647,-5.864267],[14.282713,-5.857074],[14.262147,-5.867583],[14.260329,-5.879034],[14.251038,-5.872864],[14.238951,-5.880785],[14.228555,-5.864097],[14.208196,-5.874067],[14.197609,-5.869412],[14.187767,-5.840477],[14.160726,-5.850389],[14.158501,-5.844108],[14.144721,-5.84946],[14.136887,-5.835886],[14.116992,-5.844063],[14.103756,-5.836865],[14.03994,-5.852343],[14.03017,-5.84831],[14.032879,-5.839042],[14.011953,-5.838669],[13.999907,-5.826426],[13.965074602017472,-5.848085407837402],[13.943572,-5.841606],[13.807146,-5.852458],[13.641523,-5.865791],[13.562562,-5.857419],[13.553053,-5.859383],[13.550323197684575,-5.860524285087649],[13.52265571312756,-5.867544206236256],[13.493212,-5.858453],[13.380454,-5.856386],[13.37384,-5.860933],[13.365472365107156,-5.869897910046119],[13.342524,-5.890595],[13.311001,-5.873956],[13.26935,-5.863517],[13.170665,-5.849867],[13.154796,-5.852146],[13.122895,-5.862481],[13.10442084416309,-5.86253011574089],[13.089854,-5.86061],[13.067227,-5.862629],[12.989775603733108,-5.835938813934314],[12.989268,-5.835707],[12.988818138716155,-5.835608866113028],[12.940929,-5.819106],[12.924327,-5.81463],[12.896169,-5.814548],[12.858735,-5.819513],[12.822439,-5.829767],[12.79713,-5.845392],[12.789236,-5.849216],[12.76648,-5.86531],[12.71754,-5.931329],[12.722607,-5.979263],[12.679840963786413,-5.9968923216739025],[12.684641,-5.994632],[12.68364,-5.98793],[12.686475,-5.986912],[12.686353,-5.985108],[12.683534,-5.98252],[12.689839,-5.982289],[12.690108,-5.979456],[12.693449,-5.980372],[12.696022,-5.980382],[12.696668,-5.979741],[12.701074,-5.972031],[12.700359,-5.968252],[12.703156,-5.966373],[12.702784,-5.96328],[12.70019,-5.968164],[12.70056,-5.972029],[12.695508,-5.980252],[12.690111,-5.978812],[12.683409,-5.981747],[12.683095,-5.995141],[12.671982,-6.000132],[12.642531716324823,-5.999174197177072],[12.656875,-5.989105],[12.64101437025884,-5.999124848981944],[12.607012,-5.998019],[12.556377,-6.025472],[12.475953,-6.045312],[12.449498,-6.051928],[12.435164,-6.050853],[12.431854,-6.034414],[12.436263,-6.026734],[12.457204,-6.013552],[12.457367,-5.989679],[12.457194,-5.981772],[12.447273,-5.976306],[12.430746,-5.975227],[12.414201,-5.97854],[12.412137479586711,-5.9833305381645445],[12.402881,-5.9873615],[12.3933757,-5.9726042],[12.397292835237005,-6.004510800950603],[12.376231,-5.958673],[12.266612,-5.850844],[12.210541,-5.763442],[12.270832,-5.7394422],[12.5233471,-5.7395958],[12.522931249904419,-5.362005215312764],[12.524382,-5.324738],[12.524675669319468,-5.31716846910706],[12.53041893931523,-5.169549417765872],[12.5373972,-5.1532561],[12.525918944113283,-5.13846951137795],[12.524072,-5.129091],[12.51198,-5.120513],[12.450382,-5.098809],[12.439426,-5.064806],[12.444387,-5.055091],[12.4509860325404,-5.053167858708073],[12.458133,-5.054161],[12.466505,-5.053127],[12.550427,-5.024188],[12.587738,-5.000314],[12.61585,-4.93546],[12.6544,-4.932566],[12.678895,-4.924298],[12.686233,-4.912826],[12.687902211996729,-4.900056164826189],[12.696982,-4.875619],[12.72125032838791,-4.857942575673671],[12.756926,-4.837275],[12.766228,-4.825182],[12.774806,-4.7795],[12.802918,-4.739813],[12.833201,-4.722656],[13.029571,-4.676871],[13.065331,-4.663952],[13.073703,-4.635323],[13.071532,-4.60163],[13.087966,-4.579513],[13.112357,-4.576929],[13.167505234946843,-4.663205082767347],[13.172405,-4.676148],[13.18212,-4.686069],[13.2813068,-4.7654451],[13.360128735050294,-4.797899282141448],[13.3729271,-4.8583598],[13.385690409370467,-4.871077152256489],[13.39265,-4.885334],[13.396717216113837,-4.882064254547072],[13.4308044,-4.9160287],[13.4361039,-4.8990288],[13.4277974,-4.8801234],[13.4101127,-4.8726803],[13.414912297554139,-4.862636220358926],[13.4411652,-4.8629745],[13.4542948,-4.8503809],[13.471384,-4.8535665],[13.4661441,-4.8389781],[13.4728727,-4.8168573],[13.4958454,-4.8019164],[13.5067755,-4.7605969],[13.526182,-4.754282],[13.538894,-4.759967],[13.5606418,-4.7892242],[13.5858526,-4.8053617],[13.6217041,-4.7842183],[13.6240632,-4.7580186],[13.6362201,-4.7545678],[13.6192827,-4.7356043],[13.630205,-4.7415878],[13.648187,-4.7359209],[13.6802572,-4.7683076],[13.6840879,-4.7513069],[13.699284,-4.7449436],[13.680370092759585,-4.72326695929965],[13.679785368995429,-4.719412936237873],[13.677868286156023,-4.706777086752501],[13.7119031,-4.7122953],[13.7235804,-4.7054902],[13.7233157,-4.6787462],[13.707837443448984,-4.670758230729907],[13.699091,-4.642661],[13.7175585,-4.6374461],[13.7082872,-4.612881],[13.7288098,-4.5900651],[13.7248447,-4.5583439],[13.7360081,-4.522871],[13.721895,-4.468382],[13.731760884480783,-4.444881258465127],[13.7583651,-4.4449386],[13.78999,-4.424587],[13.810296197271095,-4.426638060875653],[13.839756027436897,-4.450341138449065],[13.8353039,-4.4554125],[13.85577604073558,-4.479001714100062],[13.856136,-4.479674],[13.857072939798982,-4.480496078078304],[13.8544723,-4.495929],[13.8798074,-4.5087544],[13.9018967,-4.5014514],[13.9164121,-4.5160935],[13.9487584,-4.514932],[13.9969714,-4.469352],[14.0102847,-4.4386264],[14.0501109,-4.4099039],[14.0721116,-4.4043292],[14.0988611,-4.4151116],[14.1505479,-4.3902203],[14.1649551,-4.4007503],[14.1758522,-4.3977909],[14.1894564,-4.3919868],[14.1913835,-4.378612],[14.2123748,-4.3818467],[14.2257266,-4.3655354],[14.252545,-4.3634019],[14.2575233,-4.3454159],[14.2883564,-4.3197216],[14.3032453,-4.327384],[14.3123759,-4.325434],[14.3136377,-4.3135504],[14.3210477,-4.3199281],[14.3276548,-4.3116233],[14.3525232,-4.3163951],[14.3513532,-4.2954268],[14.392965177791988,-4.282132064437181],[14.385716,-4.332913],[14.386026,-4.338287],[14.39081002579541,-4.3485906721098235],[14.393079,-4.3555738],[14.403512172475526,-4.369112675949505],[14.409074,-4.377561],[14.418666122391087,-4.388777590771249],[14.4252714,-4.3973491],[14.427155119771868,-4.398704237429438],[14.428607,-4.400402],[14.437026140197043,-4.405805394111385],[14.469742,-4.429341],[14.466538,-4.448048],[14.442403359045894,-4.479255893288447],[14.435739,-4.486702],[14.424576,-4.502308],[14.3591368,-4.5373218],[14.351302,-4.5536966],[14.35194837834425,-4.556983465379557],[14.350783,-4.559049],[14.349956,-4.566904],[14.3575,-4.589124],[14.365769,-4.627262],[14.380962,-4.646175],[14.384566469585899,-4.649554462715498],[14.406903,-4.676044],[14.41004748730646,-4.695555266809529],[14.399048,-4.737539],[14.399668,-4.749321],[14.403699,-4.75883],[14.408763,-4.767822],[14.412588,-4.778157],[14.3966238,-4.8010765],[14.398725470202757,-4.8449772479763995],[14.396464,-4.855878],[14.400702,-4.886264],[14.411050632888598,-4.884426757738161],[14.4153651,-4.8954968],[14.4623999,-4.8660515],[14.471293409560165,-4.851498535896738],[14.4937473,-4.8458274],[14.5061151,-4.856095],[14.5617315,-4.8648069],[14.5908038,-4.9036677],[14.651057,-4.922139],[14.7006671,-4.9064042],[14.76813,-4.8521848],[14.8366409,-4.8206054],[14.91903190609339,-4.666889558543239],[14.9832397,-4.6067545],[15.027207183565396,-4.5448221910430044],[15.076113,-4.520085],[15.09792,-4.499931],[15.1407073,-4.4449041],[15.1623473,-4.455749],[15.1739838,-4.4783066],[15.1723379,-4.5320344]]],[[[12.839276,-5.92764],[12.807373,-5.95397],[12.783151,-5.960572],[12.761119,-5.958406],[12.745128,-5.940199],[12.765464,-5.920067],[12.795161,-5.89703],[12.828161,-5.871794],[12.854595,-5.86847],[12.90529,-5.869488],[12.933939,-5.873823],[12.953782,-5.8716],[12.972522,-5.868281],[12.99459,-5.868244],[12.969299,-5.888014],[12.940631,-5.896824],[12.884423,-5.907862],[12.870114,-5.917741],[12.839276,-5.92764]]]]}},{"type":"Feature","properties":{"id":"CD-BU","country":"CD","name_en":"Bas-Uele"},"geometry":{"type":"Polygon","coordinates":[[[27.0029998,5.1606538],[26.97562,4.9361],[26.99392,4.89979],[27.02562,4.88786],[27.03406,4.85952],[27.02509,4.80534],[26.98961,4.71546],[26.96565,4.5271],[26.9788,4.51004],[27.02619,4.49015],[27.04921,4.4553],[27.07985,4.43138],[27.18008,4.39198],[27.21475,4.3597],[27.21746,4.28991],[27.18177,4.13278],[27.18012,4.06152],[27.22046,3.93983],[27.2562,3.91737],[27.2498734,3.8964983],[27.2996534,3.828486],[27.3105559,3.7753095],[27.3283773,3.7697586],[27.3419209,3.69362],[27.3436794,3.5671101],[27.3157406,3.52124],[27.2350998,3.4374499],[27.2188091,3.39961],[27.2210407,3.3756199],[27.3017114,3.2520238],[27.3245438,3.272744],[27.3448765,3.2658817],[27.3377747,3.2848327],[27.3565158,3.2938576],[27.3630895,3.2929069],[27.3633787,3.2737239],[27.3769606,3.2702326],[27.3804585,3.3025035],[27.4140486,3.3042103],[27.4260431,3.3239353],[27.4356961,3.2947095],[27.450817,3.2964085],[27.4702675,3.3173008],[27.4868427,3.315839],[27.4912738,3.3047324],[27.5129899,3.3148792],[27.5197891,3.3031381],[27.5277902,3.3130827],[27.5494359,3.3057963],[27.5616741,3.3317051],[27.5758041,3.3152305],[27.5929808,3.3215332],[27.6123627,3.3064963],[27.6250871,3.3114714],[27.6234231,3.3260624],[27.6456217,3.3125928],[27.6664552,3.3230572],[27.6754642,3.3078861],[27.686912,3.3083068],[27.6885447,3.2946861],[27.6836127,3.1997208],[27.657966,3.1586368],[27.6688165,3.1203653],[27.6615875,3.0847971],[27.7020961,3.0748307],[27.6781405,3.0365562],[27.6016234,3.003487],[27.541147,3.0227275],[27.5461072,2.9730383],[27.5972595,2.9101884],[27.5995846,2.8793813],[27.5776501,2.8543701],[27.4125309,2.7729299],[27.3568497,2.75682],[27.3226204,2.7574699],[27.2340393,2.7983501],[27.1582603,2.8148999],[27.1137905,2.8362501],[27.0792007,2.83763],[27.0139198,2.7237],[26.96521,2.6872399],[26.9097309,2.5875001],[26.8697701,2.5448799],[26.8716202,2.5336101],[26.9131794,2.5104401],[26.9609203,2.49419],[27.11446,2.5501499],[27.1316395,2.52002],[27.1402702,2.4091499],[27.1799387,2.3604362],[27.1750622,2.2929707],[27.156333,2.2710194],[27.1435669,2.2719937],[27.1460548,2.2488739],[27.1230187,2.2240014],[27.1152595,2.171236],[27.1032452,2.1557667],[27.0904582,2.1554872],[27.0827723,2.1340808],[27.0666213,2.1365381],[27.0502086,2.1149029],[27.0567352,2.0548647],[27.0493522,2.0140293],[27.0376798,1.9984355],[27.0412828,1.9382098],[27.03368221587469,1.9465490089004411],[27.0334035,1.9475599],[27.03291441027341,1.9473914298510462],[27.0320062,1.9483879],[27.0115183,1.9400214],[27.0007439,1.951729],[26.991403,1.9471689],[26.9958661,1.956222],[26.9753368,1.9667508],[26.9757779,1.9771261],[26.942412,1.9904816],[26.9473348,1.9960777],[26.9394274,2.0044253],[26.9473921,2.0124936],[26.9401632,2.0497555],[26.9294241,2.0572615],[26.9360505,2.0713991],[26.9307071,2.092723],[26.9197735,2.089101],[26.9126238,2.1165366],[26.9004411,2.1148339],[26.8908447,2.121925],[26.8939134,2.1302041],[26.8830011,2.1304927],[26.8870782,2.1469631],[26.8635937,2.1743174],[26.8457093,2.1655274],[26.8316424,2.141162],[26.8036962,2.1443483],[26.7870035,2.125418],[26.7562439,2.1494088],[26.75193,2.1752735],[26.7380507,2.1846446],[26.5741501,2.0541699],[26.5286903,2.02753],[26.4897194,2.0336299],[26.4405003,2.05896],[26.3184795,2.07214],[26.2965794,2.09464],[26.2863293,2.12151],[26.2781601,2.18839],[26.2811794,2.2985401],[26.2574005,2.34393],[26.1624298,2.3150001],[26.0955296,2.2737701],[26.0270901,2.2674401],[25.97439,2.22261],[25.9405594,2.21017],[25.8009892,2.2560301],[25.7522507,2.2312],[25.6744804,2.1645],[25.5878506,2.1508601],[25.4774494,2.1782401],[25.3757591,2.2227299],[25.3534908,2.2452199],[25.2770004,2.25523],[25.2424297,2.2460599],[25.1438904,2.18659],[24.9326191,2.21738],[24.8109303,2.2458301],[24.5684891,2.2151201],[24.4803391,2.2309201],[24.3590698,2.2361],[24.31357,2.22873],[24.2462692,2.1991301],[24.21278,2.1965101],[24.1695004,2.1745999],[24.1138096,2.16503],[23.9830494,2.1818199],[23.8920307,2.17362],[23.8031693,2.18033],[23.6598091,2.29053],[23.6357694,2.2968206],[23.6295896,2.3928705],[23.5792928,2.3999025],[23.577617705123487,2.396209116327881],[23.5724731,2.3965396],[23.5668586,2.4161556],[23.5364494,2.4512762],[23.4875833,2.4758491],[23.4519214,2.5110811],[23.4327013,2.5116591],[23.4272614,2.5028841],[23.4131702,2.5265041],[23.391112,2.5294714],[23.3639975,2.5648551],[23.3493698,2.5600566],[23.3298797,2.5181609],[23.3356733,2.495057],[23.3116559,2.4969078],[23.3117417,2.4619966],[23.2966999,2.4557582],[23.2833439,2.470002],[23.2936492,2.466655],[23.2963519,2.4761239],[23.2402673,2.51811],[23.1175095,2.5644013],[23.1063201,2.5655525],[23.0984384,2.5531371],[23.047236,2.5744935],[22.899717,2.7233621],[22.8789774,2.7573676],[22.8849034,2.7947692],[22.9162457,2.8098412],[22.9428371,2.7921848],[22.9485694,2.7746168],[22.9540601,2.8529556],[22.9831607,2.8896742],[23.0597345,3.033441],[23.0280383,3.0502731],[23.0197252,3.0713894],[22.99127,3.0533813],[22.9554407,3.0804333],[22.9055987,3.0771354],[22.8578843,3.0200279],[22.8277505,3.0189858],[22.7884244,3.0402046],[22.7817022,3.1057296],[22.7597479,3.123951],[22.7261232,3.1188301],[22.6596074,3.1524446],[22.577359,3.1609798],[22.5885143,3.2024527],[22.6513789,3.283765],[22.6485824,3.3124315],[22.6148711,3.3399281],[22.6246944,3.3905387],[22.6674995,3.4475],[22.8628006,3.5077801],[22.9286003,3.5480499],[22.9930992,3.53444],[23.0375004,3.5474999],[23.1368999,3.65361],[23.1711006,3.6780601],[23.2075005,3.6663899],[23.2294006,3.6419401],[23.3006001,3.6405599],[23.3327999,3.6125],[23.3561001,3.60917],[23.3822002,3.6233301],[23.4410992,3.7005601],[23.4869003,3.7383299],[23.5116997,3.79917],[23.5156819,3.8197],[23.4717366,3.8171308],[23.4531972,3.8308331],[23.4087369,3.840082],[23.3948323,3.8347725],[23.3812711,3.808738],[23.3589001,3.8094399],[23.3297726,3.8385406],[23.2422253,3.8565244],[23.2163045,3.8697123],[23.1788823,3.8510436],[23.1515881,3.8517287],[23.1515881,3.8918058],[23.0944249,3.8852977],[23.0703923,3.8666294],[22.9409596,3.8630327],[22.8929796,3.8457128],[22.8783884,3.8741439],[22.8498926,3.864724],[22.7656002,3.905],[22.7586002,3.99139],[22.7141991,3.9877801],[22.6872005,3.99805],[22.5969009,4.0752802],[22.5372009,4.1136098],[22.4334008,4.1281155],[22.4847756,4.1554421],[22.5116159,4.190087],[22.5492828,4.218712],[22.54415564504652,4.286977003619849],[22.568575,4.331546],[22.581325182119368,4.342238998779973],[22.588006,4.34418],[22.599891,4.352552],[22.609297,4.363352],[22.61072889963139,4.366898561485756],[22.6166526,4.3718665],[22.61157340114506,4.380906354219646],[22.61126,4.381853],[22.610605579045554,4.3826288641941415],[22.5894706647948,4.420244352232323],[22.5967054,4.4345291],[22.59349160823363,4.474319673030934],[22.61033,4.484224],[22.654358,4.482828],[22.664476172547037,4.483736644305572],[22.678672,4.4664451],[22.7044372,4.4773817],[22.705962,4.5267176],[22.7314818,4.5596256],[22.7335697,4.6268335],[22.746778900337564,4.646389174048634],[22.74872,4.64827],[22.757401,4.660802],[22.76012017155034,4.666140373558385],[22.7723847,4.6842975],[22.781843,4.7146713],[22.8044671,4.7283904],[22.823384435988746,4.7217311835060665],[22.8405771,4.6996658],[22.8604694,4.7095406],[22.8683454,4.7360002],[22.8970655,4.7547979],[22.894323701369927,4.763886543874797],[22.895584,4.765395],[22.892782370977045,4.768995818815958],[22.8850492,4.7946301],[22.8994687,4.8148079],[22.9391343,4.8157121],[22.956854027298835,4.83221898245961],[22.976190281874814,4.8344047737849385],[23.017334,4.750512],[23.074663047453424,4.723364151007286],[23.077382,4.721057],[23.099396,4.711652],[23.12389,4.715631],[23.168746,4.73811],[23.20864,4.690542],[23.222836248718608,4.681482242652438],[23.224246,4.680051],[23.251841,4.662972],[23.264864,4.635067],[23.273132,4.632018],[23.295146,4.6276],[23.30642738177434,4.617071558129907],[23.313026,4.610211],[23.316437,4.60773],[23.353954,4.60357],[23.38837,4.587266],[23.40451775235154,4.591250971185273],[23.414519,4.590832],[23.42258,4.594062],[23.423893957455892,4.596032665710914],[23.4276853,4.5969683],[23.430022,4.62884],[23.448315,4.659407],[23.480827218348615,4.66898891473365],[23.488416,4.669845],[23.506089,4.676434],[23.588048,4.73395],[23.63404,4.745138],[23.665560781653642,4.763131935115883],[23.692848,4.773405],[23.73791,4.779063],[23.743515208851306,4.781184752882539],[23.7794767,4.7867065],[23.816665,4.820611],[23.842030737107116,4.815589188926575],[23.847877,4.813997],[23.852584243520383,4.813499846316667],[23.8547509,4.8130709],[23.855083843867956,4.813235852003588],[23.855215,4.813222],[23.864414,4.81609],[23.869264666048625,4.820261525867458],[23.882413295782225,4.826775815595382],[23.9559093,4.810105],[23.95946834246635,4.869985305473528],[23.977998,4.854149],[24.00567759568633,4.869674275840717],[24.0325275,4.8608749],[24.0501165,4.8678039],[24.0503966,4.8864283],[24.1109229,4.9185612],[24.136169,4.8950522],[24.1518021,4.8929106],[24.1650557,4.89924],[24.1789279,4.928198],[24.2281352,4.9579413],[24.2464808,4.9528017],[24.2406273,4.9395243],[24.25195745630137,4.933648426968384],[24.25302,4.929881],[24.259222,4.929881],[24.267697,4.935721],[24.269116420532622,4.941419286622102],[24.2752247,4.9485424],[24.272968,4.964013],[24.29556886822947,5.002399768035902],[24.3648352,5.0082669],[24.373036461529175,5.01499995480634],[24.386139,5.022356],[24.398645,5.036024],[24.396888,5.048194],[24.361231,5.062948],[24.386561913135463,5.112068189790993],[24.403960193264673,5.104480349892009],[24.41146,5.081861],[24.416938,5.073257],[24.4415966,5.0558085],[24.4536129,5.0728217],[24.4427626,5.0949507],[24.462988,5.1042782],[24.518656610005802,5.08363358124535],[24.546920438699843,5.047474326049152],[24.547369,5.046489],[24.553467,5.039099],[24.563389,5.034888],[24.57592055184959,5.0329877440608755],[24.601216,5.026103],[24.610022116668784,5.000785491753475],[24.610001,4.996725],[24.615479,4.985097],[24.627468,4.976907],[24.63958880173125,4.972940940346773],[24.670773,4.957218],[24.65744,4.939777],[24.654236,4.929416],[24.6604357,4.9185136],[24.6772346,4.908044],[24.7155916,4.9120653],[24.7233962,4.8949332],[24.7519973,4.8969557],[24.7658696,4.9108042],[24.764894,4.8965512],[24.7821451,4.8955994],[24.7977543,4.9257472],[24.847961,4.9242481],[24.876649311856408,4.949629006671151],[24.9104932,4.9512074],[24.918549565682753,4.969724721642107],[24.927088,4.971481],[24.932359,4.974426],[24.940136965088875,4.979998806878543],[24.9565358,4.9878035],[24.9844231,4.9772625],[24.9966535,4.9578461],[25.0285859,4.954967],[25.0476691,4.9303634],[25.0633736,4.9263659],[25.077910067773903,4.95233332842974],[25.084804,4.954221],[25.090489,4.974478],[25.092867852037024,4.979053381633959],[25.1235222,4.9873063],[25.12535397441881,5.013347828071941],[25.141353635239557,5.017371729487225],[25.147643,5.01414],[25.154568,5.009308],[25.163663,5.005639],[25.1714607287571,5.006118422608172],[25.1909789,4.998823],[25.19212416062356,5.007388858745127],[25.227535,5.009566],[25.239317,5.015535],[25.240857779911032,5.016976277490164],[25.3120566,5.0309833],[25.3259709,5.0428643],[25.321896,5.077004],[25.3442314,5.1107276],[25.346205215469748,5.130551328387295],[25.349284,5.141677],[25.348561,5.149015],[25.348086073300955,5.149441450261652],[25.3484455,5.1530513],[25.34227608895959,5.1546584013144265],[25.341223,5.155604],[25.332822251495497,5.157121079601771],[25.31865437613808,5.160811741637482],[25.30860912488558,5.187038249771162],[25.3291942,5.2078439],[25.33249089553582,5.222715894559227],[25.335538,5.228442],[25.33637519739933,5.240238688384982],[25.343401872892084,5.271937302516071],[25.3764966,5.2912165],[25.375507702435794,5.292705203971708],[25.376466,5.293011],[25.36365,5.310556],[25.3859454,5.3161158],[25.39569,5.333965],[25.4046597,5.3097922],[25.42153,5.3105774],[25.4185557,5.3219275],[25.427654428840114,5.3269378517828905],[25.435067,5.328694],[25.479922,5.353189],[25.481989,5.356858],[25.48592108179517,5.3543089685052925],[25.49558,5.344533],[25.504469,5.342285],[25.540849,5.354429],[25.5438819,5.3633539],[25.534369071722868,5.372671282647229],[25.543743,5.37528],[25.561829,5.373006],[25.575059,5.374919],[25.579976502721806,5.374919],[25.5799784,5.3575718],[25.59183577240937,5.351097628004],[25.592319,5.349184],[25.600483,5.34045],[25.6110688040018,5.3405963170697595],[25.5945882,5.3254729],[25.6303991,5.3041529],[25.637897,5.317971],[25.650093,5.320297],[25.6580723,5.3074841],[25.691124,5.299807],[25.723966413720255,5.268649286218726],[25.732775,5.258879],[25.74005951395681,5.2533817052396055],[25.7399495,5.2404547],[25.771739,5.245469],[25.781144,5.258879],[25.779126097459798,5.259945084143873],[25.781019,5.2636545],[25.769259,5.265158],[25.79064528998746,5.263582485710226],[25.7811142,5.240883],[25.794368705558934,5.241620930594441],[25.794683,5.238389],[25.799438,5.240095],[25.809225431185187,5.242448063098485],[25.7999119,5.2205148],[25.8134511,5.2233226],[25.8141695465889,5.221778212053776],[25.814217,5.22162],[25.8143013886019,5.221494801680854],[25.823857905538567,5.200951911237901],[25.826103,5.194697],[25.826637095447644,5.19497770597036],[25.8285606,5.1908429],[25.835206925437422,5.199481774398044],[25.836231,5.20002],[25.84605,5.211673],[25.849357,5.217874],[25.872405,5.217099],[25.899421,5.1685474],[25.910852,5.170099],[25.912506,5.190382],[25.925632,5.201777],[25.952197066113186,5.200177793613327],[25.958601,5.197384],[25.958572396694013,5.1997940012546495],[25.9625957,5.1995518],[25.958394,5.214825],[25.971934,5.227667],[25.996635,5.219243],[26.013895,5.199244],[26.026917,5.189969],[26.050999,5.200226],[26.0605819,5.1948642],[26.06487903448411,5.200431063260838],[26.067845,5.200846],[26.069008688875407,5.205780958963634],[26.077147,5.216324],[26.095234,5.211053],[26.089422545835234,5.243948740169625],[26.093373,5.241438],[26.098438,5.239578],[26.104535,5.238596],[26.11048557248234,5.238441235770343],[26.1145243,5.2373852],[26.117332888559556,5.24052853381409],[26.119625,5.241542],[26.125103,5.248595],[26.125733890486636,5.24993082000506],[26.132571067096592,5.257582894338929],[26.157349,5.232472],[26.170888,5.238389],[26.175332,5.233687],[26.177479129514225,5.232310531828271],[26.18374732634823,5.226529878471759],[26.18453,5.225341],[26.184788328411265,5.225569846068631],[26.1868123,5.2237033],[26.198276,5.238389],[26.207165,5.207694],[26.212130326524363,5.201066590860976],[26.21442,5.1948984],[26.226182,5.204257],[26.225665,5.199038],[26.226182,5.183147],[26.237075395648965,5.186778486762962],[26.242098,5.188057],[26.246646,5.189969],[26.2483838,5.1775492],[26.252815948972373,5.175130180231062],[26.253984,5.172321],[26.272484,5.159066],[26.291811,5.150979],[26.299612540036833,5.149589098555018],[26.2972342,5.1416907],[26.353306,5.147775],[26.362711,5.135967],[26.389163362546125,5.148435713935537],[26.3935547,5.1244634],[26.40112459766794,5.132869434005726],[26.4165879,5.1148504],[26.439992574897563,5.105723352814575],[26.4347789,5.0951683],[26.444619346123904,5.098714194855003],[26.451903446861213,5.0838958323449654],[26.455802722763774,5.075963366013897],[26.4482308,5.0765768],[26.4514351,5.0676617],[26.46221440479423,5.061066211101436],[26.462653,5.059641],[26.46539618848791,5.059119386196685],[26.4840496,5.047706],[26.500991325483163,5.048027198512811],[26.502547,5.047471],[26.519807,5.045972],[26.528282,5.048091],[26.529535493619004,5.048568367968293],[26.5369901,5.0487097],[26.564886767124506,5.0632166724485845],[26.568176,5.059641],[26.575330909059602,5.068647890401087],[26.598355,5.080621],[26.620708600061892,5.070938199360085],[26.62347,5.067056],[26.629671,5.067056],[26.635666,5.077624],[26.657577,5.073257],[26.667602,5.078347],[26.670879151207302,5.080972660657953],[26.6935899,5.0941456],[26.739432,5.094393],[26.760619,5.088114],[26.801857,5.044525],[26.808368,5.039099],[26.815706,5.040184],[26.82332801590688,5.047900205010434],[26.832656,5.053388],[26.84898235456028,5.0398659136880815],[26.849296,5.039099],[26.84998035890234,5.0390393298476335],[26.8526562,5.0368231],[26.8692935,5.0354747],[26.874758939930363,5.043914792980481],[26.884126,5.053388],[26.889604,5.062121],[26.894625788448877,5.074594491387534],[26.9079723,5.0812571],[26.912394595049058,5.103520731473694],[26.9991299,5.1715914],[27.0029998,5.1606538]]]}},{"type":"Feature","properties":{"id":"CD-EQ","country":"CD","name_en":"Équateur"},"geometry":{"type":"Polygon","coordinates":[[[18.3843021,1.9290123],[18.4490929,1.9404223],[18.4720421,1.9372023],[18.5632019,1.8843323],[18.7155933,1.9621023],[18.7927532,1.9735423],[18.8928928,1.9730424],[18.9602032,1.9957323],[19.0979519,2.1076424],[19.1365032,2.1262722],[19.4892826,2.0012722],[19.9034142,2.0013247],[19.9061554,1.9845086],[19.8881689,1.9656063],[19.8865953,1.951045],[19.8736784,1.9435916],[19.8563995,1.9577452],[19.8332306,1.944945],[19.8137756,1.9019755],[19.7994821,1.9113159],[19.7791145,1.9095313],[19.7766793,1.8785998],[19.7311036,1.8538587],[19.4693687,1.7978656],[19.3071504,1.7013737],[19.2304501,1.64279],[19.21536,1.6223799],[19.2085301,1.5774599],[19.21626,1.5602901],[19.2128965,1.3498386],[19.365944,1.4142921],[19.4467255,1.4580826],[19.5379744,1.5272394],[19.5828404,1.5446927],[19.6402172,1.5964038],[19.7059111,1.6287213],[19.78393,1.6356555],[19.879483,1.6608393],[19.959728,1.7084894],[20.0103944,1.7139976],[20.0994293,1.7533606],[20.2375962,1.7525038],[20.3277211,1.7303535],[20.4047086,1.6661754],[20.4510334,1.6815685],[20.4877145,1.6730318],[20.543711,1.6756784],[20.5670851,1.6664231],[20.6150443,1.6986466],[20.6947084,1.7037029],[20.6936822,1.5797559],[20.7106045,1.5088305],[20.7532159,1.4497242],[20.7397597,1.3912279],[20.7505655,1.3323224],[20.758313,1.322131],[20.7817595,1.3294688],[20.7654489,1.3046017],[20.7815556,1.2803458],[20.7778858,1.2656699],[20.7589247,1.2338718],[20.7538122,1.1817886],[20.7235084,1.1665879],[20.7176125,1.1757053],[20.6657641,1.1831545],[20.6472776,1.2030969],[20.6368565,1.1944831],[20.5943525,1.2054658],[20.5960607,1.2165387],[20.5899521,1.2096812],[20.5617862,1.2323543],[20.5455058,1.2332348],[20.5357342,1.2222675],[20.534078635685496,1.2161448158573798],[20.5289939,1.2085403],[20.5100212,1.1271745],[20.463360025404103,1.0701157794283627],[20.4458636,1.0570382],[20.444555689233493,1.0471212583434082],[20.442868,1.0450575],[20.4218982,0.8753259],[20.4505419,0.6762347],[20.357214,0.5741589],[20.369813,0.4823499],[20.3323002,0.43998],[20.3232899,0.40252],[20.3357391,0.36983],[20.4284706,0.26606],[20.4846096,0.23965],[20.5633106,0.22165],[20.6165791,0.17451],[20.6210709,0.12326],[20.5199795,0.0645],[20.5244007,0.03979],[20.5601101,0.02969],[20.5776501,0.00465],[20.5675602,-0.04045],[20.5450401,-0.06413],[20.3915005,-0.11719],[20.3609505,-0.13361],[20.3311691,-0.16749],[20.3214092,-0.19805],[20.3991811,-0.3244791],[20.3847677,-0.3444001],[20.3653552,-0.3395947],[20.3414076,-0.3183472],[20.3250171,-0.3471633],[20.3041827,-0.3460993],[20.3014309,-0.2994226],[20.2694703,-0.2845866],[20.2810919,-0.2306057],[20.2576462,-0.2122318],[20.2353312,-0.2204986],[20.2102669,-0.2160427],[20.1440721,-0.2355839],[20.1388273,-0.2551585],[20.1641934,-0.2691219],[20.1542076,-0.2801464],[20.1236268,-0.2602789],[20.0944396,-0.2589212],[20.0915839,-0.2376045],[20.0713234,-0.2158096],[20.0231864,-0.2094151],[20.005794,-0.2198325],[20.002061,-0.2038489],[19.9847113,-0.1987256],[19.9623873,-0.2049834],[19.9510958,-0.2203696],[19.9353513,-0.2167794],[19.9350536,-0.2301698],[19.8969201,-0.2573474],[19.9169307,-0.2797073],[19.8987181,-0.2877226],[19.9266254,-0.2996827],[19.9319948,-0.3215991],[19.9525237,-0.3081974],[19.9612933,-0.3276848],[19.9751129,-0.3136579],[19.9940606,-0.3324874],[19.9940814,-0.3722064],[20.0071878,-0.3741643],[20.0117129,-0.3905136],[20.0308937,-0.391951],[20.0359231,-0.4025616],[20.044942,-0.3933848],[20.056396,-0.4145794],[20.0788473,-0.4302375],[20.0919732,-0.4173561],[20.1101994,-0.4287815],[20.1259106,-0.4268296],[20.1228666,-0.4452368],[20.1384133,-0.451812],[20.1420339,-0.4842365],[20.1812732,-0.4998415],[20.1843354,-0.5302646],[20.1698147,-0.5384629],[20.1698147,-0.5587613],[20.1606776,-0.5618234],[20.1701605,-0.5674535],[20.1677897,-0.5892334],[20.1777758,-0.5828522],[20.1914476,-0.5947154],[20.1828537,-0.5989134],[20.2017207,-0.6206438],[20.1971274,-0.6307187],[20.2105121,-0.629484],[20.2189151,-0.6635811],[20.2029563,-0.6680588],[20.2271821,-0.6720443],[20.2282804,-0.7039956],[20.2507595,-0.7034436],[20.2548572,-0.696113],[20.2702375,-0.7189236],[20.2786521,-0.7058194],[20.2927812,-0.720574],[20.2995976,-0.7506406],[20.3118627,-0.7493808],[20.3066348,-0.7620166],[20.3158788,-0.7562353],[20.3252503,-0.7654132],[20.3363068,-0.7623964],[20.344505,-0.7774683],[20.3582622,-0.7718696],[20.3687353,-0.7853535],[20.2846956,-0.8582877],[20.2572823,-0.8648714],[20.2506495,-0.9091428],[20.2142633,-0.9448107],[20.1291008,-0.95791],[20.1114502,-1.04047],[20.0576706,-1.08858],[19.9179001,-1.11397],[19.8720894,-1.14606],[19.8364391,-1.15887],[19.7096996,-1.15224],[19.6763496,-1.05743],[19.69767,-0.98977],[19.6830692,-0.97453],[19.681060136287226,-0.9741911407280208],[19.6783295,-0.97163],[19.6171398,-0.96341],[19.5807896,-0.99294],[19.580436963635602,-0.9944449864118665],[19.5731697,-1.00059],[19.5447407,-1.14679],[19.5446396,-1.2602201],[19.5185108,-1.45477],[19.5112896,-1.48241],[19.4887695,-1.5064501],[19.4599991,-1.56785],[19.3672009,-1.43472],[19.3302994,-1.34778],[19.3117008,-1.27028],[19.2131004,-1.18889],[19.0835991,-0.99556],[19.0617008,-0.84417],[19.0300007,-0.76944],[19.024209134526455,-0.7631138275917552],[19.0210991,-0.75639],[19.014096006755572,-0.7520671787784982],[19.0,-0.73667],[18.992497166505938,-0.7387347952542297],[18.9869003,-0.73528],[18.98146815182907,-0.7417700028436879],[18.9757996,-0.74333],[18.973266117751844,-0.7515692982255956],[18.9696999,-0.75583],[18.9552994,-0.81],[18.9347,-0.83528],[18.8828,-0.87028],[18.8192,-0.89556],[18.795,-0.93056],[18.7972,-1.02167],[18.8164,-1.05667],[18.8806,-1.13056],[18.8711,-1.15917],[18.8472,-1.17639],[18.8306,-1.21139],[18.81,-1.23],[18.7689,-1.23889],[18.6867,-1.2325],[18.5806,-1.265],[18.51,-1.26556],[18.4264,-1.22639],[18.3606,-1.15722],[18.1481,-1.12861],[18.1111,-1.21],[18.0719,-1.25806],[18.0181,-1.31222],[17.9308,-1.375],[17.8911,-1.39306],[17.765,-1.42167],[17.68,-1.47528],[17.5903,-1.49556],[17.5347,-1.51889],[17.1703,-1.73333],[17.0772,-1.81],[17.0222,-1.8225],[16.8186,-1.78945],[16.8083,-1.81139],[16.8125,-1.83417],[16.8806,-1.86694],[16.8975,-1.89083],[16.9008,-2.00056],[16.6233,-2.00056],[16.5803,-1.9225],[16.5280661,-1.8622042],[16.604185,-1.754052],[16.617207,-1.728731],[16.61972595201633,-1.7160939153681762],[16.70596132652768,-1.5054678455804642],[16.70596132652768,-1.5054678455804633],[16.725521,-1.47996],[16.762728,-1.405856],[16.779265,-1.382395],[16.794172632677306,-1.3466753478865847],[16.81496130490454,-1.3092528752944357],[16.88398201952365,-1.2315314073519654],[16.909179,-1.211139],[16.91293627611458,-1.2067741480058654],[16.985833,-1.144444],[17.11233696921338,-1.0741315176019934],[17.112336969213388,-1.0741315176019917],[17.297683,-1.021074],[17.308018,-1.014976],[17.30960599167329,-1.0130954303425987],[17.3439395,-0.9901203],[17.360167959726493,-0.9711810457484541],[17.364965,-0.967227],[17.385429,-0.942422],[17.411474,-0.918341],[17.545863,-0.756491],[17.600128080016816,-0.6911380962015735],[17.6355922,-0.6693192],[17.648089772003807,-0.6494366911588232],[17.650943,-0.646316],[17.652261113806986,-0.6428004629173649],[17.68109878437462,-0.5969223323616617],[17.728044,-0.553092],[17.741997,-0.533351],[17.749541,-0.523429],[17.740756,-0.346179],[17.713678,-0.220916],[17.757086,-0.009456],[17.77538,0.026408],[17.854031,0.241072],[17.89340208183936,0.29617253636225815],[17.948333,0.347222],[17.968333,0.453056],[17.965833,0.477778],[17.9365221,0.5306163],[17.91530201057246,0.543051209931915],[17.893202,0.607664],[17.901001631558078,0.6792557663692663],[17.907568,0.713084],[17.907671,0.740473],[17.877906,0.867907],[17.878216,0.947178],[17.86664,1.016632],[17.892478,1.077403],[17.914803,1.102001],[17.956247,1.171661],[17.963379,1.191453],[17.966996,1.253723],[18.002033,1.365783],[18.00645943174182,1.400635676422207],[18.010939909638015,1.417315396617022],[18.070556,1.528611],[18.079167,1.649167],[18.066111,1.858983],[18.07819269528485,1.9089167746229525],[18.2729034,1.9189423],[18.3165722,1.9303123],[18.3843021,1.9290123]]]}},{"type":"Feature","properties":{"id":"CD-HK","country":"CD","name_en":"Haut-Katanga"},"geometry":{"type":"Polygon","coordinates":[[[25.79189,-11.32981],[25.78276,-11.24751],[25.86322,-11.16442],[25.86649,-11.12128],[25.83514,-11.03864],[25.85589,-11.00591],[25.93855,-10.9735],[25.98115,-10.93178],[26.0645599,-10.9500399],[26.1060696,-10.9442596],[26.1894493,-10.8795004],[26.2061996,-10.8708601],[26.2491798,-10.8701096],[26.2765102,-10.9121504],[26.2492294,-11.0365295],[26.2496109,-11.0785799],[26.2725697,-11.1292496],[26.3144703,-11.1824102],[26.3567104,-11.1636896],[26.4170895,-10.9127598],[26.4400196,-10.87644],[26.5234203,-10.8544502],[26.5747604,-10.8288898],[26.5998497,-10.7045097],[26.6009102,-10.6204004],[26.6201992,-10.5786896],[26.5961399,-10.4960403],[26.6063309,-10.4744701],[26.68717,-10.4535599],[26.9814606,-10.4882097],[27.1023598,-10.4528904],[27.1489601,-10.4075699],[27.1500397,-10.3694696],[27.1048698,-10.3281698],[27.0669899,-10.3127403],[27.0243607,-10.2685604],[26.9657192,-10.2445202],[26.9689808,-10.2035398],[27.1059056,-10.0352446],[27.1054897,-9.9938898],[27.0657692,-9.9227514],[27.0245991,-9.8997803],[26.9841805,-9.89046],[26.9419308,-9.9052296],[26.868,-9.9092398],[26.8155708,-9.9365997],[26.7336102,-9.8978395],[26.6498394,-9.8892803],[26.4404106,-9.8369598],[26.3577194,-9.8007097],[26.3391495,-9.7849102],[26.3205605,-9.7443104],[26.3201809,-9.7026196],[26.3434601,-9.6181297],[26.3341547,-9.5963707],[26.4472625,-9.485828],[26.4623263,-9.4536749],[26.4799692,-9.4405619],[26.4773754,-9.404284],[26.4630911,-9.3739782],[26.502405,-9.2702347],[26.4879573,-9.24265],[26.4671771,-9.234914],[26.4762089,-9.2273499],[26.4616698,-9.2135978],[26.4871056,-9.1872752],[26.4820517,-9.1793687],[26.4923926,-9.1729],[26.4984822,-9.1503575],[26.5254779,-9.1453552],[26.522933,-9.137321],[26.5434352,-9.1185566],[26.555427,-9.0879992],[26.5749584,-9.0802567],[26.5836501,-9.0632465],[26.6150226,-9.0604244],[26.6258946,-9.0380355],[26.6808506,-8.9895648],[26.6703636,-8.9605897],[26.6844512,-8.875787],[26.725828,-8.8427414],[26.7257177,-8.81031],[26.7121492,-8.7918345],[26.7099039,-8.7659207],[26.7213859,-8.7251751],[26.7103328,-8.6986346],[26.7139645,-8.6866945],[26.7346507,-8.6697752],[26.763227,-8.6860283],[26.7701186,-8.679582],[26.7530798,-8.6691953],[26.7589961,-8.6670297],[26.80933,-8.69835],[26.8151798,-8.7537003],[26.8570595,-8.7475595],[26.9815903,-8.6687498],[27.0234604,-8.6349297],[27.0689697,-8.5737896],[27.1072006,-8.5496798],[27.1071892,-8.5324297],[27.0605602,-8.4904099],[27.0652905,-8.4673996],[27.1486607,-8.3832302],[27.2039795,-8.24014],[27.2345505,-8.1984196],[27.3114145,-8.1524962],[27.3572807,-8.1735296],[27.4825497,-8.1317396],[27.5189705,-8.1148186],[27.5342503,-8.0731201],[27.5659294,-8.0562],[27.6489697,-8.0529003],[27.6719208,-8.0705004],[27.6948795,-8.1139698],[27.7447796,-8.1559896],[27.7768307,-8.1563196],[27.7940292,-8.1334801],[27.884161400080053,-8.147497860105505],[27.92252252690164,-8.16195328643271],[28.0256004,-8.2186804],[28.0336304,-8.2822914],[28.0671501,-8.29844],[28.1086597,-8.2901402],[28.18367,-8.2390499],[28.3180408,-8.1904202],[28.35516406688939,-8.16934685575819],[28.3883209,-8.1558704],[28.4429398,-8.1195202],[28.4724293,-8.0724201],[28.4997005,-7.9462299],[28.5441093,-7.8631701],[28.53936,-7.8214798],[28.4421005,-7.7669201],[28.4104004,-7.7363901],[28.4071102,-7.6964998],[28.4424191,-7.6242199],[28.5265293,-7.5803099],[28.5673199,-7.5824399],[28.6095791,-7.6107998],[28.6511498,-7.7681999],[28.6806698,-7.8235302],[28.7243805,-7.86447],[28.7768402,-7.8885198],[28.8187199,-7.8895602],[28.8595009,-7.86689],[28.8802509,-7.8212299],[28.9009991,-7.8003602],[28.9428806,-7.78128],[28.9851208,-7.7859201],[29.1100597,-7.8285999],[29.1464806,-7.8217502],[29.1519299,-7.7789698],[29.1704903,-7.7383399],[29.36022,-7.7072902],[29.4035702,-7.7112098],[29.4432697,-7.7374201],[29.4680691,-7.8222299],[29.4855499,-7.8448601],[29.5696793,-7.84408],[29.5922699,-7.8638301],[29.645737905946387,-7.963822825921376],[29.652207940522633,-7.98344685945499],[29.651894304917448,-7.995205207020612],[29.6367607,-8.0316496],[29.5668602,-8.1147299],[29.5373898,-8.1981401],[29.5355797,-8.2409201],[29.5596409,-8.3235703],[29.60767021251477,-8.367897506700169],[29.60767021251292,-8.36789750670045],[28.915268,-8.472867],[28.889172,-8.483099],[28.892789,-8.501909],[28.935474,-8.590792],[28.930461,-8.679883],[28.893099,-8.765769],[28.765407,-8.934027],[28.59906,-9.096395],[28.506198,-9.164401],[28.415092,-9.207085],[28.372304,-9.235094],[28.35246,-9.271991],[28.368532,-9.308578],[28.411371,-9.324908],[28.460464,-9.335036],[28.50544786815132,-9.365499426052438],[28.5053916,-9.3858526],[28.51761059891091,-9.402557637559582],[28.51761059891091,-9.402557637559598],[28.516274,-9.415548],[28.514724,-9.430018],[28.51494358149339,-9.43070874557263],[28.5132865,-9.4481997],[28.53788267173041,-9.461504093108466],[28.535243,-9.4780829],[28.55566614299719,-9.474555125121492],[28.562783,-9.484898],[28.5718717,-9.5501765],[28.585365969438776,-9.561799498101072],[28.583557,-9.563756],[28.58458318295897,-9.566150257189058],[28.5822342,-9.579206],[28.597265974077576,-9.58400254143786],[28.597265974077576,-9.584002541437862],[28.610842,-9.607888],[28.6055056,-9.6191105],[28.6235546,-9.6614815],[28.624432547324627,-9.669555946574157],[28.625157,-9.695634],[28.62843344217311,-9.706352017131717],[28.62843344217311,-9.706352017131723],[28.6182335,-9.7182047],[28.635796,-9.7468955],[28.66847,-9.7510018],[28.67084033420997,-9.756325185713875],[28.672337,-9.765501],[28.677048870639695,-9.770268550322577],[28.6705902,-9.7777605],[28.69288658638206,-9.797952968081113],[28.678073,-9.803845],[28.668462,-9.821622],[28.658695,-9.864823],[28.627947,-9.929419],[28.623865,-9.951019],[28.624848993185932,-9.960610869707057],[28.621223,-9.9971187],[28.631255,-10.023056],[28.628516,-10.102741],[28.619627,-10.141912],[28.588516063656957,-10.190551625915628],[28.57932,-10.201133],[28.569915,-10.219633],[28.6072789,-10.2614482],[28.6121152,-10.2865649],[28.627192620567037,-10.288469597349556],[28.627192620567037,-10.288469597349557],[28.6236347914433,-10.319219741873855],[28.620713,-10.327327],[28.617767,-10.348308],[28.619061364525177,-10.35874764886785],[28.6183737,-10.3646911],[28.6264204,-10.4042652],[28.642257885512045,-10.419280176861408],[28.6459481639426,-10.439551640028268],[28.645948163942595,-10.439551640028277],[28.6335701,-10.4655853],[28.634623582775873,-10.471815312173883],[28.630479,-10.481013],[28.638748,-10.496206],[28.634717,-10.505714],[28.6347239002798,-10.506172218580248],[28.6298294,-10.5182941],[28.672337,-10.564315],[28.6591725,-10.6264896],[28.6883925,-10.6375916],[28.695199969534176,-10.660081072657519],[28.695199969534176,-10.66008107265752],[28.682590260177932,-10.680400492286363],[28.6628467,-10.6846928],[28.66500302788347,-10.698118421245026],[28.651873,-10.708389],[28.633477,-10.708906],[28.627585,-10.711696],[28.625663643648753,-10.713983919268028],[28.6087259,-10.7249918],[28.60092,-10.763166],[28.576529,-10.790658],[28.563507,-10.811949],[28.554412,-10.834996],[28.55376368175087,-10.838075544354115],[28.5494168,-10.8471296],[28.54544706247014,-10.917338255122266],[28.54544706247014,-10.917338255122269],[28.537358,-10.934112],[28.535085,-10.944447],[28.531364,-10.955092],[28.5103645,-10.9702097],[28.509960036942903,-10.978803481938787],[28.507851,-10.982068],[28.506663,-10.992093],[28.508428814627454,-11.011337950657026],[28.507851,-11.023615],[28.476794,-11.077979],[28.476174,-11.087694],[28.482593354319388,-11.11948437703368],[28.487336,-11.153427],[28.47734864147189,-11.173779454870518],[28.476225,-11.175441],[28.473693,-11.181229],[28.472453,-11.191977],[28.473693,-11.22567],[28.436176,-11.289129],[28.43199,-11.31104],[28.439587,-11.348247],[28.434212,-11.351244],[28.411991,-11.368401],[28.408581,-11.372431],[28.357008,-11.446949],[28.354424,-11.464725],[28.355664,-11.518159],[28.360315,-11.533558],[28.365586,-11.54162],[28.37742,-11.571076],[28.381159178734976,-11.576181503488261],[28.3893719,-11.5948722],[28.410072785931064,-11.621022853954933],[28.42274,-11.664713],[28.418399,-11.678873],[28.425117,-11.688071],[28.437288276584997,-11.699372539198066],[28.43728827658501,-11.699372539198082],[28.418661,-11.7242929],[28.449711905707193,-11.761103385804898],[28.44971190570722,-11.761103385805068],[28.452506,-11.780779],[28.452664852339097,-11.78102431159139],[28.43559,-11.8159595],[28.4527474,-11.8400934],[28.4771818,-11.8286774],[28.4941473,-11.8468833],[28.4952739,-11.8839552],[28.5136754,-11.8772405],[28.564512548607095,-11.90191171137774],[28.564512548607095,-11.901911711377744],[28.569191,-11.91369],[28.602017360268203,-11.90725311703032],[28.623865,-11.947797],[28.636887,-11.957615],[28.686032,-11.984074],[28.707064,-11.989448],[28.711598709528428,-11.988777133517221],[28.7204485,-11.9904051],[28.741997,-11.98428],[28.751092,-11.992238],[28.754193,-12.020144],[28.759877,-12.035233],[28.8318547,-12.0934271],[28.848738153411272,-12.122953530572607],[28.850414,-12.130008],[28.859509,-12.14179],[28.918731,-12.174346],[28.944672,-12.206076],[29.026114,-12.353043],[29.030352,-12.376194],[29.0414759,-12.3840625],[29.0769277,-12.3889031],[29.0917371,-12.3759921],[29.106430117562336,-12.38514650684078],[29.11107,-12.393454],[29.11541277825398,-12.390743106050923],[29.1249994,-12.396716],[29.1753517,-12.3728042],[29.2395483,-12.3787901],[29.25711228332739,-12.367170695835904],[29.257112283327395,-12.367170695835906],[29.277767483115305,-12.384719962196208],[29.283049,-12.390457],[29.295503,-12.400999],[29.29824883496682,-12.402121522227189],[29.3217487,-12.4220877],[29.370687083220634,-12.412667304189668],[29.405936,-12.431695],[29.432601,-12.441307],[29.437487939289326,-12.44184112805838],[29.4794302,-12.4601585],[29.493432102154614,-12.453693219204766],[29.499677,-12.453089],[29.514663,-12.44389],[29.524688,-12.429214],[29.52799988550001,-12.411583911735018],[29.5304819,-12.4055717],[29.5256741,-12.3927331],[29.521021888289287,-12.391478195902831],[29.511459,-12.387356],[29.50384694629429,-12.38684536609663],[29.480453,-12.380535],[29.4605944,-12.3339659],[29.4591787,-12.3092565],[29.4823812,-12.2493992],[29.5056842,-12.2326286],[29.5313331,-12.2307705],[29.576727,-12.188092],[29.5782384,-12.1991661],[29.600151,-12.1962747],[29.6168331,-12.2213368],[29.6279299,-12.214404],[29.6464333,-12.2339679],[29.6815036,-12.2321636],[29.6971503,-12.2198421],[29.7208199,-12.2186257],[29.7161203,-12.2078868],[29.7279552,-12.1998116],[29.7375554,-12.2040918],[29.7324851,-12.1927308],[29.7416654,-12.1729114],[29.75992255429068,-12.157291671224076],[29.759922554290714,-12.157291671224074],[29.79931532151776,-12.154406145472437],[29.79931532151776,-12.15440614547244],[29.798068172900106,-13.101398998282965],[29.797953,-13.164363],[29.797747,-13.31376],[29.797643,-13.424244],[29.789676829903886,-13.440497594275584],[29.7642719,-13.4357482],[29.724497443662706,-13.457870587045374],[29.6976547,-13.4492954],[29.6724085,-13.4240065],[29.6555777,-13.4380179],[29.6384907,-13.4326782],[29.6131163,-13.4036729],[29.6217026,-13.3751374],[29.609750684132244,-13.368996218550658],[29.618946,-13.367297],[29.625147,-13.364196],[29.625715180909964,-13.361356011378557],[29.649939,-13.3497631],[29.658690101505865,-13.309660378331907],[29.658892,-13.309522],[29.663595,-13.301874],[29.667522,-13.291952],[29.669176,-13.281204],[29.666860380997093,-13.272219326577726],[29.6824472,-13.2505726],[29.6693328,-13.2534774],[29.6750143,-13.2246002],[29.6408829,-13.2435669],[29.5999166,-13.2229769],[29.5855634,-13.2036685],[29.558258707294925,-13.224536058354555],[29.551043,-13.224153],[29.54679064736022,-13.22598368698277],[29.5313546,-13.2279322],[29.449551,-13.300324],[29.378384271934195,-13.327187067351925],[29.3616164,-13.3255369],[29.35847798900613,-13.334701025539362],[29.351733435479233,-13.337246869651855],[29.33395520889761,-13.343957557511754],[29.3161594,-13.3339417],[29.311102645917114,-13.352583638198524],[29.31110264591711,-13.352583638198528],[29.308267,-13.353654],[29.301198869824713,-13.35826975039045],[29.21401,-13.408328],[29.184141,-13.436853],[29.172171410529035,-13.43449185607553],[29.1663728,-13.4042487],[29.1432553,-13.3790536],[29.1195442,-13.3675114],[29.072491642502023,-13.388592204825402],[29.072491642502012,-13.388592204825404],[29.065386,-13.388676],[29.046681,-13.388897],[29.038890478574583,-13.3917301115574],[28.993971,-13.395925],[28.98718128501415,-13.387798551793315],[28.9971279,-13.3685365],[28.978727360092876,-13.378183592697821],[28.971750242411368,-13.371490456749429],[28.958978207859307,-13.359238267880514],[28.960599,-13.3387939],[28.9169738,-13.2262223],[28.9167456,-13.1862247],[28.90439618707352,-13.166914159419527],[28.903434,-13.162296],[28.891859,-13.14731],[28.882712,-13.143589],[28.87694327721812,-13.143313622103113],[28.85367,-13.137078],[28.844213,-13.102352],[28.8251691,-13.0891711],[28.841483,-13.0711052],[28.828076048360227,-13.061909103526578],[28.83026,-13.056876],[28.830881,-13.051812],[28.82749709972469,-13.048062631415672],[28.825697,-13.0050104],[28.8171685,-12.9865241],[28.800907,-12.9833767],[28.7827222,-12.9386141],[28.7538713,-12.9415866],[28.7289591,-12.8812565],[28.6753536,-12.8464204],[28.6538062,-12.8147375],[28.6098857,-12.8329439],[28.583971,-12.888721],[28.562922720759826,-12.895314794671428],[28.5429539,-12.8678551],[28.5429539,-12.8234841],[28.5103326,-12.7785125],[28.5061282,-12.7837304],[28.4941908,-12.7749463],[28.474003,-12.736482],[28.49135474696233,-12.717081030216544],[28.500151,-12.710954],[28.511624,-12.694418],[28.51998,-12.6532076],[28.5346953,-12.6376665],[28.5207308,-12.6229888],[28.5235838,-12.6134164],[28.443257064930624,-12.56006469541191],[28.4479804,-12.5163784],[28.3991423,-12.5003868],[28.374667,-12.4605205],[28.3604397,-12.449897],[28.3488027,-12.4534256],[28.3401687,-12.4322162],[28.322832,-12.4195968],[28.2995704,-12.4169691],[28.280801,-12.4269795],[28.2575769,-12.4079431],[28.2303378,-12.4224977],[28.2199771,-12.403991],[28.1892703,-12.4013258],[28.1837145,-12.3936678],[28.1916728,-12.3800788],[28.1707261,-12.3777138],[28.1453498,-12.3988107],[28.14653300999639,-12.422561012475768],[28.131285,-12.429214],[28.110435068468455,-12.412888936267482],[28.10080595530181,-12.393283433411243],[28.100434,-12.391491],[28.096869,-12.383016],[28.095306047762623,-12.382085262707212],[28.078981,-12.3488464],[28.0566078,-12.3448673],[28.0429436,-12.3553406],[27.9908606,-12.3385431],[27.9657846,-12.3612917],[27.956049179704724,-12.359132513791526],[27.950132566711474,-12.332593352852237],[27.948454,-12.321417],[27.933881,-12.303331],[27.877037,-12.269948],[27.856676,-12.262403],[27.831407,-12.259922],[27.818281,-12.267777],[27.807274,-12.28142],[27.788309,-12.296509],[27.756734,-12.304261],[27.710742,-12.306328],[27.666197,-12.30271],[27.638189,-12.293615],[27.595297,-12.247313],[27.58982,-12.242973],[27.536076,-12.200081],[27.52047,-12.179617],[27.476531065690857,-12.055078824152872],[27.47179,-12.041641],[27.467553,-12.001644],[27.464609003774406,-11.996633377405832],[27.420734,-11.921959],[27.234182,-11.809097],[27.209998,-11.721971],[27.211961,-11.688278],[27.20762,-11.639392],[27.197182,-11.59371],[27.180129,-11.569629],[27.173617,-11.570559],[27.16914755366771,-11.572236993893371],[27.123198177803097,-11.583149553863429],[27.102201,-11.584925],[27.064373,-11.59712],[27.047070457198238,-11.596459711417813],[27.032437,-11.59433],[27.023756,-11.59557],[27.010268,-11.609833],[27.010837,-11.62885],[27.01411083587946,-11.640008548335816],[27.021482,-11.69789],[27.004422034994967,-11.719487355910335],[26.996367,-11.727035],[26.981071,-11.749049],[26.971356,-11.78853],[26.967325,-11.870385],[26.947688,-11.909143],[26.874204,-11.964333],[26.831726,-11.973325],[26.79070882424752,-11.968969092713088],[26.7684435,-11.9561327],[26.7091628,-12.0063837],[26.6889077,-11.9926248],[26.649699595106366,-11.98907522695137],[26.649699595106355,-11.989075226951364],[26.643521,-11.985521],[26.64010539411129,-11.984817196888725],[26.6083312,-11.9707154],[26.54698131249996,-11.973785777078266],[26.546981312499952,-11.973785777078266],[26.5392944,-11.9618387],[26.4999318,-11.9520049],[26.4779323,-11.9186363],[26.4314572,-11.9106724],[26.4154985809686,-11.912105320487477],[26.414594,-11.91183],[26.376353,-11.912863],[26.339146,-11.918961],[26.328811,-11.923302],[26.319504812054028,-11.92957136702843],[26.298012,-11.941182],[26.265559,-11.930847],[26.229592,-11.933121],[26.206688739404232,-11.921951375786474],[26.189078,-11.9109],[26.16665,-11.902425],[25.98856488046584,-11.904055880948873],[25.949816,-11.863978],[25.935553,-11.853642],[25.930203279632828,-11.851626290180436],[25.890207090719066,-11.82643746832897],[25.8869431,-11.8082625],[25.856038291657406,-11.79755175641718],[25.855765,-11.797212],[25.850701,-11.793801],[25.839849,-11.791941],[25.832511,-11.793801],[25.828987083886087,-11.795434389458567],[25.801608,-11.80424],[25.725644,-11.800519],[25.666409591758114,-11.75998182104772],[25.666409591758107,-11.759981821047711],[25.6510647,-11.7314337],[25.623086212783384,-11.729916228640278],[25.621464,-11.728895],[25.575679,-11.727345],[25.567824,-11.733753],[25.56493,-11.743985],[25.561003,-11.753287],[25.550254,-11.756594],[25.537645,-11.758351],[25.530617,-11.764242],[25.524519,-11.77096],[25.515217,-11.775818],[25.48777961973724,-11.773080003064182],[25.4993525,-11.7512954],[25.4922705,-11.7082938],[25.66704,-11.53909],[25.77261,-11.38697],[25.79189,-11.32981]]]}},{"type":"Feature","properties":{"id":"CD-HL","country":"CD","name_en":"Haut-Lomami"},"geometry":{"type":"Polygon","coordinates":[[[27.6489697,-8.0529003],[27.6063499,-8.0514898],[27.5659294,-8.0562],[27.5342503,-8.0731201],[27.5189705,-8.1148186],[27.456351009446674,-8.140479537879472],[27.3572807,-8.1735296],[27.3114145,-8.1524962],[27.2345505,-8.1984196],[27.2039795,-8.24014],[27.1486607,-8.3832302],[27.0652905,-8.4673996],[27.0605602,-8.4904099],[27.1071892,-8.5324297],[27.1072006,-8.5496798],[27.0689697,-8.5737896],[27.0234604,-8.6349297],[26.8570595,-8.7475595],[26.8151798,-8.7537003],[26.80933,-8.69835],[26.7589961,-8.6670297],[26.7530798,-8.6691953],[26.7701186,-8.679582],[26.763227,-8.6860283],[26.7346507,-8.6697752],[26.7139645,-8.6866945],[26.7103328,-8.6986346],[26.7213859,-8.7251751],[26.7099039,-8.7659207],[26.7121492,-8.7918345],[26.7257177,-8.81031],[26.725828,-8.8427414],[26.6844512,-8.875787],[26.6703636,-8.9605897],[26.6808506,-8.9895648],[26.6258946,-9.0380355],[26.6150226,-9.0604244],[26.5836501,-9.0632465],[26.5749584,-9.0802567],[26.555427,-9.0879992],[26.5434352,-9.1185566],[26.522933,-9.137321],[26.5254779,-9.1453552],[26.4984822,-9.1503575],[26.4923926,-9.1729],[26.4820517,-9.1793687],[26.4871056,-9.1872752],[26.4616698,-9.2135978],[26.4762089,-9.2273499],[26.4671771,-9.234914],[26.4879573,-9.24265],[26.502405,-9.2702347],[26.4630911,-9.3739782],[26.4773754,-9.404284],[26.4799692,-9.4405619],[26.4623263,-9.4536749],[26.4472625,-9.485828],[26.3341547,-9.5963707],[26.2309303,-9.6308002],[26.0921803,-9.6596498],[26.0226192,-9.6679697],[25.9807301,-9.6629696],[25.9191704,-9.6173697],[25.7709103,-9.5373297],[25.7038803,-9.4913702],[25.6889496,-9.4888601],[25.6467094,-9.5047102],[25.5618305,-9.4530201],[25.5217705,-9.4566402],[25.4926491,-9.4944],[25.4944897,-9.5346603],[25.5210991,-9.6180296],[25.5181999,-9.6608],[25.5367908,-9.7017603],[25.5276909,-9.7431002],[25.3128605,-9.8651104],[25.1038303,-9.9296103],[25.0583096,-9.95193],[24.97967,-10.03466],[24.95563,-10.03467],[24.89552,-9.96535],[24.81285,-9.9841],[24.72981,-9.97338],[24.64605,-9.99393],[24.56228,-9.98968],[24.5193,-9.97318],[24.47851,-9.97069],[24.43409,-9.99373],[24.41551,-9.99338],[24.39584,-9.97974],[24.26982,-9.95755],[24.22866,-9.92703],[24.19953,-9.95221],[24.18716,-9.98241],[24.14914,-10.00743],[24.146,-9.96698],[24.049162495699992,-9.915352145634547],[24.029181136107635,-9.89668908426716],[24.01905550339729,-9.883528288414384],[24.00461716139848,-9.847429562971628],[23.99589,-9.78486],[24.0854397,-9.6607904],[24.1203594,-9.5346003],[24.1476593,-9.4928904],[24.1658497,-9.4094896],[24.15524,-9.28441],[24.1869202,-9.2570696],[24.3114605,-9.2188797],[24.3544292,-9.1965599],[24.3547897,-9.1800299],[24.2709808,-9.0341597],[24.2305298,-8.9817104],[24.1056004,-8.9422703],[24.0094299,-8.8672199],[23.8553391,-8.7763996],[23.8123608,-8.7624102],[23.745483454811716,-8.754750226298107],[23.68391387543037,-8.742616641078973],[23.668277724541202,-8.71926563366952],[23.6265697,-8.6166201],[23.6294708,-8.5752802],[23.6709595,-8.4904203],[23.6756706,-8.4066696],[23.7153397,-8.3246899],[23.7215195,-8.28335],[23.7181892,-8.1173],[23.6865939,-7.997032],[23.7199806,-7.915579],[23.7380496,-7.9428887],[23.7578041,-7.9448124],[23.7591467,-7.9661357],[23.8173364,-7.9531849],[23.816816,-7.9675771],[23.8393075,-7.9605045],[23.8704163,-7.8961508],[23.8947946,-7.8964491],[23.9038365,-7.9072386],[23.9176268,-7.9035832],[23.9372397,-7.9154026],[23.9661808,-7.8885607],[23.9532312,-7.8672529],[23.9641399,-7.8446874],[23.9671163,-7.8034356],[23.9221291,-7.7184812],[23.9364483,-7.6905913],[23.925747,-7.6825377],[23.9353748,-7.6756422],[23.9280945,-7.6428802],[23.9396614,-7.6314308],[23.9311634,-7.6239444],[23.941888,-7.5985771],[23.9254622,-7.5702764],[23.9387213,-7.556805],[23.931727,-7.5281421],[23.953063,-7.5155837],[23.9628312,-7.4912652],[23.9575093,-7.4867169],[23.9684024,-7.4760999],[23.9803998,-7.390061],[24.0100221,-7.3753292],[24.0127772,-7.3639829],[23.9980549,-7.3464577],[23.970346,-7.3420726],[23.9665653,-7.3239258],[23.9788385,-7.3085163],[23.9809414,-7.270164],[23.9897521,-7.2619934],[23.9679356,-7.2362635],[23.9627903,-7.2068352],[23.984909,-7.2005657],[23.9872584,-7.1844296],[24.0141039,-7.1642223],[24.0327265,-7.124009],[24.05248,-7.109425],[24.0688964,-7.0671281],[24.1226736,-7.0682362],[24.1297467,-7.046436],[24.145929,-7.0481005],[24.1506801,-7.0169621],[24.1335225,-6.9993063],[24.1564875,-6.9837338],[24.1225349,-6.9467021],[24.1521508,-6.9443183],[24.1597937,-6.9354698],[24.149658,-6.920636],[24.1516211,-6.9031176],[24.1891104,-6.9095135],[24.1956711,-6.9248772],[24.2090231,-6.9290522],[24.2315054,-6.9736383],[24.232192,-6.9959165],[24.2191726,-7.0103935],[24.23463,-7.0187704],[24.2696568,-7.0138361],[24.2996908,-7.0330844],[24.3121689,-7.0304177],[24.327015,-7.0501236],[24.3467391,-7.0580949],[24.3827991,-7.05972],[24.4011562,-7.0475807],[24.5168279,-7.064999],[24.5409241,-7.0037385],[24.5582488,-7.0227581],[24.660295,-7.0019042],[24.6476743,-6.9815093],[24.6481178,-6.9622222],[24.6600496,-6.9584415],[24.6582033,-6.9514803],[24.6728235,-6.9592716],[24.6988706,-6.9544639],[24.7142706,-6.9331518],[24.7291023,-6.9278344],[24.7264194,-6.9199963],[24.7344613,-6.9198915],[24.7516802,-6.8901818],[24.7824056,-6.8920695],[24.8269563,-6.8396101],[24.9118996,-6.7863898],[24.9060993,-6.7213898],[24.9269009,-6.68472],[24.9496994,-6.6658301],[25.0580997,-6.6580601],[25.1557999,-6.6730599],[25.2182999,-6.6988902],[25.2528,-6.7238898],[25.2856007,-6.7622199],[25.3035694,-6.8171686],[25.3765841,-6.7970339],[25.4522414,-6.7354606],[25.4412103,-6.7162711],[25.4523728,-6.7147513],[25.4471404,-6.6982451],[25.4713435,-6.6701599],[25.471081,-6.6091873],[25.417735,-6.569941],[25.4151083,-6.5521346],[25.404155,-6.5578629],[25.3857144,-6.5400598],[25.3782696,-6.552005],[25.3653327,-6.5458373],[25.3212924,-6.4987582],[25.3229745,-6.4892566],[25.2865171,-6.4676736],[25.2693813,-6.433669],[25.3033295,-6.4245843],[25.309727,-6.3863922],[25.3706183,-6.3805895],[25.4020258,-6.3448462],[25.4085357,-6.3565636],[25.4324309,-6.3591626],[25.4470037,-6.3328421],[25.4636629,-6.3283669],[25.4907201,-6.3412608],[25.5209302,-6.2976227],[25.5534605,-6.3001959],[25.6119525,-6.2851005],[25.6861803,-6.2802008],[25.7035824,-6.2448734],[25.7175712,-6.2494034],[25.7489461,-6.2291564],[25.8110561,-6.2122993],[25.8333836,-6.1866464],[25.824022,-6.1618361],[25.8568711,-6.1608131],[25.9404661,-6.2129129],[25.9512793,-6.2250326],[25.9475002,-6.2922201],[25.9666996,-6.3080602],[25.9913998,-6.3033299],[26.0358009,-6.2602801],[26.1438503,-6.2617302],[26.1635704,-6.3614302],[26.1479301,-6.4232702],[26.1053391,-6.4703898],[26.0660095,-6.4858699],[25.9807892,-6.4974399],[25.9414692,-6.5294499],[25.9531498,-6.6110401],[25.9826603,-6.6631298],[26.0241909,-6.6961699],[26.1075993,-6.71839],[26.1483994,-6.7420802],[26.1353092,-6.8204498],[26.1619091,-6.8617702],[26.1622906,-6.9049001],[26.1856194,-6.9458599],[26.2737694,-7.0018601],[26.31637,-6.96697],[26.3535194,-6.9877801],[26.3571796,-7.0197701],[26.4402199,-7.0452299],[26.4642696,-7.0714502],[26.4610004,-7.1127901],[26.4227791,-7.15451],[26.3915364,-7.165685],[26.4015172,-7.1923727],[26.3815138,-7.2213641],[26.3839615,-7.26256],[26.3725232,-7.2794376],[26.3853092,-7.2796202],[26.4366703,-7.32128],[26.4610901,-7.3633099],[26.518259,-7.3629098],[26.5408592,-7.4049501],[26.6107998,-7.4465899],[26.622988450092386,-7.450572761860747],[26.6494102,-7.46525],[26.672779671800278,-7.466842944074298],[26.6920204,-7.4731302],[26.7747002,-7.4737902],[26.8992805,-7.5560002],[26.9830608,-7.5811],[27.012868194927382,-7.585004137966481],[27.02421,-7.5879002],[27.1494999,-7.6029],[27.1913795,-7.5996399],[27.2310696,-7.5704899],[27.2758503,-7.5057602],[27.3166294,-7.4895601],[27.5256805,-7.4958701],[27.65098,-7.5299201],[27.6837692,-7.57303],[27.6816292,-7.6984701],[27.6896496,-7.73944],[27.7461205,-7.7807398],[27.7748909,-7.7857499],[27.8167706,-7.7670298],[27.8582897,-7.77598],[27.86413,-7.82306],[27.8579693,-7.9046602],[27.8248501,-7.9898701],[27.822355033057587,-8.007868321067729],[27.8143005,-8.0312099],[27.8074093,-8.1156797],[27.7768307,-8.1563196],[27.737692096797435,-8.150021366127298],[27.6948795,-8.1139698],[27.6719208,-8.0705004],[27.6489697,-8.0529003]]]}},{"type":"Feature","properties":{"id":"CD-HU","country":"CD","name_en":"Haut-Uele"},"geometry":{"type":"Polygon","coordinates":[[[30.3334,3.32765],[30.30252,3.29596],[30.30809,3.25307],[30.30057,3.19707],[30.27384,3.10576],[30.18844,3.02996],[30.13759,2.9735],[30.11838,2.93673],[30.11118,2.90146],[30.17134,2.86669],[30.17693,2.81217],[30.14968,2.78594],[30.1644,2.72308],[30.16417,2.666],[30.129,2.59721],[30.10932,2.45103],[30.0418091,2.35636],[29.9807606,2.3027799],[29.9693299,2.2802008],[29.9593842,2.2822806],[29.955672,2.2715817],[29.9396432,2.2816052],[29.9253094,2.2560021],[29.934676,2.248208],[29.9221233,2.2183402],[29.9281314,2.2104496],[29.9176515,2.1915723],[29.921943,2.1800793],[29.886246,2.1794017],[29.8800662,2.1694525],[29.8793796,2.1806025],[29.8713115,2.1768287],[29.8402901,2.1090701],[29.7998409,2.1238799],[29.7388706,2.1928201],[29.6845798,2.2079699],[29.6135597,2.2107201],[29.5862293,2.22229],[29.5810509,2.2553599],[29.6180496,2.3194301],[29.6048508,2.3557501],[29.6327095,2.4321499],[29.6301308,2.4466901],[29.6108093,2.4535601],[29.4965305,2.4303999],[29.3527298,2.4173501],[29.26264,2.4807701],[29.2531395,2.4963801],[29.2301807,2.5046899],[29.1851006,2.4707799],[29.1619091,2.42238],[29.1076393,2.4284401],[29.04179,2.4043],[28.9146404,2.27823],[28.7335701,2.3196399],[28.7828638,2.2292608],[28.7625578,2.1869753],[28.744732,2.2085054],[28.7314014,2.2072663],[28.6839692,2.2397932],[28.6376281,2.2495101],[28.6114947,2.2680709],[28.5819024,2.3324558],[28.565652,2.3247569],[28.5488653,2.3320275],[28.4426886,2.2690967],[28.4129793,2.2612629],[28.3535607,2.3181602],[28.3126953,2.336722],[28.2953801,1.969321],[28.2496109,1.85905],[28.1889896,1.78039],[28.1556606,1.70652],[28.0128193,1.74764],[27.8467197,1.7741801],[27.7253094,1.8408],[27.6365395,1.80533],[27.57934,1.81866],[27.5585995,1.81352],[27.5302505,1.79092],[27.5125294,1.73562],[27.53339,1.6913199],[27.5782604,1.65688],[27.6107807,1.60788],[27.6665802,1.57019],[27.7368908,1.5576299],[27.7532997,1.54712],[27.7508507,1.5024],[27.7243309,1.4790699],[27.6912098,1.4702801],[27.6263809,1.47595],[27.4587402,1.53628],[27.3581969,1.535307],[27.3505155,1.5608675],[27.291017,1.5445649],[27.1913269,1.5720501],[27.2110679,1.581619],[27.2082555,1.5982296],[27.2164886,1.5879558],[27.2364275,1.6066599],[27.2472026,1.5895056],[27.275688,1.5994727],[27.2693558,1.6097557],[27.2770349,1.648525],[27.2922261,1.6604752],[27.2886595,1.6767322],[27.3014719,1.6732428],[27.3060776,1.702837],[27.2968262,1.706502],[27.3134522,1.721454],[27.3169158,1.7397402],[27.331846,1.7406583],[27.3624965,1.7789925],[27.3472911,1.8332056],[27.3711204,1.8527129],[27.402212,1.8556617],[27.405658146490982,1.861744189749447],[27.4101551,1.8629201],[27.4128785,1.8744882],[27.3910917,1.8994387],[27.3550073,1.98268],[27.3125684,2.0207837],[27.269795159789414,2.0411919348361636],[27.2649605,2.045314],[27.26355657837227,2.044168525666757],[27.2611558,2.045314],[27.25191667368329,2.034671405742649],[27.235791,2.0215143],[27.236051408288468,2.0163961298567785],[27.2343818,2.0144729],[27.236294733521987,2.011613717005685],[27.2366365,2.0048965],[27.2503053,1.9906727],[27.247126,1.9618106],[27.2335468,1.9570735],[27.2255001,1.9342],[27.20261,1.91234],[27.1451818,1.8906128],[27.1164064,1.9089171],[27.078298,1.9018344],[27.049084,1.9170838],[27.032147292725632,1.916151814204175],[27.030686500053793,1.9183576381468581],[27.0443719,1.94318],[27.040443236310317,1.9522434694159883],[27.0376798,1.9984355],[27.0493522,2.0140293],[27.0567352,2.0548647],[27.0502086,2.1149029],[27.0666213,2.1365381],[27.0827723,2.1340808],[27.0904582,2.1554872],[27.1032452,2.1557667],[27.1152595,2.171236],[27.1230187,2.2240014],[27.1460548,2.2488739],[27.1435669,2.2719937],[27.156333,2.2710194],[27.1750622,2.2929707],[27.1799387,2.3604362],[27.1402702,2.4091499],[27.1316395,2.52002],[27.11446,2.5501499],[26.9609203,2.49419],[26.9131794,2.5104401],[26.8716202,2.5336101],[26.8697701,2.5448799],[26.9097309,2.5875001],[26.96521,2.6872399],[27.0139198,2.7237],[27.0792007,2.83763],[27.1137905,2.8362501],[27.1582603,2.8148999],[27.2340393,2.7983501],[27.3226204,2.7574699],[27.3568497,2.75682],[27.4125309,2.7729299],[27.5776501,2.8543701],[27.5995846,2.8793813],[27.5972595,2.9101884],[27.5461072,2.9730383],[27.541147,3.0227275],[27.6016234,3.003487],[27.6781405,3.0365562],[27.7020961,3.0748307],[27.6615875,3.0847971],[27.6688165,3.1203653],[27.657966,3.1586368],[27.6836127,3.1997208],[27.6885447,3.2946861],[27.686912,3.3083068],[27.6754642,3.3078861],[27.6664552,3.3230572],[27.6456217,3.3125928],[27.6234231,3.3260624],[27.6250871,3.3114714],[27.6123627,3.3064963],[27.5929808,3.3215332],[27.5758041,3.3152305],[27.5616741,3.3317051],[27.5494359,3.3057963],[27.5277902,3.3130827],[27.5197891,3.3031381],[27.5129899,3.3148792],[27.4912738,3.3047324],[27.4868427,3.315839],[27.4702675,3.3173008],[27.450817,3.2964085],[27.4356961,3.2947095],[27.4260431,3.3239353],[27.4140486,3.3042103],[27.3804585,3.3025035],[27.3769606,3.2702326],[27.3633787,3.2737239],[27.3630895,3.2929069],[27.3565158,3.2938576],[27.3377747,3.2848327],[27.3448765,3.2658817],[27.3245438,3.272744],[27.3017114,3.2520238],[27.2210407,3.3756199],[27.2188091,3.39961],[27.2350998,3.4374499],[27.3157406,3.52124],[27.3436794,3.5671101],[27.3419209,3.69362],[27.3283773,3.7697586],[27.3105559,3.7753095],[27.2996534,3.828486],[27.2498734,3.8964983],[27.2562,3.91737],[27.22046,3.93983],[27.18012,4.06152],[27.18177,4.13278],[27.21746,4.28991],[27.21475,4.3597],[27.18008,4.39198],[27.07985,4.43138],[27.04921,4.4553],[27.02619,4.49015],[26.9788,4.51004],[26.96565,4.5271],[26.98961,4.71546],[27.02509,4.80534],[27.03406,4.85952],[27.02562,4.88786],[26.99239308749996,4.9028196280260365],[26.98567903311596,4.916141339210902],[26.976279161347264,4.941506072554999],[27.0029998,5.1606538],[27.002405941752325,5.16233223716111],[27.0042988,5.1769923],[27.0210041,5.1756112],[27.021812,5.1862861],[27.073675,5.203327],[27.11636,5.200304],[27.239712,5.144881],[27.262811,5.138447],[27.27364652613924,5.137202978666482],[27.304395162677608,5.130245796286818],[27.323058161259553,5.115819096452255],[27.328647,5.1108],[27.342754,5.100594],[27.351384,5.097339],[27.361203,5.095478],[27.37801562414264,5.094523936339186],[27.391382,5.092223],[27.405335,5.082843],[27.414843,5.080725],[27.441301,5.070725],[27.43634,5.013158],[27.441818,5.007964],[27.447864,5.003468],[27.451786728854824,5.001308910265773],[27.501349,4.96329],[27.509168278021843,4.93262179139325],[27.509204,4.932439],[27.509224705879205,4.932400474118688],[27.5119998,4.9215162],[27.52298349266254,4.9154960273305495],[27.532562,4.907583],[27.5460051685503,4.902877824305159],[27.5736025,4.8877517],[27.5850653,4.8957835],[27.640979,4.890943],[27.658756,4.879652],[27.671882,4.855906],[27.679736,4.814488],[27.685938,4.797899],[27.699063,4.787435],[27.706505,4.787435],[27.716875087020227,4.790305057198282],[27.734823,4.793197],[27.7526,4.777668],[27.766863,4.735449],[27.758801,4.677157],[27.760765,4.635997],[27.765209,4.612071],[27.772444,4.595819],[27.809238,4.58799],[27.82188927843486,4.576961119431305],[27.83766,4.559981],[27.849132,4.553212],[27.856935,4.552462],[27.872751555653775,4.554793222046181],[27.8933832,4.5392071],[27.9273374,4.5373523],[27.941240046832338,4.560787412681571],[27.944526,4.557294],[27.951244,4.55595],[27.96251,4.557449],[28.014031,4.550033],[28.013029221731,4.524937556710756],[28.012119,4.521766],[28.008915,4.499081],[28.009587,4.488383],[28.011241,4.480141],[28.014186,4.472209],[28.019044,4.462752],[28.04974,4.419137],[28.059765,4.420067],[28.074323139439215,4.435581243662182],[28.0841612,4.4167997],[28.0906242,4.438329],[28.103636215264792,4.439782698860143],[28.108971503820506,4.430966173588515],[28.112371,4.414641],[28.140225,4.37932],[28.158725,4.360794],[28.177587,4.347229],[28.216965,4.342036],[28.303161,4.352242],[28.336854,4.327489],[28.345846,4.306379],[28.349101,4.292349],[28.357421,4.282866],[28.381502,4.275296],[28.404137,4.277828],[28.410423493095944,4.281665447828788],[28.4616292,4.2929426],[28.4896428,4.3229446],[28.502606,4.350017],[28.4977373,4.3574188],[28.5133305,4.3638008],[28.513356356687733,4.372986687806035],[28.531801624759833,4.373215970096158],[28.538495,4.371827],[28.54821,4.37082],[28.557306,4.373533],[28.564282,4.382602],[28.56506191965721,4.386302203429275],[28.584068,4.3840647],[28.602016922872238,4.417255070898165],[28.602016922872245,4.4172550708981655],[28.6692044,4.4293608],[28.6895686,4.4787171],[28.7029889,4.4890123],[28.6976569,4.5106953],[28.7144377,4.5137464],[28.7240512,4.5261338],[28.71806333524468,4.533988],[28.72453,4.533988],[28.738173,4.540887],[28.740775576780837,4.543411937137179],[28.7448709,4.5451112],[28.769204207339424,4.549741195091977],[28.783648,4.530371],[28.785095,4.507995],[28.789953,4.48859],[28.815274,4.478281],[28.9363574,4.4768858],[28.996957761588,4.48553476244309],[29.042341,4.455336],[29.053193,4.450789],[29.055983,4.4365],[29.10983,4.412367],[29.173495,4.348004],[29.19613,4.337075],[29.221296,4.340692],[29.223398271909783,4.345249293098074],[29.25209,4.3538503],[29.257501530252622,4.387664050497626],[29.27690416506361,4.385838662156824],[29.28739,4.383584],[29.291485378756885,4.384466870246616],[29.3080668,4.3829069],[29.3468929,4.3972808],[29.3554129,4.4490125],[29.3691149,4.4705627],[29.4037667,4.4728196],[29.4308921,4.5001433],[29.4482608,4.5286088],[29.4450771,4.5619931],[29.4771328,4.5990272],[29.466585683327448,4.671128911057427],[29.494096,4.668295],[29.502842519840442,4.660927612721504],[29.508462,4.65535],[29.513268,4.652146],[29.540501690313057,4.659092506377223],[29.576675,4.644446],[29.618533,4.641578],[29.660287,4.622122],[29.67866650074449,4.607944978312285],[29.700802,4.5883],[29.715323,4.57967],[29.722919,4.578197],[29.73483850234395,4.581259884585931],[29.734838502343955,4.581259884585931],[29.7496478,4.5697279],[29.757463439239608,4.577814348365752],[29.75746343923961,4.577814348365751],[29.774492,4.5675],[29.780684793377258,4.564924815311975],[29.796713,4.556028],[29.777696,4.523859],[29.778523,4.5151],[29.782967195095097,4.50448783969783],[29.786998,4.489675],[29.785654,4.479366],[29.776766,4.449342],[29.776198,4.405624],[29.787825,4.368804],[29.814852,4.346764],[29.834204230028302,4.346982275692664],[29.8415523,4.3353564],[29.882703,4.344025],[29.930348,4.308653],[29.940115,4.288344],[29.935897749344086,4.277050283031808],[29.929315,4.268371],[29.923217,4.257752],[29.924147,4.245582],[29.932157,4.236151],[29.942647,4.233774],[29.95035358442952,4.233808105849176],[29.9570206,4.2308128],[29.9735627,4.2099463],[29.993296021803413,4.213054959194549],[30.019251141753298,4.171222973314317],[30.027913,4.15445],[30.0429,4.133108],[30.057782,4.123651],[30.07850809436286,4.1194320782617],[30.122688,4.102464],[30.137983842658237,4.061882689565071],[30.138501,4.059702],[30.147493,4.036654],[30.178085,3.997096],[30.180359,3.986218],[30.180462,3.97565],[30.182116,3.965521],[30.189351,3.95609],[30.205887,3.95038],[30.208527508509395,3.950342255838156],[30.2202908,3.9323286],[30.2308407,3.941206],[30.2372736,3.9328432],[30.2598152,3.9480588],[30.293399497599623,3.9422172600383467],[30.2964684,3.9143124],[30.3124029,3.9255961],[30.3309296,3.9170571],[30.34499124579276,3.923671994411003],[30.3819236,3.8919949],[30.3957242,3.8917154],[30.4058613,3.8670694],[30.448831344106548,3.870153237443356],[30.4668002,3.8327289],[30.5297574,3.8556636],[30.53889,3.84155],[30.562248,3.675332],[30.5491497336899,3.6239055090285217],[30.543438,3.617868],[30.543024,3.612907],[30.545783142891132,3.6106875802417053],[30.4854,3.57156],[30.38765,3.48664],[30.35443,3.36624],[30.3334,3.32765]]]}},{"type":"Feature","properties":{"id":"CD-IT","country":"CD","name_en":"Ituri"},"geometry":{"type":"Polygon","coordinates":[[[29.8969209,0.8455652],[29.8763082,0.8703755],[29.8791406,0.8941693],[29.8645279,0.9034379],[29.8680233,0.9485013],[29.8605995,0.96361],[29.7810993,0.93417],[29.7269001,0.87861],[29.6769009,0.88611],[29.5853004,0.88139],[29.5741997,0.85861],[29.5816994,0.83667],[29.5639,0.81556],[29.5111008,0.82111],[29.4283009,0.86],[29.4027996,0.85667],[29.3652992,0.79361],[29.3596992,0.75583],[29.3843994,0.72222],[29.4708004,0.69222],[29.4836006,0.6675],[29.4466991,0.63194],[29.4097004,0.61556],[29.3857994,0.61611],[29.335652,0.6465551],[29.326039,0.6374576],[29.3171126,0.5856188],[29.3068129,0.5827008],[29.2439849,0.6132548],[29.2300803,0.6565108],[29.2115409,0.6777954],[29.1739006,0.68667],[29.1499996,0.68611],[29.1107998,0.66833],[29.0527992,0.62167],[29.0116997,0.61194],[28.8155994,0.63194],[28.7238998,0.62306],[28.5571995,0.58611],[28.5207996,0.59833],[28.4825001,0.62639],[28.3899994,0.72778],[28.3502998,0.74083],[28.0625,0.70111],[27.9589195,0.65873],[27.9245605,0.71464],[27.9179306,0.74552],[27.9257908,0.81352],[27.9671192,0.89177],[27.9670506,0.9194],[27.956821289555894,0.9394226849613966],[27.9553394,0.94628],[27.943760950481433,0.9649867790619505],[27.9414501,0.96951],[27.94025327702927,0.9706539689724679],[27.9337692,0.98113],[27.8841496,1.02428],[27.755197036617496,1.0591444252425297],[27.73395295708674,1.070377505679714],[27.722769279363444,1.078187157018948],[27.71859883434885,1.0860349923194275],[27.71141540767013,1.1205457811911075],[27.7183399,1.23549],[27.71546368437266,1.2467436468003776],[27.7161102,1.25693],[27.711232256155792,1.2632997763760534],[27.7098904,1.26855],[27.69868780117934,1.2796807302188038],[27.6905403,1.29032],[27.68549502766714,1.2927888674602506],[27.6803207,1.29793],[27.6241894,1.32544],[27.61956516009338,1.3250511704585342],[27.6136208,1.32796],[27.5353508,1.31797],[27.5134392,1.34737],[27.4685802,1.37526],[27.425660684869133,1.438241406573047],[27.3882661,1.533653],[27.4587402,1.53628],[27.5903091,1.4849499],[27.61713405514985,1.479277725008363],[27.6263809,1.47595],[27.63744989457716,1.4749819118116607],[27.6617203,1.4698499],[27.67817248812122,1.4714203361388438],[27.6912098,1.4702801],[27.705243335637572,1.4740043715835864],[27.7123203,1.4746799],[27.714968863743874,1.4765853681974899],[27.7243309,1.4790699],[27.7508507,1.5024],[27.7532997,1.54712],[27.7368908,1.5576299],[27.687622094783023,1.5664311314557937],[27.660214432792234,1.5744897834400062],[27.6107807,1.60788],[27.5782604,1.65688],[27.529801575929977,1.698940368497762],[27.5125294,1.73562],[27.5302505,1.79092],[27.568635982053706,1.8160072841906443],[27.571080242490527,1.8166130313348912],[27.6365395,1.80533],[27.72904340384393,1.8387510884769886],[27.8467197,1.7741801],[28.0128193,1.74764],[28.1556606,1.70652],[28.1636505,1.71308],[28.17791743639783,1.7558497880136734],[28.186484494970333,1.7748377149466987],[28.2496109,1.85905],[28.2953801,1.969321],[28.3126953,2.336722],[28.3535607,2.3181602],[28.4129793,2.2612629],[28.4426886,2.2690967],[28.5488653,2.3320275],[28.565652,2.3247569],[28.5819024,2.3324558],[28.6114947,2.2680709],[28.6376281,2.2495101],[28.6839692,2.2397932],[28.7314014,2.2072663],[28.744732,2.2085054],[28.7625578,2.1869753],[28.7828638,2.2292608],[28.7335701,2.3196399],[28.9146404,2.27823],[29.04179,2.4043],[29.1076393,2.4284401],[29.1619091,2.42238],[29.1851006,2.4707799],[29.2301807,2.5046899],[29.2531395,2.4963801],[29.26264,2.4807701],[29.3527298,2.4173501],[29.4965305,2.4303999],[29.6108093,2.4535601],[29.6301308,2.4466901],[29.6327095,2.4321499],[29.6048508,2.3557501],[29.6180496,2.3194301],[29.5810509,2.2553599],[29.5862293,2.22229],[29.6135597,2.2107201],[29.6845798,2.2079699],[29.7388706,2.1928201],[29.7998409,2.1238799],[29.8402901,2.1090701],[29.8713115,2.1768287],[29.8793796,2.1806025],[29.8800662,2.1694525],[29.886246,2.1794017],[29.921943,2.1800793],[29.9176515,2.1915723],[29.9281314,2.2104496],[29.9221233,2.2183402],[29.934676,2.248208],[29.9253094,2.2560021],[29.9396432,2.2816052],[29.955672,2.2715817],[29.9593842,2.2822806],[29.9693299,2.2802008],[29.9807606,2.3027799],[30.0418091,2.35636],[30.10932,2.45103],[30.129,2.59721],[30.16417,2.666],[30.1644,2.72308],[30.14968,2.78594],[30.17693,2.81217],[30.17134,2.86669],[30.11118,2.90146],[30.115851363159006,2.9243431914747413],[30.13759,2.9735],[30.27384,3.10576],[30.30057,3.19707],[30.30809,3.25307],[30.30252,3.29596],[30.3334,3.32765],[30.35443,3.36624],[30.38765,3.48664],[30.4854,3.57156],[30.545783142891132,3.6106875802417053],[30.545783142891132,3.6106875802417058],[30.553463,3.60451],[30.562248,3.601358],[30.572635,3.601047],[30.592427,3.603528],[30.59325390922837,3.6037364300590022],[30.6266173,3.6062957],[30.670317068232272,3.6320348622875156],[30.693351,3.63195],[30.69984664161226,3.6355683509239305],[30.7272724,3.6232982],[30.7356054,3.6409911],[30.7576571,3.6362834],[30.7546281,3.6555282],[30.76220039143295,3.6638333244236025],[30.7709443310094,3.632116087610666],[30.772261,3.617558],[30.779082,3.602598],[30.792105,3.592702],[30.823214,3.580429],[30.837683,3.562678],[30.827658,3.511105],[30.839543,3.490202],[30.849101855408218,3.49372915378781],[30.8695683,3.4780262],[30.8969867,3.503127],[30.90650422064784,3.501312404095247],[30.902899,3.458911],[30.904449,3.447465],[30.909793040567095,3.436280629412641],[30.916335,3.414806],[30.88521793020583,3.361722379284932],[30.868482,3.343337],[30.84869,3.309256],[30.846882,3.304399],[30.845685139752316,3.2942821071730704],[30.842437,3.288741],[30.832971214525447,3.2853206762944516],[30.825746,3.283677],[30.822129,3.281403],[30.804197,3.246005],[30.763416,3.123437],[30.74787,3.076713],[30.743839,3.055474],[30.745079,3.036302],[30.757068,3.02147],[30.792605244221907,2.9967397111246985],[30.82094,2.973153],[30.843988,2.932794],[30.85484,2.89321],[30.853393,2.853367],[30.828691,2.786084],[30.80614801229544,2.7719303204828574],[30.80585,2.771873],[30.801613,2.769083],[30.799133,2.76345],[30.79908324236594,2.7610649988156406],[30.7802443917608,2.701355750613255],[30.770779,2.675847],[30.764303,2.658392],[30.762013,2.645781],[30.761254,2.641597],[30.758928,2.633794],[30.739395,2.603305],[30.73526,2.593073],[30.73402,2.574469],[30.736211036524868,2.5532691173064648],[30.737017,2.519537],[30.725939340635446,2.4979277896485312],[30.71676,2.483105],[30.707665,2.46228],[30.710559,2.445123],[30.724925,2.440782],[30.74857151737017,2.440555567377515],[30.7514284,2.4200762],[30.7779286,2.438698],[30.806629185592715,2.424993478711446],[30.807142,2.422179],[30.806987,2.406986],[30.809675,2.392362],[30.819803,2.37598],[30.83634,2.356343],[30.854943,2.339703],[30.87179,2.332055],[30.8880979499051,2.3399310661373303],[30.910563,2.3314941],[30.9128445,2.3413976],[30.9363511,2.3366407],[30.9493482,2.3620661],[30.9417926,2.3743962],[30.9481673,2.3927144],[30.974669973512153,2.4011667786012487],[31.041288,2.331228],[31.040932049310328,2.312092205745964],[31.038808,2.310971],[31.035501,2.30694],[31.040668,2.297897],[31.055241,2.290249],[31.06647528243327,2.2883147509707675],[31.1306052,2.2645033],[31.1410795,2.2833702],[31.1639438,2.2780195],[31.178184509897367,2.2849041613933236],[31.179058,2.25976],[31.182468,2.238728],[31.190116,2.221519],[31.21089,2.205345],[31.267476,2.173253],[31.27874,2.156021],[31.280447,2.15341],[31.271455,2.102999],[31.242826,2.051168],[31.025837,1.778239],[30.95442,1.720671],[30.879330698933614,1.6599271780015932],[30.681724,1.500349],[30.478274,1.238634],[30.43161,1.207008],[30.37759591169302,1.2029737270920435],[30.376626,1.20308],[30.364947,1.202047],[30.364921384607573,1.2020270758970555],[30.3599558,1.2016562],[30.35287158309681,1.1926545282607517],[30.348204,1.189024],[30.34228912238721,1.1792077579538771],[30.324378218662293,1.1564489861533742],[30.295701,1.172643],[30.286502,1.174296],[30.277976,1.171609],[30.269346,1.167268],[30.238857,1.136004],[30.236169,1.129493],[30.234710208337393,1.1143941181278307],[30.231519,1.097764],[30.215292,1.077093],[30.215602,1.057766],[30.220977,1.017097],[30.201816811123884,0.9856923769331188],[30.191521,0.974877],[30.18820499442629,0.9633818467286728],[30.154831,0.90868],[30.038352,0.878914],[29.996391,0.859949],[29.982194,0.849017],[29.960217,0.832095],[29.947298,0.824602],[29.93957401487119,0.8085244784488236],[29.9299318,0.7997974],[29.9057132,0.8074469],[29.8969209,0.8455652]]]}},{"type":"Feature","properties":{"id":"CD-KC","country":"CD","name_en":"Kasaï-Central"},"geometry":{"type":"Polygon","coordinates":[[[21.7628538,-7.242422],[21.7210305,-7.1946571],[21.7104442,-7.1387031],[21.6924968,-7.1389151],[21.6683532,-7.1162139],[21.6741385,-7.1075702],[21.6611797,-7.0720369],[21.595038,-7.0357639],[21.5961753,-7.0268225],[21.5436335,-6.9778948],[21.5042389,-6.9106784],[21.4512275,-6.8848432],[21.4415404,-6.8628806],[21.4234178,-6.85553],[21.4207834,-6.8367492],[21.4064958,-6.832861],[21.4257414,-6.8118902],[21.44306,-6.8151124],[21.4548058,-6.805588],[21.4627454,-6.8126326],[21.4899543,-6.7829648],[21.5367864,-6.7640146],[21.5685924,-6.7566822],[21.5925511,-6.7751414],[21.601516,-6.7559686],[21.5804853,-6.7308291],[21.5833505,-6.7237624],[21.611684,-6.7400613],[21.6276096,-6.6940843],[21.6618818,-6.6813197],[21.6925965,-6.6422017],[21.6291112,-6.5964144],[21.610618,-6.5444003],[21.57109,-6.56938],[21.56016,-6.5604],[21.5760176,-6.5179998],[21.5406201,-6.4949001],[21.5372557,-6.4751061],[21.5571179,-6.4542091],[21.6050676,-6.4504279],[21.6228169,-6.3578106],[21.6038527,-6.2842931],[21.6074185,-6.270956],[21.5937269,-6.2471286],[21.5981317,-6.198019],[21.5819121,-6.107041],[21.5881455,-6.0744989],[21.5760918,-6.0346541],[21.6041851,-5.9509874],[21.6170686,-5.9388374],[21.6334277,-5.9410224],[21.6669803,-5.9004302],[21.6805552,-5.8448927],[21.7242675,-5.7839258],[21.7489682,-5.7644387],[21.7588565,-5.7823547],[21.7546574,-5.7991482],[21.7816193,-5.8188296],[21.7955664,-5.8455754],[21.8325648,-5.868046],[21.8824153,-5.8661089],[21.8783698,-5.8222021],[21.9453995,-5.7507951],[21.9781749,-5.6433489],[21.9792609,-5.609815],[21.9427942,-5.5715308],[21.9276033,-5.5244895],[21.877566,-5.476682],[21.849253,-5.4212744],[21.8227827,-5.4362239],[21.8265593,-5.4550214],[21.7754042,-5.4755271],[21.7644178,-5.4683502],[21.758753,-5.446648],[21.7189276,-5.4384454],[21.6960966,-5.4208437],[21.6895735,-5.3993107],[21.6631376,-5.3967472],[21.6590178,-5.3851258],[21.6722357,-5.3601734],[21.6677725,-5.3316306],[21.6244302,-5.320726],[21.6455185,-5.299377],[21.6400551,-5.238587],[21.6647949,-5.2044143],[21.6666111,-5.1724708],[21.6925578,-5.129643],[21.6889166,-5.0649129],[21.8098793,-5.08114],[21.8517399,-5.0232401],[21.8630295,-5.0239501],[21.9347992,-5.0882401],[21.9766808,-5.0925202],[22.0426197,-5.14926],[22.0601006,-5.1467299],[22.0892296,-5.1078901],[22.1212502,-5.0244799],[22.1150303,-4.9410901],[22.1572495,-4.8580298],[22.2027607,-4.8159399],[22.3105106,-4.6602302],[22.4184361,-4.613473],[22.4630526,-4.4964802],[22.4958176,-4.4882894],[22.5367248,-4.4553719],[22.5288949,-4.4398931],[22.5356462,-4.3982329],[22.5290136,-4.370251],[22.5385608,-4.3052597],[22.5247935,-4.2018693],[22.5532412,-4.2164842],[22.576996003330816,-4.215729790679797],[22.590399201508514,-4.219852231021762],[22.6164705,-4.233571],[22.6292044,-4.2317876],[22.6728498,-4.2655149],[22.7084109,-4.3195217],[22.7563529,-4.3585765],[22.7632999,-4.3805599],[22.8511009,-4.4872198],[22.8778,-4.4974999],[23.1252995,-4.5241699],[23.1375008,-4.5363898],[23.1574993,-4.5855598],[23.1793995,-4.7372198],[23.1627998,-4.76194],[23.1389008,-4.7755599],[22.9874992,-4.8172202],[22.9557991,-4.8730502],[22.9594002,-4.9797201],[23.0436001,-5.04917],[23.1413406,-5.1601987],[23.1921014,-5.257364],[23.2292627,-5.3019258],[23.3333144,-5.2608283],[23.3875541,-5.2726382],[23.4329391,-5.250986],[23.4312468,-5.276602],[23.4680088,-5.2934574],[23.4993308,-5.2881778],[23.5141573,-5.3054829],[23.7139749,-5.364728],[23.7032407,-5.4485436],[23.7263929,-5.481857],[23.7169216,-5.5556009],[23.7322863,-5.6094365],[23.7640269,-5.6310904],[23.7478818,-5.639659],[23.750339144482076,-5.656095441635602],[23.7463855,-5.6593917],[23.7097249,-5.6394019],[23.6920769,-5.6441729],[23.678403,-5.6366634],[23.655098,-5.6590862],[23.6218099,-5.6590191],[23.5796299,-5.6976274],[23.5548962,-5.6871988],[23.5318604,-5.6937833],[23.5124939,-5.6855977],[23.4697685,-5.7548272],[23.4388424,-5.7642975],[23.4168545,-5.7568182],[23.414807,-5.7911758],[23.3936918,-5.7879049],[23.3824975,-5.7728945],[23.393931,-5.7691593],[23.3998753,-5.7368425],[23.4151485,-5.7335598],[23.4075401,-5.7262787],[23.4187606,-5.722438],[23.417926,-5.7113392],[23.369392,-5.7301815],[23.3240768,-5.7327458],[23.2703858,-5.7801829],[23.0727445,-5.7378241],[23.075564,-5.7448473],[23.0627445,-5.7484851],[23.0781384,-5.7551806],[23.0739764,-5.7723858],[22.9592826,-5.7863303],[22.9619384,-5.8187696],[22.9439993,-5.8419312],[22.9920498,-5.8861029],[22.9524564,-5.9575095],[22.979881,-6.0280495],[22.9324612,-6.0575685],[22.960292,-6.0800387],[22.9616905,-6.0947197],[22.9935239,-6.0920065],[23.0139025,-6.1057156],[23.0047526,-6.1352113],[23.0123569,-6.1726157],[23.0577516,-6.177928],[23.0888614,-6.1928904],[23.0692541,-6.2150836],[23.0630907,-6.2570271],[23.0325646,-6.2796207],[23.0541549,-6.3428958],[23.0754794,-6.3591851],[23.092398,-6.3625129],[23.1059681,-6.3523541],[23.1456431,-6.361462],[23.1538254,-6.3868417],[23.1390012,-6.3927958],[23.1556087,-6.4208515],[23.1386087,-6.4241765],[23.1360723,-6.438885],[23.1480229,-6.4470578],[23.14216,-6.4830762],[23.1002167,-6.5518355],[23.1063686,-6.5656982],[23.0909763,-6.5864331],[23.0956752,-6.6232872],[23.0775584,-6.6382159],[23.0821533,-6.6455414],[23.0612204,-6.7161196],[23.0176483,-6.7720579],[23.0152241,-6.7869872],[23.0432658,-6.798014],[23.06401,-6.826976],[23.0610578,-6.8466733],[23.0851081,-6.8677608],[23.1249709,-6.8787666],[23.1412233,-6.8687785],[23.1442231,-6.8918897],[23.153,-6.902752],[23.1622078,-6.9008356],[23.1632074,-6.9108307],[23.2159706,-6.9277472],[23.2440386,-6.9157661],[23.2619446,-6.9217582],[23.274983,-6.9167722],[23.2851612,-6.9173624],[23.2861616,-6.9194462],[23.2788935,-6.9185272],[23.2710938,-6.9376614],[23.2804785,-6.9393565],[23.2808283,-6.9622938],[23.2699656,-6.9709911],[23.2766734,-6.9769245],[23.2568508,-6.9913065],[23.2531679,-7.0102002],[23.2603859,-7.0114881],[23.256636,-7.0212392],[23.2667957,-7.0249599],[23.2684053,-7.0410466],[23.2400753,-7.0595023],[23.2337361,-7.0927716],[23.2398901,-7.1040817],[23.2201081,-7.1596875],[23.2411644,-7.1702129],[23.2371475,-7.1960818],[23.2449591,-7.2054129],[23.2425421,-7.2837868],[23.2309147,-7.3364568],[23.2535201,-7.3459089],[23.2548963,-7.3610683],[23.2635962,-7.3647266],[23.2588808,-7.3881139],[23.2380705,-7.4167797],[23.2543098,-7.4289489],[23.2618336,-7.4568296],[23.2386763,-7.4988905],[23.2128369,-7.5147188],[23.2133921,-7.5358731],[23.2338204,-7.5750628],[23.220377,-7.597533],[23.2299143,-7.6064652],[23.2247299,-7.6288453],[23.2325893,-7.63609],[23.2340959,-7.6671141],[23.2181493,-7.685617],[23.2137952,-7.6989693],[23.2230032,-7.707356],[23.1872427,-7.7741993],[23.1548798,-7.7822339],[23.14899584183593,-7.788308271869446],[23.1481424,-7.7886231],[23.13611434826644,-7.801606629878312],[23.1090661,-7.8295302],[23.107909505170515,-7.832051994693898],[23.1030025,-7.8373488],[23.0793685,-7.8942817],[23.066571190250414,-7.893765956618608],[23.0522286,-7.887785],[22.9460316,-7.8889081],[22.8079202,-7.9186938],[22.709873,-7.9133518],[22.6962499,-7.8945923],[22.6654417,-7.8921976],[22.6777798,-7.8547881],[22.6477471,-7.8277651],[22.6497105,-7.7949738],[22.6397381,-7.786749],[22.6539108,-7.7756751],[22.6117605,-7.7440499],[22.5008,-7.79333],[22.4120598,-7.7967546],[22.282858,-7.86564],[22.198450038499253,-7.874590660395242],[22.180369330550437,-7.870515284683848],[22.15298466829179,-7.852784739051079],[22.0426386,-7.7219637],[22.036888,-7.6894091],[22.0051188,-7.6852433],[21.9968351,-7.7055056],[21.9615211,-7.7099046],[21.9484641,-7.6834624],[21.9366195,-7.6945945],[21.8788554,-7.6940309],[21.8346867,-7.6763498],[21.8334975,-7.6267915],[21.8531853,-7.6053127],[21.8594003,-7.5620823],[21.853936641213235,-7.547759257011502],[21.851513,-7.538453],[21.848454292353644,-7.533387217786785],[21.845932,-7.526775],[21.8623119,-7.4778472],[21.860285231607456,-7.4741869783434804],[21.860918,-7.469827],[21.858645,-7.464039],[21.85028317866036,-7.456122981815356],[21.85028317866036,-7.456122981815355],[21.8610399,-7.4487624],[21.8542226,-7.4369772],[21.8596126,-7.4291509],[21.852099824543327,-7.418911512091271],[21.851617,-7.416497],[21.845726,-7.409056],[21.842506551858673,-7.4058365518586715],[21.836329169528142,-7.39741721145543],[21.8439022,-7.3748555],[21.842183966070458,-7.370665238923167],[21.842418,-7.369885],[21.84059316116293,-7.366785739298441],[21.8310053,-7.3434038],[21.819203124107304,-7.328412420417209],[21.808829,-7.306426],[21.802524,-7.298882],[21.794773,-7.294024],[21.79112840310072,-7.292751301389902],[21.7894076,-7.2905655],[21.7946994,-7.2570185],[21.7850301,-7.244542],[21.7628538,-7.242422]]]}},{"type":"Feature","properties":{"id":"CD-KE","country":"CD","name_en":"Kasaï-Oriental"},"geometry":{"type":"Polygon","coordinates":[[[23.7234464,-5.7522222],[23.709708,-5.7551329],[23.7093376,-5.7709877],[23.7304729,-5.7663046],[23.7666177,-5.7828105],[23.7969848,-5.7557757],[23.832998263843535,-5.7476325361804115],[23.8506433,-5.7586792],[23.8283923,-5.7898483],[23.829341,-5.8045439],[23.8821799,-5.8139924],[23.9019048,-5.8333914],[23.905516,-5.8573519],[23.9340862,-5.8499464],[23.9535067,-5.8235126],[23.956220026238043,-5.837592769573972],[23.9604801,-5.871725],[23.96342291156527,-5.874970452142034],[23.9756069,-5.9381964],[24.0149115,-5.9526874],[23.9970911,-6.0266694],[24.0180686,-6.0249783],[24.0308896,-6.0387632],[24.0602383,-6.0349329],[24.0736302,-6.0574298],[24.1064042,-6.0469915],[24.124385,-6.0677479],[24.158669,-6.0656569],[24.1755753,-6.1065014],[24.1675619,-6.1188787],[24.1394523,-6.1298877],[24.1390558,-6.1461197],[24.1074918,-6.1920344],[24.0809543,-6.1893423],[24.0588231,-6.2083841],[24.0365696,-6.2056359],[24.0076397,-6.2179244],[24.0001074,-6.2895246],[24.0086957,-6.3011304],[24.0833942,-6.3274017],[24.0999518,-6.3436619],[24.0918536,-6.3603295],[24.0735797,-6.366178],[24.0710235,-6.3822944],[24.0222207,-6.3902591],[24.0195291,-6.4011344],[23.997294,-6.3953462],[23.9883803,-6.4047941],[23.9601192,-6.4052792],[23.9475876,-6.4167586],[23.9381704,-6.4063074],[23.924697,-6.4150127],[23.9113878,-6.4115583],[23.9097629,-6.3913499],[23.857133,-6.3979691],[23.8450815,-6.3651631],[23.8105538,-6.396249],[23.8201086,-6.4055508],[23.799685,-6.398907],[23.7944517,-6.4211851],[23.8103419,-6.4461526],[23.8009872,-6.4526101],[23.804478,-6.4699013],[23.7925427,-6.4859913],[23.7820209,-6.4845887],[23.7869811,-6.4992859],[23.7699513,-6.514408],[23.7911051,-6.5286829],[23.7812213,-6.5316827],[23.7744071,-6.5496158],[23.7740463,-6.5867742],[23.76122,-6.5930504],[23.7509354,-6.5875571],[23.7525038,-6.6321249],[23.7451873,-6.6407484],[23.7669983,-6.6484196],[23.7606752,-6.657794],[23.7862356,-6.6637646],[23.7911784,-6.6750627],[23.7581368,-6.6817516],[23.7314014,-6.7221311],[23.7473502,-6.7338166],[23.7373709,-6.7600866],[23.7123255,-6.7619277],[23.69776,-6.7355557],[23.6724743,-6.7489805],[23.6339278,-6.7519723],[23.6270613,-6.7817697],[23.5913696,-6.7767],[23.4769707,-6.6711102],[23.4424051,-6.6579545],[23.4188133,-6.5897398],[23.4332894,-6.5861244],[23.43793954456946,-6.578628678751957],[23.4414621,-6.5765823],[23.4531906,-6.554045],[23.4440287,-6.5531086],[23.4472266,-6.5387578],[23.4326579,-6.5401162],[23.427712,-6.5319887],[23.3937632,-6.5479585],[23.3665013,-6.5291],[23.365598442357708,-6.529846047711855],[23.3643099,-6.5290174],[23.3447673,-6.5470592],[23.3161502,-6.5399657],[23.2490139,-6.5849203],[23.1765509,-6.5946557],[23.1738153,-6.5823004],[23.1825701,-6.5746105],[23.1678018,-6.551327],[23.1705999,-6.5100911],[23.1525567,-6.4997245],[23.1612158,-6.4892611],[23.160351524331837,-6.483045754124295],[23.1610737,-6.4815005],[23.158945288728773,-6.472932961438223],[23.1581509,-6.4672202],[23.157491844568355,-6.467082382153999],[23.1571639,-6.4657623],[23.147968002991558,-6.465090811690034],[23.14518239231356,-6.464508300955719],[23.1480229,-6.4470578],[23.1360723,-6.438885],[23.1386087,-6.4241765],[23.1434043,-6.4259661],[23.1556087,-6.4208515],[23.1390012,-6.3927958],[23.1538254,-6.3868417],[23.1518394,-6.369751],[23.14777328937802,-6.368069380242388],[23.1456431,-6.361462],[23.11452253625042,-6.354317879456212],[23.1101978,-6.3525293],[23.109191049457017,-6.353093968969366],[23.1059681,-6.3523541],[23.092398,-6.3625129],[23.066931014921302,-6.352655183281558],[23.057315005645094,-6.345309732747997],[23.0325646,-6.2796207],[23.0630907,-6.2570271],[23.0692541,-6.2150836],[23.0888614,-6.1928904],[23.0577516,-6.177928],[23.0123569,-6.1726157],[23.0047526,-6.1352113],[23.0139025,-6.1057156],[22.9935239,-6.0920065],[22.9616905,-6.0947197],[22.960292,-6.0800387],[22.9324612,-6.0575685],[22.979881,-6.0280495],[22.9524564,-5.9575095],[22.9925504,-5.8925903],[22.99078685066995,-5.888380626025836],[22.9920498,-5.8861029],[22.98844402694393,-5.8827881972247775],[22.9838517,-5.8718261],[22.9439993,-5.8419312],[22.9619384,-5.8187696],[22.963484946387787,-5.785819377707736],[23.0739764,-5.7723858],[23.0781384,-5.7551806],[23.0627445,-5.7484851],[23.075564,-5.7448473],[23.0727445,-5.7378241],[23.2703858,-5.7801829],[23.3240768,-5.7327458],[23.369392,-5.7301815],[23.417926,-5.7113392],[23.4187606,-5.722438],[23.4075401,-5.7262787],[23.4151485,-5.7335598],[23.3998753,-5.7368425],[23.393931,-5.7691593],[23.3824975,-5.7728945],[23.3936918,-5.7879049],[23.414807,-5.7911758],[23.4168545,-5.7568182],[23.4388424,-5.7642975],[23.4697685,-5.7548272],[23.5124939,-5.6855977],[23.5318604,-5.6937833],[23.5548962,-5.6871988],[23.5796299,-5.6976274],[23.6218099,-5.6590191],[23.655098,-5.6590862],[23.678403,-5.6366634],[23.6920769,-5.6441729],[23.7097249,-5.6394019],[23.7417725,-5.6590165],[23.7236456,-5.6756811],[23.7356597,-5.699048],[23.732608662764953,-5.723545226858189],[23.7234464,-5.7522222]]]}},{"type":"Feature","properties":{"id":"CD-KG","country":"CD","name_en":"Kwango"},"geometry":{"type":"Polygon","coordinates":[[[16.5772147,-5.8733424],[16.5548744,-5.8745283],[16.4919702,-5.8440122],[16.4682097,-5.8565223],[16.4617799,-5.846647],[16.4453787,-5.8698418],[16.315727,-5.854629],[16.257023,-5.855559],[16.165659,-5.857006],[16.100856,-5.858108],[16.099278237840377,-5.858134820879089],[16.1131,-5.83306],[16.1861,-5.78333],[16.2033101,-5.720647],[16.2014218,-5.6904135],[16.2098332,-5.6817018],[16.2015934,-5.6618866],[16.2070866,-5.5062453],[16.1950703,-5.4565202],[16.2268277,-5.3820104],[16.2192746,-5.3280022],[16.2512036,-5.2362115],[16.2566967,-5.1915932],[16.2524052,-5.1609912],[16.227686,-5.134491],[16.2475987,-5.0635334],[16.2381573,-5.048486],[16.2530919,-5.0389102],[16.2518902,-5.0259142],[16.2675114,-5.0074458],[16.253602,-4.9792747],[16.2661971,-4.9586109],[16.269334,-4.8953396],[16.2587802,-4.8587821],[16.2402879,-4.8531783],[16.2412696,-4.8289709],[16.2522809,-4.8233868],[16.2605829,-4.7452869],[16.2956051,-4.7460172],[16.311398,-4.7201847],[16.3148312,-4.6674903],[16.3398938,-4.6308757],[16.3402371,-4.5983657],[16.3749127,-4.5557584],[16.3927117,-4.4781934],[16.4038697,-4.4704922],[16.4545098,-4.4970183],[16.4769975,-4.4929111],[16.5797997,-4.5307899],[16.6195107,-4.5756898],[16.6595802,-4.5965099],[16.6675892,-4.5871601],[16.6726608,-4.507],[16.6635399,-4.4649501],[16.6799202,-4.4264798],[16.7399998,-4.3937302],[16.7898903,-4.3861399],[16.8601704,-4.3386502],[16.8980503,-4.34689],[16.9800091,-4.4126],[17.0193806,-4.5006299],[17.0594502,-4.5397801],[17.0995102,-4.5404701],[17.1395702,-4.5264201],[17.1654205,-4.5059199],[17.1861706,-4.46492],[17.2192993,-4.4314699],[17.2597294,-4.4332399],[17.3019695,-4.4112802],[17.4214096,-4.37849],[17.4610996,-4.3550901],[17.5812702,-4.3154602],[17.6198807,-4.31148],[17.666772,-4.3473765],[17.7330762,-4.3234041],[17.7486974,-4.305114],[17.7856561,-4.2899305],[17.807018,-4.3114693],[17.8043306,-4.3235928],[17.7633755,-4.3476741],[17.7622202,-4.3668176],[17.7417608,-4.382887],[17.7211661,-4.3807878],[17.7181694,-4.3918734],[17.7043736,-4.390762],[17.7034228,-4.4124084],[17.6932917,-4.4086559],[17.6925443,-4.424293],[17.6814274,-4.4316842],[17.6866912,-4.4407501],[17.6723394,-4.4553933],[17.662141,-4.4462686],[17.6590998,-4.460651],[17.6702424,-4.4679093],[17.6427491,-4.4759958],[17.6739334,-4.4816159],[17.6727054,-4.4990702],[17.6870269,-4.5122863],[17.6804041,-4.5204072],[17.6919931,-4.5329503],[17.6732538,-4.5555638],[17.6636548,-4.548501],[17.634978,-4.5711502],[17.6423538,-4.6004214],[17.6297182,-4.6111456],[17.6344106,-4.629244],[17.6240186,-4.6298736],[17.6286121,-4.6377769],[17.6082874,-4.6520413],[17.6107752,-4.6632708],[17.5971843,-4.6642823],[17.5975312,-4.6756096],[17.579249,-4.6822798],[17.5833829,-4.6911242],[17.5632615,-4.7163091],[17.5617877,-4.7461603],[17.5335857,-4.7818606],[17.5426489,-4.7899828],[17.5327779,-4.815308],[17.5427441,-4.8231123],[17.527212,-4.8292429],[17.5271373,-4.8541997],[17.5158019,-4.8546093],[17.5213068,-4.8642068],[17.4904766,-4.893933],[17.4913183,-4.9158901],[17.4997815,-4.917088],[17.4961146,-4.9361273],[17.5132075,-4.9404931],[17.504665,-4.9517969],[17.5146361,-4.9658605],[17.5096685,-4.9978607],[17.4978525,-5.0077055],[17.507385,-5.0114977],[17.5009552,-5.0235611],[17.5236795,-5.034337],[17.5232998,-5.0599068],[17.5080852,-5.0799589],[17.5235703,-5.0887648],[17.5185332,-5.1017722],[17.5364565,-5.1032302],[17.5289986,-5.1174733],[17.5397659,-5.1200541],[17.499172,-5.1929133],[17.4830736,-5.2006047],[17.4858729,-5.2209448],[17.4729991,-5.2287477],[17.482481,-5.239403],[17.4701953,-5.2387753],[17.4616652,-5.251906],[17.4684791,-5.2589816],[17.4629876,-5.2707225],[17.4707999,-5.2862964],[17.4618867,-5.2931352],[17.4702464,-5.2973482],[17.4711313,-5.3253474],[17.4631841,-5.3329969],[17.4688893,-5.3371734],[17.4572314,-5.365591],[17.4651574,-5.3780607],[17.4564305,-5.3897241],[17.4698377,-5.4105072],[17.4598962,-5.4300237],[17.4794142,-5.4472662],[17.4684582,-5.4559773],[17.4626344,-5.4811858],[17.476937,-5.4942268],[17.4798807,-5.5154586],[17.5010222,-5.5215935],[17.5004788,-5.5304326],[17.5095909,-5.5273202],[17.5053087,-5.5347007],[17.5159522,-5.5365093],[17.5270435,-5.5548878],[17.5203199,-5.5801538],[17.511514,-5.5825303],[17.5194636,-5.5876327],[17.52013,-5.6125178],[17.5097727,-5.6266525],[17.526132,-5.646151],[17.5169632,-5.6737628],[17.5340329,-5.6921504],[17.5355643,-5.7127815],[17.5921603,-5.7091619],[17.6168393,-5.7354548],[17.6472097,-5.7288524],[17.6796219,-5.6955854],[17.7355993,-5.7205057],[17.7998363,-5.7177241],[17.8134224,-5.6652203],[17.8327305,-5.638648],[17.8971507,-5.6386108],[17.9028865,-5.6519454],[17.9442041,-5.6785549],[17.9490858,-5.7148394],[17.9578033,-5.7204577],[17.9785582,-5.7225536],[18.0243564,-5.698538],[18.0335823,-5.732799],[18.0429249,-5.7398424],[18.0648698,-5.7298542],[18.0790338,-5.7660325],[18.12132,-5.7828404],[18.0905881,-5.8059621],[18.0879491,-5.8285748],[18.1161394,-5.8136985],[18.1318843,-5.8188235],[18.1170481,-5.8320163],[18.1200458,-5.8545756],[18.0843188,-5.8722404],[18.0877013,-5.8783389],[18.1077845,-5.8713993],[18.1483737,-5.898947],[18.1809342,-5.8864374],[18.1815291,-5.850128],[18.1749735,-5.8489069],[18.2063218,-5.7825856],[18.2289085,-5.8130326],[18.2332077,-5.8578467],[18.2540341,-5.8416253],[18.2640493,-5.8463181],[18.2668531,-5.872536],[18.2874142,-5.8732798],[18.3010693,-5.8310199],[18.3379212,-5.8360343],[18.3478631,-5.814391],[18.367735,-5.7997908],[18.3812476,-5.802433],[18.3928366,-5.7838365],[18.4029936,-5.8093136],[18.4391614,-5.8223192],[18.4752311,-5.863611],[18.5084539,-5.8616116],[18.5255707,-5.8800078],[18.5373523,-5.8583889],[18.5694362,-5.8466414],[18.5628188,-5.8873732],[18.5424775,-5.9155047],[18.5467417,-5.976221],[18.5272604,-5.988458],[18.5500624,-5.9866462],[18.5673961,-6.0110319],[18.6496596,-5.9829886],[18.704238,-5.9879387],[18.6911856,-6.0256889],[18.7158422,-6.0722499],[18.7275672,-6.1192707],[18.7445654,-6.1371205],[18.8202119,-6.0977833],[18.8161075,-6.1276228],[18.8394106,-6.1423865],[18.8628853,-6.1171685],[18.857408,-6.1885992],[18.8222818,-6.1720662],[18.8205419,-6.1943821],[18.8466344,-6.2184872],[18.850132,-6.2421645],[18.9077075,-6.2175114],[18.9184835,-6.2241511],[18.9192229,-6.2420564],[18.9340921,-6.2549567],[18.9271166,-6.2725853],[18.9329582,-6.316783],[18.9576171,-6.3107046],[18.9833675,-6.2809348],[19.012358,-6.2791322],[19.0131196,-6.261157],[19.0401266,-6.2687243],[19.0660461,-6.2447609],[19.071665,-6.2242201],[19.1073423,-6.1996234],[19.1254303,-6.2151727],[19.1596049,-6.2084083],[19.1789877,-6.2181066],[19.1790456,-6.1772839],[19.2033105,-6.159209],[19.1848488,-6.1293396],[19.197062,-6.0972589],[19.2884683,-6.1391515],[19.3259591,-6.1208682],[19.3756809,-6.1326222],[19.3784368,-6.1486726],[19.3608961,-6.165127],[19.3638566,-6.1735833],[19.3161246,-6.1961707],[19.3010866,-6.2209402],[19.2895291,-6.2242824],[19.2757861,-6.2595041],[19.3031807,-6.3207923],[19.3022785,-6.3383516],[19.3154183,-6.3435407],[19.308903,-6.3655238],[19.3239515,-6.3831687],[19.361765,-6.3884059],[19.3814179,-6.4011226],[19.4015585,-6.3491848],[19.3949657,-6.3068759],[19.423914,-6.2801816],[19.4652696,-6.30486],[19.4818778,-6.2931402],[19.4805144,-6.3078943],[19.4998675,-6.3334992],[19.5093518,-6.3299324],[19.5913616,-6.365477],[19.6809594,-6.3453521],[19.690154152855296,-6.350666937772318],[19.695323984703936,-6.355347799795913],[19.7031845,-6.4089513],[19.7209179,-6.4252749],[19.7179371,-6.4389695],[19.7043881,-6.4413545],[19.715808,-6.4578181],[19.7046204,-6.4804739],[19.7153893,-6.4907441],[19.7016039,-6.4924268],[19.71004,-6.5073981],[19.6995492,-6.5122058],[19.6982096,-6.5299641],[19.7117433,-6.5839701],[19.7374767,-6.61421],[19.7357444,-6.6225017],[19.7497058,-6.6276094],[19.7798386,-6.6822247],[19.8064709,-6.7027626],[19.8068439,-6.7254618],[19.8195914,-6.743296],[19.828051,-6.7385563],[19.8386632,-6.7692332],[19.8618703,-6.7816472],[19.8708222,-6.8015959],[19.8836539,-6.8040909],[19.8860298,-6.8214711],[19.9010534,-6.8249333],[19.9011968,-6.8398148],[19.9315941,-6.8604967],[19.9379881,-6.8899174],[19.9498183,-6.8932994],[19.953016173306228,-6.907774053319512],[19.9510519,-6.9360986],[19.9633279,-6.9402614],[19.9729675,-6.9780022],[19.9667853,-6.9848652],[19.9752279,-6.9915527],[19.9662046,-7.0000448],[19.521836,-7.001949],[19.54261,-7.052282],[19.51190042698763,-7.099078085269828],[19.508607,-7.103235],[19.497032,-7.121735],[19.487213,-7.153877],[19.476361,-7.315935],[19.479462,-7.347664],[19.487213,-7.381977],[19.513775,-7.448433],[19.513155,-7.479439],[19.484733,-7.50197],[19.483906,-7.502383],[19.483079,-7.5029],[19.482356,-7.50352],[19.468713,-7.52109],[19.447055732670687,-7.571963419197903],[19.355645,-7.57411],[19.353681,-7.600258],[19.361846,-7.627027],[19.367191211863304,-7.6396121553484875],[19.380966,-7.679737],[19.38138,-7.703921],[19.36142091863287,-7.7809765247553955],[19.358022,-7.791565],[19.348514,-7.821537],[19.333838,-7.867322],[19.330944,-7.898638],[19.334044,-7.92427],[19.354991279885745,-8.0],[18.796451,-8.0],[18.77383,-7.958381],[18.780098,-7.936259],[18.767612,-7.913366],[18.530592,-7.916667],[18.535879,-7.930896],[18.531524653321444,-7.932249419050348],[18.516523,-7.932228],[18.504327,-7.940703],[18.50226,-7.960133],[18.507635,-7.997547],[18.48441718135619,-7.997739666829794],[18.481797,-7.99734],[18.420508,-7.99827],[18.403868,-8.000647],[18.39634731477665,-8.004655858179985],[18.353639,-8.015944],[18.283438,-7.9869922],[18.2518204,-7.9901238],[18.2283857,-7.9761386],[18.2138376,-7.9774441],[18.1948044,-7.994856],[18.18754882475699,-7.997656205389977],[18.176596,-7.999201],[18.14593124584605,-8.013718028867933],[18.12898266409789,-8.020259138066601],[18.120372,-8.022455],[18.115019598800775,-8.02564802170381],[18.1058669,-8.0291804],[18.10450698045363,-8.03191941603635],[18.102181,-8.033307],[18.095073661227794,-8.050919078703561],[18.092379,-8.0563464],[18.092682481057142,-8.061184746393462],[18.091743,-8.084157],[18.09489929548182,-8.096527038191384],[17.971438082318247,-8.096509393076618],[17.930822,-8.062142],[17.901367,-8.048086],[17.867984,-8.044469],[17.851757,-8.047776],[17.820960176049933,-8.064606891458647],[17.77724,-8.08333],[17.74334,-8.070721],[17.713265,-8.068344],[17.628412,-8.098006],[17.544283,-8.084777],[17.528366,-8.060592],[17.540045,-8.032067],[17.536531,-8.015117],[17.528366,-8.007779],[17.519031680668785,-8.00300201982441],[17.496224,-7.987212],[17.481858,-7.945664],[17.47273078266545,-7.954238946998932],[17.471109,-7.955586],[17.47082208380568,-7.956032154168166],[17.468318,-7.939463],[17.44348889224431,-7.9265078899349355],[17.4382629,-7.9086323],[17.448569482531195,-7.892961529458643],[17.448681,-7.89285],[17.448747842283456,-7.892690340173249],[17.4519759,-7.8877822],[17.451584554889745,-7.88591455365223],[17.452402,-7.883962],[17.450800535108183,-7.882172915790315],[17.447812,-7.8679105],[17.42309703199069,-7.866776207039262],[17.423567,-7.855127],[17.42345051517272,-7.854689268824515],[17.4240474,-7.8342795],[17.392389950365487,-7.839739802490032],[17.39538712347911,-7.834679584261375],[17.400002,-7.830219],[17.400002,-7.826888148328675],[17.4028754,-7.8220369],[17.3914141,-7.8126143],[17.380985,-7.823191],[17.376784996211427,-7.815326261590057],[17.3833993,-7.778918],[17.341257232153225,-7.782628327966457],[17.33770161670983,-7.778210077786296],[17.334063,-7.769654],[17.32275795822133,-7.759640909421447],[17.3196058,-7.755724],[17.333772,-7.7191295],[17.31669086130638,-7.712084966497187],[17.315347,-7.6986133],[17.304852356749066,-7.696224915399477],[17.303781,-7.692449],[17.29873369349246,-7.6948324220342],[17.2900255,-7.6928506],[17.302021,-7.676867],[17.2959328,-7.6229972],[17.2189135,-7.5809116],[17.1936067,-7.5362338],[17.2015031,-7.5073025],[17.1963533,-7.4974313],[17.1536096,-7.4763268],[17.1524079,-7.4570935],[17.1826203,-7.441434],[17.1795304,-7.4279868],[17.171106235193704,-7.4253906340721185],[17.167458,-7.423525],[17.152890646396756,-7.4197769391743655],[17.13919,-7.403985],[17.13311719557083,-7.4101943854997305],[17.132215,-7.409572],[17.12622,-7.411433],[17.118159,-7.425489],[17.103999,-7.416084],[17.1105107,-7.3980386],[17.106231,-7.3498485],[17.042740751116867,-7.320051699711929],[17.0260652,-7.2957054],[16.99551445074954,-7.296387685904197],[16.991655,-7.271509545156988],[16.991655,-7.270563],[16.989071,-7.254853],[16.972845,-7.232219],[16.960546,-7.219093],[16.95419473403115,-7.2152417073780235],[16.946736367528995,-7.173728904623749],[16.947523,-7.151087],[16.936117268239915,-7.114623660320159],[16.9515641,-7.1173958],[16.973155,-7.014765],[16.964576,-6.997195],[16.96047489387044,-6.991163549664894],[16.955275,-6.981485],[16.949074,-6.975387],[16.93779203877383,-6.973049579810459],[16.928713,-6.968669],[16.934501,-6.945725],[16.926956,-6.888571],[16.914967,-6.864076],[16.890783,-6.847126],[16.84145323677553,-6.8356611623077566],[16.823086,-6.785114],[16.800369095303992,-6.753386851090133],[16.8003305,-6.7314194],[16.778500850168964,-6.722844967013894],[16.76040024540308,-6.692097731706256],[16.7567285,-6.6026916],[16.73517908697783,-6.588756431080643],[16.731606309378208,-6.573954156766594],[16.7520351,-6.5226111],[16.721697,-6.491799],[16.727795,-6.465961],[16.720195930202063,-6.465635385601176],[16.713631431377582,-6.443730149076621],[16.715186,-6.441363],[16.720974,-6.42834],[16.719059592491504,-6.416279325314163],[16.7222513,-6.4001385],[16.7055533,-6.38879],[16.693054576658753,-6.392798210045809],[16.697409,-6.349792],[16.707603448218453,-6.346572951020857],[16.715289,-6.345968],[16.720974,-6.342351],[16.722317,-6.332429],[16.720147,-6.32261],[16.719815227398815,-6.321646886091252],[16.714773,-6.231556],[16.71950994417921,-6.211099682876716],[16.724384,-6.202411],[16.726762,-6.189182],[16.72519950893321,-6.186529509258872],[16.7300291,-6.1656731],[16.7147512,-6.1566276],[16.7156923,-6.132879],[16.6883154,-6.1086668],[16.6649694,-6.1073014],[16.6630812,-6.0912565],[16.63548360193924,-6.0950888226773845],[16.6497743,-6.0768934],[16.6443701,-6.06514],[16.62837,-6.05534],[16.619481,-6.05658],[16.614291315594166,-6.059146424473315],[16.604288,-6.061851],[16.6011942,-6.0475327],[16.6160459,-6.0490939],[16.624114,-6.0371444],[16.6177626,-6.026731],[16.599946473420765,-6.031263645379582],[16.6034258,-5.9862458],[16.5873785,-5.9625393],[16.6035147,-5.9497342],[16.5969915,-5.9422217],[16.583838677794834,-5.945202792037985],[16.594056,-5.933177],[16.597364,-5.924702],[16.582112003460697,-5.917182055393218],[16.5858335,-5.8826306],[16.5772147,-5.8733424]]]}},{"type":"Feature","properties":{"id":"CD-KL","country":"CD","name_en":"Kwilu"},"geometry":{"type":"Polygon","coordinates":[[[19.4805144,-6.3078943],[19.4818778,-6.2931402],[19.4652696,-6.30486],[19.423914,-6.2801816],[19.3949657,-6.3068759],[19.4015585,-6.3491848],[19.3814179,-6.4011226],[19.361765,-6.3884059],[19.3239515,-6.3831687],[19.308903,-6.3655238],[19.3154183,-6.3435407],[19.3022785,-6.3383516],[19.3031807,-6.3207923],[19.2757861,-6.2595041],[19.2895291,-6.2242824],[19.3010866,-6.2209402],[19.3161246,-6.1961707],[19.3638566,-6.1735833],[19.3608961,-6.165127],[19.3784368,-6.1486726],[19.3756809,-6.1326222],[19.3259591,-6.1208682],[19.2884683,-6.1391515],[19.197062,-6.0972589],[19.1848488,-6.1293396],[19.2033105,-6.159209],[19.1790456,-6.1772839],[19.1789877,-6.2181066],[19.1596049,-6.2084083],[19.1254303,-6.2151727],[19.1073423,-6.1996234],[19.071665,-6.2242201],[19.0660461,-6.2447609],[19.0401266,-6.2687243],[19.0131196,-6.261157],[19.012358,-6.2791322],[18.9833675,-6.2809348],[18.9576171,-6.3107046],[18.9329582,-6.316783],[18.9271166,-6.2725853],[18.9340921,-6.2549567],[18.9192229,-6.2420564],[18.9184835,-6.2241511],[18.9077075,-6.2175114],[18.850132,-6.2421645],[18.8466344,-6.2184872],[18.8205419,-6.1943821],[18.8222818,-6.1720662],[18.857408,-6.1885992],[18.8628853,-6.1171685],[18.8394106,-6.1423865],[18.8161075,-6.1276228],[18.8202119,-6.0977833],[18.7445654,-6.1371205],[18.7275672,-6.1192707],[18.7158422,-6.0722499],[18.6911856,-6.0256889],[18.704238,-5.9879387],[18.6496596,-5.9829886],[18.5673961,-6.0110319],[18.5500624,-5.9866462],[18.5272604,-5.988458],[18.5467417,-5.976221],[18.5424775,-5.9155047],[18.5628188,-5.8873732],[18.5694362,-5.8466414],[18.5373523,-5.8583889],[18.5255707,-5.8800078],[18.5084539,-5.8616116],[18.4752311,-5.863611],[18.4391614,-5.8223192],[18.4029936,-5.8093136],[18.3928366,-5.7838365],[18.3812476,-5.802433],[18.367735,-5.7997908],[18.3478631,-5.814391],[18.3379212,-5.8360343],[18.3010693,-5.8310199],[18.2874142,-5.8732798],[18.2668531,-5.872536],[18.2640493,-5.8463181],[18.2540341,-5.8416253],[18.2332077,-5.8578467],[18.2289085,-5.8130326],[18.2063218,-5.7825856],[18.1749735,-5.8489069],[18.1815291,-5.850128],[18.1809342,-5.8864374],[18.1483737,-5.898947],[18.1077845,-5.8713993],[18.0877013,-5.8783389],[18.0843188,-5.8722404],[18.1200458,-5.8545756],[18.1170481,-5.8320163],[18.1318843,-5.8188235],[18.1161394,-5.8136985],[18.0879491,-5.8285748],[18.0905881,-5.8059621],[18.12132,-5.7828404],[18.0790338,-5.7660325],[18.0648698,-5.7298542],[18.0429249,-5.7398424],[18.0335823,-5.732799],[18.0243564,-5.698538],[17.9785582,-5.7225536],[17.9578033,-5.7204577],[17.9490858,-5.7148394],[17.9442041,-5.6785549],[17.9028865,-5.6519454],[17.8971507,-5.6386108],[17.8327305,-5.638648],[17.8134224,-5.6652203],[17.7998363,-5.7177241],[17.7355993,-5.7205057],[17.6796219,-5.6955854],[17.6472097,-5.7288524],[17.6168393,-5.7354548],[17.5921603,-5.7091619],[17.5355643,-5.7127815],[17.5340329,-5.6921504],[17.5169632,-5.6737628],[17.526132,-5.646151],[17.5097727,-5.6266525],[17.52013,-5.6125178],[17.5194636,-5.5876327],[17.511514,-5.5825303],[17.5203199,-5.5801538],[17.5270435,-5.5548878],[17.5159522,-5.5365093],[17.5053087,-5.5347007],[17.5095909,-5.5273202],[17.5004788,-5.5304326],[17.5010222,-5.5215935],[17.4798807,-5.5154586],[17.476937,-5.4942268],[17.4626344,-5.4811858],[17.4684582,-5.4559773],[17.4794142,-5.4472662],[17.4598962,-5.4300237],[17.4698377,-5.4105072],[17.4564305,-5.3897241],[17.4651574,-5.3780607],[17.4572314,-5.365591],[17.4688893,-5.3371734],[17.4631841,-5.3329969],[17.4711313,-5.3253474],[17.4702464,-5.2973482],[17.4618867,-5.2931352],[17.4707999,-5.2862964],[17.4629876,-5.2707225],[17.4684791,-5.2589816],[17.4616652,-5.251906],[17.4701953,-5.2387753],[17.482481,-5.239403],[17.4729991,-5.2287477],[17.4858729,-5.2209448],[17.4830736,-5.2006047],[17.499172,-5.1929133],[17.5397659,-5.1200541],[17.5289986,-5.1174733],[17.5364565,-5.1032302],[17.5185332,-5.1017722],[17.5235703,-5.0887648],[17.5080852,-5.0799589],[17.5232998,-5.0599068],[17.5236795,-5.034337],[17.5009552,-5.0235611],[17.507385,-5.0114977],[17.4978525,-5.0077055],[17.5096685,-4.9978607],[17.5146361,-4.9658605],[17.504665,-4.9517969],[17.5132075,-4.9404931],[17.4961146,-4.9361273],[17.4997815,-4.917088],[17.4913183,-4.9158901],[17.4904766,-4.893933],[17.5213068,-4.8642068],[17.5158019,-4.8546093],[17.5271373,-4.8541997],[17.527212,-4.8292429],[17.5427441,-4.8231123],[17.5327779,-4.815308],[17.5426489,-4.7899828],[17.5335857,-4.7818606],[17.5617877,-4.7461603],[17.5632615,-4.7163091],[17.5833829,-4.6911242],[17.579249,-4.6822798],[17.5975312,-4.6756096],[17.5971843,-4.6642823],[17.6107752,-4.6632708],[17.6082874,-4.6520413],[17.6286121,-4.6377769],[17.6240186,-4.6298736],[17.6344106,-4.629244],[17.6297182,-4.6111456],[17.6423538,-4.6004214],[17.634978,-4.5711502],[17.6636548,-4.548501],[17.6732538,-4.5555638],[17.6919931,-4.5329503],[17.6804041,-4.5204072],[17.6870269,-4.5122863],[17.6727054,-4.4990702],[17.6739334,-4.4816159],[17.6427491,-4.4759958],[17.6702424,-4.4679093],[17.6590998,-4.460651],[17.662141,-4.4462686],[17.6723394,-4.4553933],[17.6866912,-4.4407501],[17.6814274,-4.4316842],[17.6925443,-4.424293],[17.6932917,-4.4086559],[17.7034228,-4.4124084],[17.7043736,-4.390762],[17.7181694,-4.3918734],[17.7211661,-4.3807878],[17.7417608,-4.382887],[17.7622202,-4.3668176],[17.7633755,-4.3476741],[17.8043306,-4.3235928],[17.807018,-4.3114693],[17.7922736,-4.2920873],[17.78754158474995,-4.291831598635056],[17.7856561,-4.2899305],[17.781785657039734,-4.291520568662783],[17.7769099,-4.2912571],[17.769883209218417,-4.296410373133583],[17.7486974,-4.305114],[17.7330762,-4.3234041],[17.666772,-4.3473765],[17.6198807,-4.31148],[17.5812702,-4.3154602],[17.4610996,-4.3550901],[17.4214096,-4.37849],[17.3019695,-4.4112802],[17.2597294,-4.4332399],[17.2192993,-4.4314699],[17.1861706,-4.46492],[17.1654205,-4.5059199],[17.1395702,-4.5264201],[17.0995102,-4.5404701],[17.0594502,-4.5397801],[17.0193806,-4.5006299],[16.9800091,-4.4126],[16.8980503,-4.34689],[16.8601704,-4.3386502],[16.7898903,-4.3861399],[16.7399998,-4.3937302],[16.6799202,-4.4264798],[16.6635399,-4.4649501],[16.6726608,-4.507],[16.6675892,-4.5871601],[16.6595802,-4.5965099],[16.6195107,-4.5756898],[16.5797997,-4.5307899],[16.4841213,-4.4951343],[16.4992275,-4.4802455],[16.4987125,-4.4331814],[16.5163936,-4.4102472],[16.5107392,-4.3912654],[16.5340748,-4.3561609],[16.5184536,-4.3342514],[16.5210445,-4.3003415],[16.4909409,-4.257194],[16.4936771,-4.2371709],[16.4791431,-4.2296591],[16.4993881,-4.202596],[16.4971676,-4.1860034],[16.5371079,-4.1733381],[16.563741557537412,-4.1455730249892015],[16.572657924290535,-4.142130022516948],[16.6164722,-4.129333],[16.6751774,-4.139323],[16.6950467,-4.1083439],[16.7591103,-4.0688778],[16.8025531,-4.0834459],[16.8149128,-4.0772817],[16.8775017,-4.0207839],[16.9125206,-3.9656431],[17.0044269,-3.9584416],[17.0669117,-3.9968011],[17.1104462,-3.9992075],[17.111905757707724,-3.996967055649233],[17.1157677,-3.9969813],[17.1568622,-3.9279582],[17.1877613,-3.9125448],[17.2028675,-3.8919932],[17.212106070372364,-3.87652110175155],[17.218317,-3.8673306],[17.218695119942886,-3.8654862318301166],[17.2220936,-3.8597947],[17.2323257,-3.7989999],[17.2594482,-3.7710801],[17.273592,-3.6974135],[17.3278774,-3.6788127],[17.3206272,-3.6569848],[17.3265833,-3.6157622],[17.2930939,-3.5783582],[17.2960121,-3.5466623],[17.2688896,-3.5317562],[17.2729053,-3.4911399],[17.2862949,-3.4582415],[17.3244037,-3.4253419],[17.3281803,-3.4020374],[17.3563328,-3.3859295],[17.3541547,-3.3555653],[17.339044,-3.3351986],[17.3627315,-3.3129825],[17.3791261,-3.2613274],[17.376897,-3.2209332],[17.4241062,-3.2204058],[17.4363437,-3.243099],[17.4884319,-3.2619407],[17.5111972,-3.25853],[17.5753691,-3.3078007],[17.6274337,-3.3016821],[17.6837387,-3.3349286],[17.7179665,-3.3234215],[17.7516654,-3.362468],[17.8121414,-3.3925075],[17.8258743,-3.4254081],[17.9384329,-3.4073648],[17.9851761,-3.3822258],[17.998909,-3.3901084],[18.0397644,-3.3784558],[18.1192504,-3.4178723],[18.1475677,-3.4552234],[18.1947814,-3.4185577],[18.2433616,-3.4195858],[18.2526313,-3.4257546],[18.2601844,-3.4586541],[18.3202659,-3.4920665],[18.3817206,-3.5534052],[18.390081085661226,-3.555538531826856],[18.3992301,-3.5638563],[18.42719198410071,-3.5650080607480494],[18.4878074,-3.5804752],[18.4941588,-3.6022333],[18.5039435,-3.6072017],[18.5578452,-3.5970937],[18.6191283,-3.5986356],[18.6711417,-3.620222],[18.7118255,-3.6205646],[18.7128554,-3.6447202],[18.7274466,-3.6596245],[18.7753402,-3.6520867],[18.8050376,-3.6733293],[18.8711272,-3.6938861],[18.9186774,-3.679325],[18.9998732,-3.7158128],[19.0463444,-3.7541207],[19.1266819,-3.7724489],[19.1747471,-3.8176681],[19.2041012,-3.8221214],[19.3424603,-3.9051879],[19.4523235,-3.9582777],[19.4796177,-3.9889312],[19.5421024,-4.0302003],[19.551265032085084,-4.032880405928853],[19.5647617,-4.0411594],[19.603070557157263,-4.048033725805064],[19.6334263,-4.0569129],[19.726607,-4.0702017],[19.7484394,-4.1014317],[19.8140141,-4.1277995],[19.8481747,-4.1286555],[19.8769175,-4.1540811],[19.9156311,-4.1599199],[19.9348637,-4.185326],[19.9758907,-4.2079245],[19.983648,-4.2374573],[20.0305352,-4.285096],[20.0281319,-4.2921144],[20.0297198,-4.3127146],[20.0430665,-4.3203586],[20.0394616,-4.3605833],[20.0592789,-4.3778567],[20.0924212,-4.4380804],[20.0847763,-4.4488299],[20.0913527,-4.4763129],[20.1239011,-4.5023333],[20.0985911,-4.5423769],[20.0873531,-4.5432403],[20.0607578,-4.5946667],[20.0548308,-4.6260132],[20.0676216,-4.6370802],[20.0588583,-4.6591963],[20.0683748,-4.6727541],[20.0542624,-4.6871183],[20.055466505979805,-4.694162532254728],[20.0519135,-4.7000552],[20.0606439,-4.7244512],[20.0464994,-4.7449523],[20.0612503,-4.752951],[20.0535431,-4.7875071],[20.073461784726177,-4.8048946740880405],[20.07427834520414,-4.806345642760181],[20.1005769,-4.8720012],[20.1115675,-4.9621666],[20.144012,-5.00457],[20.1413078,-5.0390525],[20.168421,-5.0629926],[20.1703151,-5.086082],[20.1841984,-5.0933731],[20.1788527,-5.1136386],[20.1938048,-5.1518848],[20.1889983,-5.1720587],[20.2051345,-5.1872742],[20.1938048,-5.1939415],[20.199298,-5.2257386],[20.1884833,-5.2414656],[20.1956931,-5.2836873],[20.1699439,-5.2970198],[20.1718322,-5.3219748],[20.1373282,-5.3503471],[20.1392165,-5.380769],[20.1268569,-5.418196],[20.1399032,-5.5138892],[20.1301185,-5.5463531],[20.1419631,-5.5443028],[20.1402465,-5.580182],[20.1587859,-5.5979499],[20.1550094,-5.6104212],[20.1806688,-5.6318133],[20.1791239,-5.6613667],[20.1700258,-5.6680288],[20.1780939,-5.696897],[20.1636744,-5.69963],[20.165391,-5.7493343],[20.1499414,-5.7768321],[20.1176691,-5.7981804],[20.1108027,-5.83985],[20.0492354,-5.8678056],[20.0149515,-5.9557973],[19.9519518,-6.0071861],[19.914873,-6.0128198],[19.8929003,-6.0326226],[19.8765925,-6.0191363],[19.8710993,-6.0437187],[19.8254374,-6.0590821],[19.8056963,-6.0903197],[19.7884881,-6.0940515],[19.7631681,-6.1212334],[19.7363717,-6.1205166],[19.7322519,-6.1387708],[19.7142008,-6.1461333],[19.708021,-6.1620058],[19.6911982,-6.1647365],[19.6812418,-6.1891416],[19.6903493,-6.2024807],[19.6737754,-6.2422678],[19.6888816,-6.256431],[19.6919715,-6.2731534],[19.6844184,-6.28305],[19.698657,-6.3021011],[19.6829768,-6.308942],[19.6840751,-6.3253646],[19.6935079,-6.3309778],[19.6809594,-6.3453521],[19.5913616,-6.365477],[19.5093518,-6.3299324],[19.4998675,-6.3334992],[19.4805144,-6.3078943]]]}},{"type":"Feature","properties":{"id":"CD-KN","country":"CD","name_en":"Kinshasa"},"geometry":{"type":"Polygon","coordinates":[[[15.9992639,-3.9582718],[16.0020105,-3.9825893],[15.9939424,-3.9971451],[16.007332,-4.009817],[16.0335961,-4.0130706],[16.048874,-4.0252286],[16.1218099,-4.0322236],[16.1578587,-4.0570525],[16.1859569,-4.0592183],[16.2032359,-4.0723408],[16.2158118,-4.0617523],[16.2279957,-4.0753752],[16.2435634,-4.0669149],[16.266022,-4.1013989],[16.410471,-4.1556336],[16.4362202,-4.1876492],[16.4508114,-4.1902173],[16.4384518,-4.2141853],[16.4559612,-4.2381525],[16.4674625,-4.2453425],[16.4823971,-4.243973],[16.481699541895612,-4.240904537507564],[16.4936771,-4.2371709],[16.4909409,-4.257194],[16.5210445,-4.3003415],[16.5184536,-4.3342514],[16.5340748,-4.3561609],[16.5107392,-4.3912654],[16.5163936,-4.4102472],[16.4987125,-4.4331814],[16.4992275,-4.4802455],[16.4841213,-4.4951343],[16.483191727109187,-4.495193443080435],[16.4769975,-4.4929111],[16.4545098,-4.4970183],[16.4038697,-4.4704922],[16.3927117,-4.4781934],[16.3749127,-4.5557584],[16.3402371,-4.5983657],[16.3398938,-4.6308757],[16.3148312,-4.6674903],[16.311398,-4.7201847],[16.2956051,-4.7460172],[16.2605829,-4.7452869],[16.2522809,-4.8233868],[16.2412696,-4.8289709],[16.2402879,-4.8531783],[16.2587802,-4.8587821],[16.269334,-4.8953396],[16.2661971,-4.9586109],[16.253602,-4.9792747],[16.260183096734163,-4.992603580771835],[16.0263864,-4.9886822],[16.0096708,-4.9839649],[16.0003476,-4.9630739],[15.9892492,-4.9660953],[15.9617078,-4.9517198],[15.9523523,-4.9658374],[15.9272039,-4.9658887],[15.9177539,-4.9590651],[15.9193675,-4.900309],[15.8862755,-4.8645962],[15.8708718,-4.8600869],[15.8625702,-4.8648119],[15.8655087,-4.8747877],[15.8427957,-4.8888128],[15.8575693,-4.9183374],[15.8521501,-4.9284835],[15.8663884,-4.947508],[15.8498875,-4.9879427],[15.8538572,-4.9969421],[15.8326968,-5.0291329],[15.8083353,-5.0233596],[15.7307769,-5.0325362],[15.7118942,-4.9935471],[15.649483,-4.9669284],[15.655848,-4.9199827],[15.6418115,-4.8996917],[15.6381154,-4.84622],[15.6672813,-4.8106082],[15.67764,-4.7735895],[15.6963618,-4.7643946],[15.6945486,-4.7357615],[15.7030566,-4.7232247],[15.6874386,-4.6832642],[15.6626771,-4.6820508],[15.6489706,-4.6628169],[15.6370168,-4.6613339],[15.6528354,-4.6281687],[15.6431285,-4.6068675],[15.648987,-4.5854857],[15.5956162,-4.5887416],[15.5395621,-4.5598322],[15.5138102,-4.5625246],[15.4511519,-4.5250436],[15.4306626,-4.5453764],[15.4060901,-4.5526692],[15.4083736,-4.5879517],[15.38342341604098,-4.629063132504734],[15.3515026,-4.64888],[15.3322658,-4.6461238],[15.3152177,-4.6243059],[15.2864562,-4.6215527],[15.2728678,-4.6107401],[15.2649128,-4.5741597],[15.2204736,-4.5398554],[15.1723379,-4.5320344],[15.1739838,-4.4783066],[15.171165858793302,-4.472843961701181],[15.1711198,-4.4705179],[15.1623473,-4.455749],[15.1407073,-4.4449041],[15.139330525344992,-4.446674710467679],[15.136327964699529,-4.445490960570325],[15.13632796469953,-4.445490960570321],[15.150678,-4.425151],[15.188044,-4.372187],[15.193418,-4.358751],[15.20396,-4.339011],[15.24281208926867,-4.318630437280434],[15.25574,-4.313069],[15.26540863321974,-4.306777013438652],[15.333691570288044,-4.270957969783798],[15.4037746,-4.2853889],[15.4316973,-4.2749338],[15.4796377,-4.2290334],[15.48221396105596,-4.186782951062696],[15.484977,-4.183878],[15.490351,-4.175196],[15.492699747893298,-4.167692574475882],[15.5001111,-4.1541995],[15.52115,-4.076804],[15.549056,-4.046212],[15.711216,-3.992158],[15.8031354,-3.9814507],[15.8947221,-3.9469691],[15.9190311,-3.9530587],[15.9464915,-3.9277557],[15.9992639,-3.9582718]]]}},{"type":"Feature","properties":{"id":"CD-KS","country":"CD","name_en":"Kasaï"},"geometry":{"type":"Polygon","coordinates":[[[19.9510519,-6.9360986],[19.9532281,-6.9047181],[19.9498183,-6.8932994],[19.9379881,-6.8899174],[19.9315941,-6.8604967],[19.9011968,-6.8398148],[19.9010534,-6.8249333],[19.8860298,-6.8214711],[19.8836539,-6.8040909],[19.8708222,-6.8015959],[19.8618703,-6.7816472],[19.8386632,-6.7692332],[19.828051,-6.7385563],[19.8195914,-6.743296],[19.8068439,-6.7254618],[19.8064709,-6.7027626],[19.7798386,-6.6822247],[19.7497058,-6.6276094],[19.7357444,-6.6225017],[19.7374767,-6.61421],[19.7117433,-6.5839701],[19.6982096,-6.5299641],[19.6995492,-6.5122058],[19.71004,-6.5073981],[19.7016039,-6.4924268],[19.7153893,-6.4907441],[19.7046204,-6.4804739],[19.715808,-6.4578181],[19.7043881,-6.4413545],[19.7179371,-6.4389695],[19.7209179,-6.4252749],[19.7031845,-6.4089513],[19.6958253,-6.3558017],[19.6847819,-6.3458028],[19.6935079,-6.3309778],[19.6840751,-6.3253646],[19.6829768,-6.308942],[19.698657,-6.3021011],[19.6844184,-6.28305],[19.6919715,-6.2731534],[19.6888816,-6.256431],[19.6737754,-6.2422678],[19.6903493,-6.2024807],[19.6812418,-6.1891416],[19.6911982,-6.1647365],[19.708021,-6.1620058],[19.7142008,-6.1461333],[19.7322519,-6.1387708],[19.7363717,-6.1205166],[19.7631681,-6.1212334],[19.7884881,-6.0940515],[19.8056963,-6.0903197],[19.8254374,-6.0590821],[19.8710993,-6.0437187],[19.8765925,-6.0191363],[19.8929003,-6.0326226],[19.914873,-6.0128198],[19.9519518,-6.0071861],[20.0149515,-5.9557973],[20.0492354,-5.8678056],[20.1108027,-5.83985],[20.1176691,-5.7981804],[20.1499414,-5.7768321],[20.165391,-5.7493343],[20.1636744,-5.69963],[20.1780939,-5.696897],[20.1700258,-5.6680288],[20.1791239,-5.6613667],[20.1806688,-5.6318133],[20.1550094,-5.6104212],[20.1587859,-5.5979499],[20.1402465,-5.580182],[20.1419631,-5.5443028],[20.1301185,-5.5463531],[20.1399032,-5.5138892],[20.1268569,-5.418196],[20.1392165,-5.380769],[20.1373282,-5.3503471],[20.1718322,-5.3219748],[20.1699439,-5.2970198],[20.1956931,-5.2836873],[20.1884833,-5.2414656],[20.199298,-5.2257386],[20.1938048,-5.1939415],[20.2051345,-5.1872742],[20.1889983,-5.1720587],[20.1938048,-5.1518848],[20.1788527,-5.1136386],[20.1841984,-5.0933731],[20.1703151,-5.086082],[20.168421,-5.0629926],[20.1413078,-5.0390525],[20.144012,-5.00457],[20.1115675,-4.9621666],[20.1005769,-4.8720012],[20.0847913,-4.8250264],[20.0660288,-4.7916868],[20.0535431,-4.7875071],[20.0612503,-4.752951],[20.0464994,-4.7449523],[20.0606439,-4.7244512],[20.0519135,-4.7000552],[20.0683748,-4.6727541],[20.0588583,-4.6591963],[20.0676216,-4.6370802],[20.0548308,-4.6260132],[20.0607578,-4.5946667],[20.0873531,-4.5432403],[20.0985911,-4.5423769],[20.1239011,-4.5023333],[20.0913527,-4.4763129],[20.0847763,-4.4488299],[20.0924212,-4.4380804],[20.0592789,-4.3778567],[20.0394616,-4.3605833],[20.0430665,-4.3203586],[20.0297198,-4.3127146],[20.0281319,-4.2921144],[20.0305352,-4.285096],[20.1377674,-4.2837618],[20.1683231,-4.3378533],[20.1815411,-4.3424749],[20.2052794,-4.329015],[20.2409359,-4.3787618],[20.2565571,-4.3826984],[20.2807613,-4.3710595],[20.3211509,-4.381734],[20.3329955,-4.3769415],[20.3501616,-4.3623927],[20.348445,-4.3266186],[20.3649245,-4.3002576],[20.3980552,-4.2821125],[20.4337147,-4.2937498],[20.4531124,-4.2545487],[20.4685979,-4.2689701],[20.5082127,-4.2627061],[20.5995365,-4.2204219],[20.6221958,-4.1952557],[20.6345036,-4.1582455],[20.6513996,-4.1550002],[20.6751404,-4.1330099],[20.6706009,-3.9363899],[20.6597004,-3.8652799],[20.6630993,-3.7136099],[20.6418991,-3.53444],[20.6471996,-3.3927801],[20.6564479,-3.2840142],[20.7444707,-2.7663249],[20.8413058,-2.6228818],[20.86645958742506,-2.568266401005963],[20.9219672,-2.5687557],[20.9726751,-2.5556915],[21.0052978,-2.5325767],[21.2139812,-2.5353671],[21.2445904,-2.5112563],[21.2712856,-2.4646469],[21.2770804,-2.4741684],[21.2848096,-2.4684973],[21.2948219,-2.4758007],[21.2960037,-2.4853786],[21.3105009,-2.4867713],[21.3130354,-2.5012548],[21.337659,-2.5008823],[21.3544998,-2.5078508],[21.3556099,-2.5174349],[21.3657971,-2.5113921],[21.4117812,-2.5197248],[21.4241145,-2.5128926],[21.4419621,-2.5283881],[21.4689498,-2.5309303],[21.4766185,-2.5429842],[21.4810501,-2.5371389],[21.4874513,-2.5457428],[21.5234578,-2.5492165],[21.5216564,-2.5550965],[21.570901,-2.5824457],[21.5675496,-2.5899368],[21.5910868,-2.6127057],[21.61678095920801,-2.623710039713088],[21.6353681,-2.6430198],[21.6577857,-2.6475677],[21.654012,-2.6527554],[21.658883092292474,-2.655643435236849],[21.6591533,-2.6576319],[21.665230688163646,-2.659406878720265],[21.6773712,-2.6666049],[21.693239576238195,-2.667587231689652],[21.6969712,-2.6686771],[21.697904806827268,-2.6678760327477056],[21.70838878915613,-2.6685250435803707],[21.7281087,-2.6743815],[21.744775585685897,-2.6707775678953722],[21.8685238,-2.6784382],[21.9895219,-2.7333805],[22.0670972,-2.7518388],[22.166743753792183,-2.909582508614004],[22.179956575288763,-2.942678389165282],[22.189996611557046,-2.97565916172557],[22.1933002,-3.0163901],[22.1068993,-3.26],[22.0611,-3.32833],[22.0547009,-3.38111],[22.0377998,-3.4275],[21.9738998,-3.5],[21.9685993,-3.5541699],[21.971601292294146,-3.573653384538401],[21.9710999,-3.58972],[21.976304603241598,-3.604178741416448],[21.9780998,-3.6158299],[21.982723905739842,-3.6220116572596144],[21.9855995,-3.6300001],[21.996485707931225,-3.6404091865091956],[22.0046997,-3.6513901],[22.00943831824842,-3.652794108987561],[22.0163994,-3.6594501],[22.1124992,-3.6833301],[22.1336002,-3.7011099],[22.2028008,-3.87889],[22.1933002,-3.90694],[22.0993996,-3.90639],[22.0494003,-3.91945],[22.0172918,-3.9632215],[22.0825232,-3.9829151],[22.1046675,-4.0200748],[22.1558226,-4.0428493],[22.208351,-4.0132252],[22.269893,-3.994279],[22.2702503,-4.0241569],[22.2891659,-4.0511314],[22.3157984,-4.0753856],[22.3333789,-4.0730617],[22.3802254,-4.1144384],[22.4174005,-4.1756086],[22.4636899,-4.1743145],[22.4885231,-4.1935552],[22.522102803418335,-4.197868861654758],[22.522806588467237,-4.198289602548504],[22.5385608,-4.3052597],[22.5290136,-4.370251],[22.5356462,-4.3982329],[22.5288949,-4.4398931],[22.5367248,-4.4553719],[22.4958176,-4.4882894],[22.4630526,-4.4964802],[22.4184361,-4.613473],[22.3105106,-4.6602302],[22.2027607,-4.8159399],[22.1572495,-4.8580298],[22.1150303,-4.9410901],[22.1212502,-5.0244799],[22.0892296,-5.1078901],[22.0601006,-5.1467299],[22.0426197,-5.14926],[21.9766808,-5.0925202],[21.9347992,-5.0882401],[21.8630295,-5.0239501],[21.8517399,-5.0232401],[21.8098793,-5.08114],[21.6889166,-5.0649129],[21.6925578,-5.129643],[21.6666111,-5.1724708],[21.6647949,-5.2044143],[21.6400551,-5.238587],[21.6455185,-5.299377],[21.6244302,-5.320726],[21.6677725,-5.3316306],[21.6722357,-5.3601734],[21.6590178,-5.3851258],[21.6631376,-5.3967472],[21.6895735,-5.3993107],[21.6960966,-5.4208437],[21.7189276,-5.4384454],[21.758753,-5.446648],[21.7644178,-5.4683502],[21.7754042,-5.4755271],[21.8265593,-5.4550214],[21.8227827,-5.4362239],[21.849253,-5.4212744],[21.877566,-5.476682],[21.9276033,-5.5244895],[21.9427942,-5.5715308],[21.9792609,-5.609815],[21.9781749,-5.6433489],[21.9453995,-5.7507951],[21.8783698,-5.8222021],[21.8824153,-5.8661089],[21.8325648,-5.868046],[21.7955664,-5.8455754],[21.7816193,-5.8188296],[21.7546574,-5.7991482],[21.7588565,-5.7823547],[21.7489682,-5.7644387],[21.7242675,-5.7839258],[21.6805552,-5.8448927],[21.6669803,-5.9004302],[21.6334277,-5.9410224],[21.6170686,-5.9388374],[21.6041851,-5.9509874],[21.5760918,-6.0346541],[21.5881455,-6.0744989],[21.5819121,-6.107041],[21.5981317,-6.198019],[21.5937269,-6.2471286],[21.6074185,-6.270956],[21.6038527,-6.2842931],[21.6228169,-6.3578106],[21.6050676,-6.4504279],[21.5571179,-6.4542091],[21.5372557,-6.4751061],[21.5406201,-6.4949001],[21.5760176,-6.5179998],[21.56016,-6.5604],[21.57109,-6.56938],[21.610618,-6.5444003],[21.6291112,-6.5964144],[21.6925965,-6.6422017],[21.6618818,-6.6813197],[21.6276096,-6.6940843],[21.611684,-6.7400613],[21.5833505,-6.7237624],[21.5804853,-6.7308291],[21.601516,-6.7559686],[21.5925511,-6.7751414],[21.5685924,-6.7566822],[21.5367864,-6.7640146],[21.4899543,-6.7829648],[21.4627454,-6.8126326],[21.4548058,-6.805588],[21.44306,-6.8151124],[21.4257414,-6.8118902],[21.4064958,-6.832861],[21.4207834,-6.8367492],[21.4234178,-6.85553],[21.4415404,-6.8628806],[21.4512275,-6.8848432],[21.5042389,-6.9106784],[21.5436335,-6.9778948],[21.5961753,-7.0268225],[21.595038,-7.0357639],[21.6611797,-7.0720369],[21.6741385,-7.1075702],[21.6683532,-7.1162139],[21.6924968,-7.1389151],[21.7104442,-7.1387031],[21.7210305,-7.1946571],[21.7628538,-7.242422],[21.7850301,-7.244542],[21.7946994,-7.2570185],[21.789226,-7.283333],[21.78343814814814,-7.283333],[21.76449,-7.282758],[21.730901,-7.282965],[21.658243,-7.283172],[21.60165188888899,-7.283333],[21.585483,-7.283379],[21.512619,-7.283585],[21.439962,-7.283792],[21.367098,-7.283999],[21.294338,-7.284205],[21.221784,-7.284412],[21.148921,-7.284619],[21.076263,-7.284722],[21.003503,-7.284929],[20.930743,-7.285239],[20.857982,-7.285342],[20.785222,-7.285549],[20.712565,-7.285859],[20.639804,-7.285962],[20.567044,-7.286169],[20.520535,-7.286376],[20.519398,-7.23718],[20.518261,-7.189741],[20.524463,-7.143129],[20.545443,-7.088558],[20.560946,-7.047837],[20.588128,-6.976834],[20.611213937329428,-6.916668042515239],[20.611486,-6.915959],[20.553711,-6.916166],[20.467308,-6.916373],[20.387947338169635,-6.916667237731036],[20.321995,-6.916667],[20.32062724870301,-6.918374017021928],[20.319514,-6.918543],[20.311246,-6.925054],[20.303184,-6.940144],[20.298637,-6.95451],[20.294192,-6.987479],[20.294282000211044,-7.000001144748513],[20.294282000211044,-7.000001144748523],[19.9662046,-7.0000448],[19.9752279,-6.9915527],[19.9667853,-6.9848652],[19.9729675,-6.9780022],[19.9633279,-6.9402614],[19.9510519,-6.9360986]]]}},{"type":"Feature","properties":{"id":"CD-LO","country":"CD","name_en":"Lomami"},"geometry":{"type":"Polygon","coordinates":[[[25.8568711,-6.1608131],[25.824022,-6.1618361],[25.8333836,-6.1866464],[25.8110561,-6.2122993],[25.7489461,-6.2291564],[25.7175712,-6.2494034],[25.7035824,-6.2448734],[25.6861803,-6.2802008],[25.6119525,-6.2851005],[25.5534605,-6.3001959],[25.5209302,-6.2976227],[25.4907201,-6.3412608],[25.4636629,-6.3283669],[25.4470037,-6.3328421],[25.4324309,-6.3591626],[25.4085357,-6.3565636],[25.4020258,-6.3448462],[25.3706183,-6.3805895],[25.309727,-6.3863922],[25.3033295,-6.4245843],[25.2693813,-6.433669],[25.2865171,-6.4676736],[25.3229745,-6.4892566],[25.3212924,-6.4987582],[25.3653327,-6.5458373],[25.3782696,-6.552005],[25.3857144,-6.5400598],[25.404155,-6.5578629],[25.4151083,-6.5521346],[25.417735,-6.569941],[25.4367352,-6.5884532],[25.443860651569626,-6.589161469373466],[25.458941051128615,-6.600256019765473],[25.471126944338497,-6.619859093421985],[25.4713435,-6.6701599],[25.4471404,-6.6982451],[25.4523728,-6.7147513],[25.4412103,-6.7162711],[25.451900499930765,-6.73486757646848],[25.450867899977386,-6.736578415847808],[25.379441194579464,-6.794708668440457],[25.363787976952803,-6.800562588041153],[25.3035694,-6.8171686],[25.2856007,-6.7622199],[25.279595920348687,-6.755202860591914],[25.2777996,-6.7505598],[25.26507316886576,-6.738231926538198],[25.2528,-6.7238898],[25.242747826409744,-6.716605753899061],[25.2408009,-6.7147198],[25.237685597325694,-6.71293754127911],[25.2182999,-6.6988902],[25.19968168026687,-6.691195572781236],[25.1942005,-6.6880598],[25.18334247311893,-6.684442826822942],[25.1557999,-6.6730599],[25.143504536667272,-6.6711722069254895],[25.1308002,-6.6669402],[25.0580997,-6.6580601],[24.9496994,-6.6658301],[24.9269009,-6.68472],[24.9060993,-6.7213898],[24.9118996,-6.7863898],[24.8269563,-6.8396101],[24.7824056,-6.8920695],[24.7516802,-6.8901818],[24.7344613,-6.9198915],[24.7264194,-6.9199963],[24.7291023,-6.9278344],[24.7142706,-6.9331518],[24.6988706,-6.9544639],[24.6728235,-6.9592716],[24.6582033,-6.9514803],[24.6600496,-6.9584415],[24.6481178,-6.9622222],[24.6476743,-6.9815093],[24.660295,-7.0019042],[24.5582488,-7.0227581],[24.5409241,-7.0037385],[24.5168279,-7.064999],[24.4011562,-7.0475807],[24.3827991,-7.05972],[24.3467391,-7.0580949],[24.327015,-7.0501236],[24.3121689,-7.0304177],[24.2996908,-7.0330844],[24.2696568,-7.0138361],[24.23463,-7.0187704],[24.2191726,-7.0103935],[24.232192,-6.9959165],[24.2315054,-6.9736383],[24.2090231,-6.9290522],[24.1956711,-6.9248772],[24.1891104,-6.9095135],[24.1516211,-6.9031176],[24.149658,-6.920636],[24.1597937,-6.9354698],[24.1521508,-6.9443183],[24.1225349,-6.9467021],[24.1564875,-6.9837338],[24.1335225,-6.9993063],[24.1506801,-7.0169621],[24.145929,-7.0481005],[24.1297467,-7.046436],[24.1226736,-7.0682362],[24.0688964,-7.0671281],[24.05248,-7.109425],[24.0327265,-7.124009],[24.0141039,-7.1642223],[23.9872584,-7.1844296],[23.984909,-7.2005657],[23.9627903,-7.2068352],[23.9679356,-7.2362635],[23.9897521,-7.2619934],[23.9809414,-7.270164],[23.9788385,-7.3085163],[23.9665653,-7.3239258],[23.970346,-7.3420726],[23.9980549,-7.3464577],[24.0127772,-7.3639829],[24.0100221,-7.3753292],[23.9803998,-7.390061],[23.9684024,-7.4760999],[23.9575093,-7.4867169],[23.9628312,-7.4912652],[23.953063,-7.5155837],[23.931727,-7.5281421],[23.9387213,-7.556805],[23.9254622,-7.5702764],[23.941888,-7.5985771],[23.9311634,-7.6239444],[23.9396614,-7.6314308],[23.9280945,-7.6428802],[23.9353748,-7.6756422],[23.925747,-7.6825377],[23.9364483,-7.6905913],[23.9221291,-7.7184812],[23.96671873506259,-7.808945702568566],[23.96548037452615,-7.826108920273493],[23.9532312,-7.8672529],[23.9661808,-7.8885607],[23.9372397,-7.9154026],[23.9176268,-7.9035832],[23.9038365,-7.9072386],[23.8947946,-7.8964491],[23.8704163,-7.8961508],[23.8393075,-7.9605045],[23.816816,-7.9675771],[23.8173364,-7.9531849],[23.7591467,-7.9661357],[23.7578041,-7.9448124],[23.7380496,-7.9428887],[23.7199806,-7.915579],[23.6865939,-7.997032],[23.6358702,-7.9824412],[23.6177298,-7.9562185],[23.5915774,-7.942042],[23.546662,-7.9528439],[23.5223966,-7.9800197],[23.4835882,-7.9877438],[23.4570143,-7.9725791],[23.4187952,-7.9720019],[23.4048321,-7.9568131],[23.3808107,-7.9556451],[23.364055052611473,-7.9695938303956515],[23.35735989751595,-7.967322528457893],[23.3504465,-7.9597559],[23.3277273,-7.9572698],[23.3043989,-7.9787293],[23.2797727,-7.9864046],[23.2291203,-7.9543844],[23.2156601,-7.9608746],[23.2045184,-7.9522024],[23.2077649,-7.9161057],[23.181078,-7.9158313],[23.1745732,-7.8798725],[23.1772435,-7.8637463],[23.1896902,-7.8563988],[23.1924803,-7.8179249],[23.1796707,-7.8011939],[23.1908181,-7.7874616],[23.18963526347075,-7.769727135521193],[23.2230032,-7.707356],[23.2137952,-7.6989693],[23.2181493,-7.685617],[23.2340959,-7.6671141],[23.2325893,-7.63609],[23.2247299,-7.6288453],[23.2299143,-7.6064652],[23.220377,-7.597533],[23.2338204,-7.5750628],[23.2133921,-7.5358731],[23.2128369,-7.5147188],[23.2386763,-7.4988905],[23.2618336,-7.4568296],[23.26161590640273,-7.456022899944526],[23.262523,-7.4543278],[23.2543098,-7.4289489],[23.2380705,-7.4167797],[23.2588808,-7.3881139],[23.2635962,-7.3647266],[23.2548963,-7.3610683],[23.2535201,-7.3459089],[23.2309147,-7.3364568],[23.2425421,-7.2837868],[23.2449591,-7.2054129],[23.24195696841809,-7.201826798560608],[23.2417456,-7.1722202],[23.24092638778721,-7.171745702442552],[23.2411644,-7.1702129],[23.2201081,-7.1596875],[23.2398901,-7.1040817],[23.2337361,-7.0927716],[23.2400753,-7.0595023],[23.2684053,-7.0410466],[23.2667957,-7.0249599],[23.256636,-7.0212392],[23.2603859,-7.0114881],[23.2531679,-7.0102002],[23.2568508,-6.9913065],[23.2766734,-6.9769245],[23.2699656,-6.9709911],[23.2808283,-6.9622938],[23.2804785,-6.9393565],[23.2710938,-6.9376614],[23.2788935,-6.9185272],[23.2861616,-6.9194462],[23.2851612,-6.9173624],[23.274983,-6.9167722],[23.2619446,-6.9217582],[23.2440386,-6.9157661],[23.2159706,-6.9277472],[23.1632074,-6.9108307],[23.1622078,-6.9008356],[23.153,-6.902752],[23.1442231,-6.8918897],[23.1412233,-6.8687785],[23.1249709,-6.8787666],[23.0851081,-6.8677608],[23.0610578,-6.8466733],[23.06401,-6.826976],[23.0432658,-6.798014],[23.0152241,-6.7869872],[23.0176483,-6.7720579],[23.0612204,-6.7161196],[23.0821533,-6.6455414],[23.0775584,-6.6382159],[23.0956752,-6.6232872],[23.0909763,-6.5864331],[23.1063686,-6.5656982],[23.10575477689619,-6.5643150101657755],[23.1067597,-6.562811],[23.1002167,-6.5518355],[23.1276803,-6.5149611],[23.13459800708665,-6.495472872158053],[23.14216,-6.4830762],[23.1448376373301,-6.466626284018072],[23.145448,-6.4649068],[23.1571639,-6.4657623],[23.1610737,-6.4815005],[23.1525567,-6.4997245],[23.1705999,-6.5100911],[23.1678018,-6.551327],[23.1825701,-6.5746105],[23.1738153,-6.5823004],[23.1765509,-6.5946557],[23.2490139,-6.5849203],[23.3161502,-6.5399657],[23.3447673,-6.5470592],[23.3665013,-6.5291],[23.3937632,-6.5479585],[23.427712,-6.5319887],[23.4326579,-6.5401162],[23.4472266,-6.5387578],[23.4440287,-6.5531086],[23.4531906,-6.554045],[23.4332894,-6.5861244],[23.4188133,-6.5897398],[23.4424051,-6.6579545],[23.4769707,-6.6711102],[23.5913696,-6.7767],[23.6270613,-6.7817697],[23.6339278,-6.7519723],[23.6724743,-6.7489805],[23.69776,-6.7355557],[23.7123255,-6.7619277],[23.7373709,-6.7600866],[23.7473502,-6.7338166],[23.7314014,-6.7221311],[23.7581368,-6.6817516],[23.7911784,-6.6750627],[23.7862356,-6.6637646],[23.7606752,-6.657794],[23.7669983,-6.6484196],[23.7451873,-6.6407484],[23.7525038,-6.6321249],[23.7509354,-6.5875571],[23.76122,-6.5930504],[23.7740463,-6.5867742],[23.7744071,-6.5496158],[23.7812213,-6.5316827],[23.7911051,-6.5286829],[23.7699513,-6.514408],[23.7869811,-6.4992859],[23.7820209,-6.4845887],[23.7925427,-6.4859913],[23.804478,-6.4699013],[23.8009872,-6.4526101],[23.8103419,-6.4461526],[23.7944517,-6.4211851],[23.799685,-6.398907],[23.8201086,-6.4055508],[23.8105538,-6.396249],[23.8450815,-6.3651631],[23.857133,-6.3979691],[23.9097629,-6.3913499],[23.9113878,-6.4115583],[23.924697,-6.4150127],[23.9381704,-6.4063074],[23.9475876,-6.4167586],[23.9601192,-6.4052792],[23.9883803,-6.4047941],[23.997294,-6.3953462],[24.0195291,-6.4011344],[24.0222207,-6.3902591],[24.0710235,-6.3822944],[24.0735797,-6.366178],[24.0918536,-6.3603295],[24.0999518,-6.3436619],[24.0833942,-6.3274017],[24.0086957,-6.3011304],[24.0001074,-6.2895246],[24.0076397,-6.2179244],[24.0365696,-6.2056359],[24.0588231,-6.2083841],[24.0809543,-6.1893423],[24.1074918,-6.1920344],[24.1390558,-6.1461197],[24.1394523,-6.1298877],[24.1675619,-6.1188787],[24.1755753,-6.1065014],[24.158669,-6.0656569],[24.124385,-6.0677479],[24.1064042,-6.0469915],[24.0736302,-6.0574298],[24.0602383,-6.0349329],[24.0308896,-6.0387632],[24.0180686,-6.0249783],[23.9970911,-6.0266694],[24.0149115,-5.9526874],[23.9756069,-5.9381964],[23.970235,-5.8824831],[23.9604801,-5.871725],[23.9545982,-5.8245985],[24.0181848,-5.8439039],[24.1438352,-5.8247525],[24.1764386,-5.7802702],[24.14534,-5.7342901],[24.1063595,-5.7163401],[24.0630093,-5.6804299],[24.0524292,-5.6099901],[24.0633297,-5.53127],[24.0476608,-5.5258899],[24.0432796,-5.48384],[24.2709103,-5.4984002],[24.3513908,-5.4900799],[24.4366093,-5.4623399],[24.5560493,-5.4000702],[24.5858593,-5.2339902],[24.5876503,-5.1498799],[24.6036606,-5.1132002],[24.6863003,-5.00351],[24.7707806,-4.9800901],[24.8024597,-4.9408898],[24.8173809,-4.8991799],[24.9690326,-4.8136533],[24.9851508,-4.8526704],[25.0104148,-4.8789772],[25.0105677,-4.9128806],[25.013277464625997,-4.915236897748718],[25.0135918,-4.9192184],[25.0258151,-4.9261391],[25.0409634,-4.9702255],[25.0594239,-4.9854895],[25.0513761,-4.9998999],[26.2782604,-5.0],[26.2522506,-5.0445648],[26.2051499,-5.0884828],[26.1989605,-5.1289653],[26.206962,-5.2191466],[26.1869943,-5.2460828],[26.1485207,-5.2704904],[26.1294637,-5.3252032],[26.0797005,-5.3899999],[26.1452999,-5.5050001],[26.0814884,-5.5955847],[26.0849991,-5.6819401],[26.0971885,-5.7137041],[26.1592704,-5.7624116],[26.1735248,-5.795814],[26.1618996,-5.9011102],[26.17298685699811,-6.021150349682445],[26.158336236399638,-6.051802564868659],[26.1352997,-6.0880599],[26.13585934381816,-6.098829006069157],[26.1352997,-6.0999999],[26.13600262162715,-6.101586070245128],[26.1366997,-6.1149998],[26.1805992,-6.20222],[26.1686001,-6.23806],[26.14069973206528,-6.261687917131588],[26.0358009,-6.2602801],[25.9913998,-6.3033299],[25.9666996,-6.3080602],[25.9475002,-6.2922201],[25.9512793,-6.2250326],[25.9404661,-6.2129129],[25.8568711,-6.1608131]]]}},{"type":"Feature","properties":{"id":"CD-LU","country":"CD","name_en":"Lualaba"},"geometry":{"type":"Polygon","coordinates":[[[21.8788554,-7.6940309],[21.9366195,-7.6945945],[21.9484641,-7.6834624],[21.9615211,-7.7099046],[21.9968351,-7.7055056],[22.0051188,-7.6852433],[22.036888,-7.6894091],[22.0426386,-7.7219637],[22.1421741,-7.8457853],[22.1883224,-7.8756646],[22.282858,-7.86564],[22.4120598,-7.7967546],[22.5008,-7.79333],[22.6117605,-7.7440499],[22.6539108,-7.7756751],[22.6397381,-7.786749],[22.6497105,-7.7949738],[22.6477471,-7.8277651],[22.6777798,-7.8547881],[22.6654417,-7.8921976],[22.6962499,-7.8945923],[22.709873,-7.9133518],[22.8079202,-7.9186938],[22.9460316,-7.8889081],[23.0522286,-7.887785],[23.0711223,-7.8956638],[23.0793685,-7.8942817],[23.1030025,-7.8373488],[23.1481424,-7.7886231],[23.1872427,-7.7741993],[23.1908181,-7.7874616],[23.1796707,-7.8011939],[23.1924803,-7.8179249],[23.1896902,-7.8563988],[23.1772435,-7.8637463],[23.1745732,-7.8798725],[23.181078,-7.9158313],[23.2077649,-7.9161057],[23.2045184,-7.9522024],[23.2156601,-7.9608746],[23.2291203,-7.9543844],[23.2797727,-7.9864046],[23.3043989,-7.9787293],[23.3277273,-7.9572698],[23.3504465,-7.9597559],[23.361431,-7.9717783],[23.3808107,-7.9556451],[23.4048321,-7.9568131],[23.4187952,-7.9720019],[23.4570143,-7.9725791],[23.4835882,-7.9877438],[23.5223966,-7.9800197],[23.546662,-7.9528439],[23.5915774,-7.942042],[23.6177298,-7.9562185],[23.6358702,-7.9824412],[23.6865939,-7.997032],[23.7181892,-8.1173],[23.7215195,-8.28335],[23.7153397,-8.3246899],[23.6756706,-8.4066696],[23.6709595,-8.4904203],[23.6294708,-8.5752802],[23.6265697,-8.6166201],[23.6772308,-8.7412996],[23.8553391,-8.7763996],[24.0094299,-8.8672199],[24.1056004,-8.9422703],[24.2305298,-8.9817104],[24.2709808,-9.0341597],[24.3547897,-9.1800299],[24.3544292,-9.1965599],[24.3114605,-9.2188797],[24.1869202,-9.2570696],[24.15524,-9.28441],[24.1658497,-9.4094896],[24.1476593,-9.4928904],[24.1203594,-9.5346003],[24.0854397,-9.6607904],[23.99589,-9.78486],[23.99627,-9.82656],[24.02142,-9.88944],[24.06295,-9.92823],[24.146,-9.96698],[24.14914,-10.00743],[24.18716,-9.98241],[24.19953,-9.95221],[24.22866,-9.92703],[24.26982,-9.95755],[24.39584,-9.97974],[24.41551,-9.99338],[24.43409,-9.99373],[24.47851,-9.97069],[24.5193,-9.97318],[24.56228,-9.98968],[24.64605,-9.99393],[24.72981,-9.97338],[24.81285,-9.9841],[24.89552,-9.96535],[24.95563,-10.03467],[24.97967,-10.03466],[25.0583096,-9.95193],[25.1038303,-9.9296103],[25.3128605,-9.8651104],[25.5276909,-9.7431002],[25.5367908,-9.7017603],[25.5181999,-9.6608],[25.5210991,-9.6180296],[25.4944897,-9.5346603],[25.4926491,-9.4944],[25.5217705,-9.4566402],[25.5618305,-9.4530201],[25.6467094,-9.5047102],[25.6889496,-9.4888601],[25.7038803,-9.4913702],[25.7709103,-9.5373297],[25.9191704,-9.6173697],[25.9807301,-9.6629696],[26.0226192,-9.6679697],[26.0921803,-9.6596498],[26.2309303,-9.6308002],[26.3341547,-9.5963707],[26.3434601,-9.6181297],[26.3201809,-9.7026196],[26.3205605,-9.7443104],[26.3391495,-9.7849102],[26.3577194,-9.8007097],[26.4404106,-9.8369598],[26.6498394,-9.8892803],[26.7336102,-9.8978395],[26.8155708,-9.9365997],[26.868,-9.9092398],[26.9419308,-9.9052296],[26.9841805,-9.89046],[27.039516481606174,-9.90810354100776],[27.0657692,-9.9227514],[27.1054897,-9.9938898],[27.1059056,-10.0352446],[26.9689808,-10.2035398],[26.9657192,-10.2445202],[27.0243607,-10.2685604],[27.0669899,-10.3127403],[27.1048698,-10.3281698],[27.1500397,-10.3694696],[27.1489601,-10.4075699],[27.1023598,-10.4528904],[26.9814606,-10.4882097],[26.68717,-10.4535599],[26.6063309,-10.4744701],[26.5961399,-10.4960403],[26.6201992,-10.5786896],[26.6009102,-10.6204004],[26.5998497,-10.7045097],[26.5747604,-10.8288898],[26.5234203,-10.8544502],[26.4400196,-10.87644],[26.4170895,-10.9127598],[26.3567104,-11.1636896],[26.3144703,-11.1824102],[26.2725697,-11.1292496],[26.2496109,-11.0785799],[26.2492294,-11.0365295],[26.2765102,-10.9121504],[26.2491798,-10.8701096],[26.2061996,-10.8708601],[26.1894493,-10.8795004],[26.1060696,-10.9442596],[26.0645599,-10.9500399],[25.98115,-10.93178],[25.93855,-10.9735],[25.85589,-11.00591],[25.83514,-11.03864],[25.86649,-11.12128],[25.86322,-11.16442],[25.78276,-11.24751],[25.79189,-11.32981],[25.77261,-11.38697],[25.66704,-11.53909],[25.4922705,-11.7082938],[25.4680184,-11.6794563],[25.4365315,-11.6825133],[25.386388,-11.64983],[25.3391665,-11.6338562],[25.330556,-11.580359],[25.311208926209833,-11.567727940281987],[25.3121631,-11.5339947],[25.298702080015534,-11.524584442224729],[25.29754012036645,-11.515643127918873],[25.304215,-11.510405],[25.3137426,-11.5182003],[25.3320914,-11.4949663],[25.30964861948542,-11.48919409354761],[25.315385,-11.482502],[25.316728,-11.472994],[25.305916,-11.4333298],[25.2947962,-11.4276744],[25.3022476,-11.4135358],[25.2833325,-11.3970281],[25.28188023274304,-11.36659837834455],[25.313482,-11.3468936],[25.3155837,-11.327176],[25.2920067,-11.3058918],[25.3380318,-11.2807649],[25.323629841784733,-11.256311830809254],[25.3353569,-11.2494308],[25.3341341,-11.2293693],[25.353737,-11.1968889],[25.3021791,-11.191711],[25.287227800542404,-11.198553210157902],[25.278798,-11.199935],[25.20862084319676,-11.234526359084361],[25.2051103,-11.2361329],[25.1456424,-11.2372792],[25.1183588,-11.2547327],[25.0626739,-11.2597194],[25.0545633,-11.2504052],[25.0335848,-11.254876],[25.0278243,-11.2450459],[24.9771664,-11.2526253],[24.9681101,-11.2624076],[24.9272993,-11.259771],[24.9116323,-11.2745591],[24.8704394,-11.2663435],[24.8693694,-11.2864432],[24.8506072,-11.2967605],[24.8253106,-11.2965694],[24.7945497,-11.309982],[24.7828504,-11.3022185],[24.7504973,-11.3030846],[24.7285719,-11.3164023],[24.739273000871044,-11.32595261936459],[24.712527,-11.326026],[24.67408,-11.341632],[24.663331,-11.351657],[24.652002216670084,-11.366762870168007],[24.635219,-11.385867],[24.62233961822701,-11.39133430938838],[24.60225,-11.395686],[24.593258,-11.399613],[24.584576,-11.407365],[24.578582,-11.415633],[24.574448,-11.425141],[24.573673368464597,-11.427864782421299],[24.564733,-11.444675],[24.554191,-11.446329],[24.542512,-11.445398],[24.532693,-11.446122],[24.515081186818154,-11.452617711141459],[24.446497,-11.463589],[24.4198871,-11.4270295],[24.3645017,-11.4006492],[24.310071,-11.406641],[24.293738617192695,-11.3987556884476],[24.285473,-11.381216],[24.3396964,-11.3681661],[24.343765,-11.3552384],[24.3581363,-11.3532041],[24.3636486,-11.3287269],[24.3848447,-11.3051028],[24.401644,-11.2646137],[24.3975058,-11.2506581],[24.4075351,-11.2470737],[24.4099132,-11.2378371],[24.397488877101992,-11.23273779133733],[24.4018139,-11.1999258],[24.3771371,-11.173629],[24.3876144,-11.1585679],[24.392474,-11.1214836],[24.3792739,-11.0851232],[24.3018313,-11.0413872],[24.240429082172476,-11.048000286746822],[24.2312988,-11.0361916],[24.1861441,-11.0205514],[24.14685005201263,-11.0395790090658],[24.1356664,-10.9961353],[24.1434855,-10.9840763],[24.1195922,-10.9496932],[24.1324772,-10.9247491],[24.1137279,-10.904513],[24.101682962571065,-10.907434884829158],[24.09148,-10.897835],[24.048382,-10.882332],[24.00146,-10.873444],[23.967457,-10.872307],[23.948646,-10.881505],[23.940585,-10.901556],[23.938411840545864,-10.913129394419675],[23.927976,-10.945377],[23.905068389544063,-10.961924265834133],[23.89728,-10.966461],[23.887771,-10.974419],[23.881777,-10.984548],[23.87918396449564,-10.992116897044891],[23.867411,-11.016381],[23.842979456023013,-11.025149178249777],[23.759381,-10.987303],[23.686401,-11.004194],[23.668621,-11.003144],[23.648012,-10.982696],[23.597096,-10.986252],[23.531552,-10.9456],[23.486616,-10.938246],[23.394967,-10.960956],[23.196754,-11.071881],[23.114692,-11.085524],[23.04927687306877,-11.096572531243616],[22.908197453844114,-11.086357310729865],[22.884618,-11.065543],[22.8705281212993,-11.062133670114887],[22.853106,-11.053071],[22.829231,-11.052141],[22.806907,-11.063096],[22.788936199958012,-11.075907921700225],[22.764222,-11.090485],[22.688982,-11.092965],[22.633432,-11.070574],[22.627552,-11.046752],[22.605132,-11.034679],[22.577667,-11.028144],[22.50893,-11.039479],[22.50685396610611,-11.041580184209002],[22.500983,-11.042426],[22.49762420281854,-11.050921762364233],[22.490605,-11.058026],[22.469357,-11.122421],[22.440315,-11.146915],[22.340269,-11.180195],[22.325696,-11.190324],[22.281771,-11.236729],[22.248560875009776,-11.248967685021508],[22.268516,-11.178218],[22.253507188218425,-11.151340354629902],[22.243841,-11.078289],[22.23733,-11.059376],[22.218794429188204,-11.0209548146007],[22.217176,-11.012763],[22.213972,-11.007906],[22.211718276248938,-11.006287115032455],[22.200974,-10.984016],[22.204812,-10.935395],[22.190829,-10.923989],[22.175903896990587,-10.887915134899457],[22.174801,-10.884296],[22.173462705372614,-10.882014792566428],[22.1668799,-10.8661042],[22.1721042,-10.8519347],[22.2230552,-10.8090568],[22.2681435,-10.7849817],[22.3038458,-10.7824888],[22.3283,-10.760136],[22.33427,-10.735412],[22.321062217489395,-10.724606819424114],[22.32642,-10.694643],[22.309754132017797,-10.664033941839305],[22.3122126,-10.6400782],[22.3200443,-10.6362375],[22.3096287,-10.6148067],[22.3164681,-10.5648508],[22.307486,-10.5310911],[22.275206435790135,-10.504617119828055],[22.2850856,-10.4970583],[22.2910514,-10.4585805],[22.3041999,-10.4469717],[22.3266003,-10.3802309],[22.31044184858488,-10.358220629639728],[22.31009,-10.356989],[22.305055147365614,-10.350883122650965],[22.3114841,-10.3470976],[22.3057334,-10.32533],[22.2984492,-10.3280241],[22.3020378,-10.3194505],[22.2937938,-10.3198879],[22.27987341929502,-10.29681100847818],[22.2771469,-10.261011],[22.25575902652456,-10.247790215746049],[22.2557843,-10.2294057],[22.2155204,-10.1582935],[22.2237956,-10.1314486],[22.2127966,-10.1261462],[22.2220303,-10.1107286],[22.2126608,-10.0933049],[22.2216682,-10.0711118],[22.2057357,-10.0408375],[22.2138389,-10.0206589],[22.1937194,-9.9968862],[22.2035041,-9.9831924],[22.1868376,-9.9212768],[22.1470366,-9.8869981],[22.1281673,-9.8908362],[22.1111698,-9.8699891],[22.095120291016094,-9.880669142113133],[22.090982,-9.877122],[22.079923,-9.871644],[22.07533784304003,-9.876296027850984],[22.0691186,-9.8749212],[22.0396315,-9.8301387],[22.0243523,-9.8332344],[22.0136195,-9.8212434],[22.0105901,-9.7912725],[21.9980916,-9.7796212],[21.9977801,-9.7498684],[21.985033940635894,-9.759348656252936],[21.984425,-9.748758],[21.975396066398503,-9.753318107808646],[21.9681682,-9.7266718],[21.9354499,-9.7071771],[21.9367242,-9.6869161],[21.8957711,-9.6693913],[21.8894727,-9.6500789],[21.87471355189456,-9.650452388998461],[21.874309,-9.6277523],[21.8648053,-9.6244413],[21.8724567,-9.6106336],[21.8610142,-9.5957329],[21.8656708,-9.5610988],[21.835239612734824,-9.511768464142488],[21.8309527,-9.456616],[21.792082709061052,-9.40640332745725],[21.8105549,-9.3730963],[21.810324854869954,-9.337828737979967],[21.841075,-9.275815],[21.845043401961263,-9.259980541633606],[21.8595372,-9.2274816],[21.8577015,-9.1652973],[21.845984029889483,-9.143923297453771],[21.839731,-9.092364],[21.8462945,-9.0486266],[21.856104,-9.0439718],[21.84742409721387,-9.03104038678502],[21.854097,-8.977849],[21.85400313896313,-8.975796179754434],[21.8609185,-8.9177279],[21.8548446,-8.9031436],[21.8684318,-8.8761209],[21.8610634,-8.8544319],[21.8787927,-8.8372875],[21.8722527,-8.8245672],[21.8853902,-8.8166111],[21.895816,-8.7857579],[21.8921347,-8.7388176],[21.900485818176108,-8.685420572356932],[21.9154311,-8.6652889],[21.907363996725667,-8.644199143305695],[21.935953,-8.583144],[21.9256037,-8.5671255],[21.9425928,-8.5598847],[21.9443413,-8.5405336],[21.93070150055623,-8.529969016647549],[21.9534384,-8.5049072],[21.9438324,-8.4784276],[21.9491689,-8.4404672],[21.936915952113687,-8.418215115865824],[21.935953,-8.413025],[21.921235005673626,-8.389737581910296],[21.9157514,-8.3566562],[21.9327003,-8.3274325],[21.9268792,-8.3081493],[21.907835,-8.3066597],[21.8927378,-8.2911631],[21.8921029,-8.2531767],[21.8725456,-8.1938393],[21.883612,-8.1763496],[21.848054528192613,-8.13985510110912],[21.8238214,-8.0701174],[21.80655572688047,-8.05475093849513],[21.806348,-8.052427],[21.79963,-8.040852],[21.776009754484264,-8.027565001074345],[21.7637784,-7.9999379],[21.769644,-7.9696873],[21.7515421,-7.9400191],[21.7776065,-7.9076844],[21.7696611,-7.8433734],[21.7849395,-7.8291926],[21.7755525,-7.8159577],[21.7858585,-7.8068124],[21.7732232,-7.7993016],[21.792338913100465,-7.744069726409326],[21.8016177,-7.739401],[21.799309083994125,-7.7241032418157545],[21.807898,-7.699374],[21.8127231098,-7.6853684154276936],[21.822091682010043,-7.6583153872531735],[21.8303212,-7.6575861],[21.8346867,-7.6763498],[21.8788554,-7.6940309]]]}},{"type":"Feature","properties":{"id":"CD-MA","country":"CD","name_en":"Maniema"},"geometry":{"type":"Polygon","coordinates":[[[25.05725,-1.7594724],[25.0991319,-1.7642154],[25.1222391,-1.7598848],[25.1263654,-1.750605],[25.1527691,-1.7517245],[25.1473403,-1.7783837],[25.154314,-1.7980294],[25.1248956,-1.7892468],[25.1089096,-1.8018899],[25.2037932,-1.8509572],[25.1975641,-1.8642947],[25.14925,-1.8843575],[25.1462074,-1.8942823],[25.1614853,-1.9021744],[25.193586,-1.8946254],[25.2080055,-1.9025175],[25.2035293,-1.91397],[25.1503273,-1.9402618],[25.1559812,-1.9762686],[25.1681434,-1.9778233],[25.1879211,-1.9560455],[25.2259354,-1.9411586],[25.2369028,-1.9702036],[25.2666383,-1.9487641],[25.3046208,-1.9438053],[25.3244893,-1.9615292],[25.3414103,-1.9586385],[25.4018405,-1.9810165],[25.4580977,-1.9588418],[25.4859057,-1.9592804],[25.5295316,-1.9316165],[25.5460079,-1.9340865],[25.5795097,-1.9178093],[25.5998615,-1.9204882],[25.6185859,-1.8955653],[25.6305731,-1.9075458],[25.6638221,-1.8989758],[25.6732718,-1.9072835],[25.684734,-1.8947782],[25.6809716,-1.881136],[25.6994336,-1.8742275],[25.7070459,-1.8801741],[25.7059959,-1.8613722],[25.7189455,-1.8653075],[25.7384575,-1.8538513],[25.7208705,-1.8380225],[25.7392449,-1.8369731],[25.7562194,-1.8540262],[25.7919966,-1.8308025],[25.7939625,-1.7269236],[25.8131638,-1.6424745],[25.809763,-1.4068462],[25.880431,-1.4316419],[25.9004121,-1.4737179],[25.9469313,-1.4726911],[25.9565315,-1.484494],[25.9581881,-1.512506],[26.0027592,-1.493835],[26.0347483,-1.5003958],[26.0417336,-1.4821345],[26.0566136,-1.4854183],[26.058630023538,-1.482196317361598],[26.0592266,-1.4821985],[26.059011934766573,-1.481586072874426],[26.0611206,-1.4782167],[26.0472403,-1.4480023],[26.0641433,-1.4353481],[26.0671162,-1.4206633],[26.0516833,-1.4090152],[26.0266903,-1.4114319],[26.0198808,-1.3932124],[26.0374953,-1.3779851],[26.0749669,-1.3811081],[26.0751675,-1.2878347],[26.1222269,-1.2890986],[26.1380025,-1.2778545],[26.1168718,-1.2384221],[26.1375008,-1.1902699],[26.1361008,-1.14833],[26.1672001,-1.12306],[26.1396999,-1.09278],[26.1382552,-1.006685],[26.2094735,-0.9736157],[26.2373125,-0.947693],[26.2434726,-0.8526984],[26.2335399,-0.7336471],[26.2665005,-0.611164],[26.2917004,-0.57361],[26.3932991,-0.48722],[26.4050007,-0.46056],[26.3943996,-0.42417],[26.3658009,-0.39],[26.2569008,-0.31806],[26.2028008,-0.25611],[26.0925007,-0.17],[26.0639004,-0.0111896],[26.0707744,0.0010213],[26.0856845,-0.0048143],[26.084117,-0.0161143],[26.0912678,0.0089961],[26.1175279,-0.0044045],[26.104114,-0.0151974],[26.1221835,-0.0156982],[26.1326946,-0.0058913],[26.1306832,-0.0235365],[26.1217659,-0.0281696],[26.1386175,-0.0318196],[26.1442801,-0.056043],[26.1554941,-0.0536992],[26.1590832,-0.0629116],[26.1690939,-0.0553388],[26.1656149,-0.0641845],[26.1744187,-0.0670202],[26.1764621,-0.0544594],[26.184571,-0.0556836],[26.1930787,-0.0658728],[26.1895912,-0.0761362],[26.2123471,-0.0830201],[26.2191862,-0.0693986],[26.2259412,-0.0921513],[26.2462556,-0.0876141],[26.2383627,-0.0966695],[26.2472406,-0.1089904],[26.235514,-0.1168746],[26.2620961,-0.1124564],[26.2684421,-0.1278062],[26.2755689,-0.1213823],[26.3119261,-0.1569657],[26.3210205,-0.1886462],[26.3556022,-0.1857825],[26.3639236,-0.1931886],[26.3775785,-0.2628641],[26.3938492,-0.2594116],[26.4145584,-0.2775966],[26.4212481,-0.2722555],[26.4412034,-0.2921393],[26.4381931,-0.3017925],[26.4438099,-0.2981769],[26.4353151,-0.3124929],[26.4473788,-0.3203173],[26.4575358,-0.3155755],[26.4555283,-0.3260249],[26.4724855,-0.3292465],[26.4687568,-0.3406849],[26.4974385,-0.3459492],[26.4888365,-0.3645413],[26.5063098,-0.3686936],[26.5116612,-0.3936941],[26.5237652,-0.3976769],[26.5337162,-0.3895235],[26.5300962,-0.4048534],[26.5395622,-0.3984003],[26.5480687,-0.4120201],[26.563382,-0.4046191],[26.5659199,-0.4160117],[26.573033,-0.4090596],[26.5726122,-0.4184297],[26.5827093,-0.4170538],[26.5771139,-0.4229236],[26.5954104,-0.4350454],[26.6151961,-0.4194655],[26.6427606,-0.429027],[26.675835,-0.420841],[26.6674219,-0.3890883],[26.6801473,-0.3865656],[26.6834343,-0.3712865],[26.699052,-0.3721496],[26.6897111,-0.3671994],[26.6839734,-0.3344003],[26.7650528,-0.3314661],[26.7791713,-0.3210324],[26.7807204,-0.3043094],[26.7954722,-0.3065641],[26.7896984,-0.2968983],[26.8018369,-0.2958982],[26.8115042,-0.2740132],[26.8529926,-0.2685744],[26.8771171,-0.25564],[26.8856852,-0.2291446],[26.8958242,-0.2337895],[26.9258573,-0.2131142],[26.9255536,-0.2220532],[26.9386201,-0.2183895],[26.9719179,-0.2381047],[26.9918642,-0.2353055],[27.0230062,-0.2590984],[27.0536011,-0.2679357],[27.0619545,-0.2623208],[27.0667685,-0.2684268],[27.0682157,-0.2613829],[27.0855055,-0.272662],[27.0974443,-0.2617355],[27.1109805,-0.2984535],[27.1301974,-0.3063774],[27.1213104,-0.3270153],[27.133807,-0.3357425],[27.1346542,-0.3624194],[27.146882,-0.3682331],[27.1444655,-0.374525],[27.1761283,-0.3667739],[27.2126314,-0.3791636],[27.1993984,-0.3901502],[27.2029767,-0.4084609],[27.1884972,-0.4156926],[27.2175007,-0.43917],[27.3183002,-0.45417],[27.349402163378233,-0.48144092359911866],[27.3586006,-0.49611],[27.36959324928875,-0.4991449365115109],[27.3731003,-0.50222],[27.381171326697263,-0.5023415025928242],[27.3908005,-0.505],[27.398478283510524,-0.5026020444303851],[27.4102993,-0.50278],[27.4743996,-0.47889],[27.4925003,-0.48861],[27.5142002,-0.52139],[27.589051044818333,-0.5195700650447787],[27.7157993,-0.56722],[27.75,-0.56056],[27.7842293,-0.63185],[27.8064594,-0.64089],[27.8123207,-0.65506],[27.7490692,-0.85478],[27.7047997,-0.92141],[27.6822701,-0.944],[27.65098,-0.95461],[27.5469183,-0.9310135],[27.5472025,-0.9128314],[27.5110016,-0.883843],[27.4098503,-0.9501893],[27.3973191,-0.9436224],[27.3920361,-0.9558091],[27.3682948,-0.964109],[27.3567892,-0.9629002],[27.3435646,-0.9459616],[27.2987467,-0.9658444],[27.2958296,-0.9912547],[27.2714956,-0.990308],[27.2812581,-1.007964],[27.2691335,-1.0171388],[27.2833404,-1.0545054],[27.2724157,-1.0565723],[27.2685988,-1.0742922],[27.2883026,-1.0882426],[27.2928075,-1.1071661],[27.329617,-1.1091169],[27.3183838,-1.1403368],[27.3263364,-1.1659104],[27.3435783,-1.1795395],[27.3264158,-1.1947664],[27.3097857,-1.1775974],[27.2767322,-1.1850426],[27.2540607,-1.1719392],[27.225181,-1.2044908],[27.2073418,-1.2016548],[27.2062397,-1.20971],[27.2106609,-1.23151],[27.2581596,-1.30012],[27.3633308,-1.42821],[27.4593105,-1.5199701],[27.5422707,-1.64884],[27.6079197,-1.6963201],[27.6736603,-1.77979],[27.7290802,-1.80875],[27.7356796,-1.83018],[27.7300091,-1.8967201],[27.7558,-2.0],[27.3757251,-2.0],[27.393552,-2.004173],[27.4033451,-2.0212569],[27.4723565,-2.0339491],[27.4461453,-2.1072069],[27.4525788,-2.1305215],[27.3846911,-2.1671263],[27.3530284,-2.1652633],[27.3191939,-2.1959608],[27.2880391,-2.2421301],[27.257614,-2.2300471],[27.2396368,-2.2718741],[27.2280482,-2.2645218],[27.2265794,-2.2388155],[27.212567,-2.2347195],[27.2059389,-2.2431807],[27.2020927,-2.2242858],[27.1950049,-2.2349937],[27.1870312,-2.2326004],[27.1961502,-2.219069],[27.1838239,-2.2232606],[27.1769236,-2.2423843],[27.1749455,-2.2184713],[27.1541666,-2.2244291],[27.1518197,-2.2359803],[27.1529779,-2.2146173],[27.1452923,-2.2118094],[27.1247214,-2.223209],[27.1232834,-2.2367185],[27.1109755,-2.2243591],[27.1159384,-2.2108932],[27.0767893,-2.2016969],[27.0659748,-2.2113054],[27.0566843,-2.17988],[27.0229605,-2.1648182],[27.0096679,-2.1379878],[26.998411,-2.1510359],[26.9784499,-2.1252461],[26.9835944,-2.1549406],[26.9632579,-2.1306612],[26.9376054,-2.1525805],[26.9383089,-2.1834854],[26.9139672,-2.1594563],[26.8682576,-2.1585747],[26.8511541,-2.2887071],[26.8614195,-2.3228217],[26.8445978,-2.3388359],[26.8106492,-2.3398237],[26.8241055,-2.3783332],[26.8201999,-2.4465472],[26.8560095,-2.4941521],[26.8705538,-2.5425395],[26.8710412,-2.5631607],[26.8548809,-2.5798094],[26.8562898,-2.6061683],[26.9049727,-2.6646889],[26.9057038,-2.6956177],[26.9429447,-2.712378],[26.9457736,-2.7397459],[26.9154966,-2.7941189],[26.9162227,-2.807461],[26.9449085,-2.8201323],[26.9571266,-2.836789],[26.9797968,-2.9287745],[27.0014216,-2.9590089],[27.0159075,-2.9611134],[27.0245353,-2.9491654],[27.0307591,-2.9691335],[27.0572236,-2.9867332],[27.0578124,-3.0407794],[27.0761267,-3.043352],[27.1199688,-3.0784785],[27.1226855,-3.11337],[27.1112098,-3.1343231],[27.1304881,-3.1459076],[27.130903,-3.1557149],[27.1185346,-3.177598],[27.1273404,-3.2069303],[27.1103484,-3.2442281],[27.1407407,-3.2663062],[27.120895,-3.3011773],[27.0998145,-3.3154837],[27.0943955,-3.3434232],[27.1045476,-3.3640349],[27.0915146,-3.3806746],[27.0991996,-3.3928247],[27.1135176,-3.3859115],[27.1165767,-3.4315464],[27.131702,-3.4264995],[27.1184886,-3.4576286],[27.1340388,-3.5011822],[27.1325356,-3.53021],[27.1168155,-3.5401754],[27.1201613,-3.5465893],[27.1354035,-3.5390093],[27.1348885,-3.5585154],[27.1215052,-3.5577945],[27.1271134,-3.573569],[27.0995395,-3.6232231],[27.1001115,-3.678666],[27.0927454,-3.685456],[27.0988315,-3.6999358],[27.0892995,-3.7026916],[27.0926021,-3.7234994],[27.0856123,-3.7284472],[27.096592,-3.7534174],[27.1090311,-3.7585868],[27.1122637,-3.7845432],[27.1216041,-3.7863353],[27.1304932,-3.8105915],[27.143636,-3.8114051],[27.1411791,-3.8198782],[27.1527153,-3.8208229],[27.1652895,-3.8368508],[27.162441,-3.8496081],[27.1772388,-3.8568846],[27.1887021,-3.8892971],[27.2498032,-3.9041384],[27.2619966,-3.8983529],[27.2774112,-3.9178715],[27.3163633,-3.9155779],[27.3466145,-3.93523],[27.3866045,-3.9353085],[27.4516186,-3.9965938],[27.4593982,-3.9798981],[27.4772282,-3.9769077],[27.5313129,-3.9934139],[27.5805721,-3.9949322],[27.6184635,-4.020422],[27.6363962,-4.0219284],[27.7985516,-4.0040112],[27.8377819,-4.0223885],[27.8223264,-4.0703617],[27.8609305,-4.1115945],[27.9136623,-4.1285648],[27.943075,-4.1206124],[27.9510834,-4.1325208],[27.961427,-4.1260858],[27.9943524,-4.1458814],[28.0304309,-4.1320071],[28.0162613,-4.1460679],[28.0243171,-4.1633208],[28.0160455,-4.1706738],[28.0176337,-4.1908286],[28.0608904,-4.1835044],[28.1177454,-4.2270963],[28.1265245,-4.2157932],[28.1363515,-4.2240441],[28.1617213,-4.215393],[28.1805258,-4.16014],[28.215365,-4.1529177],[28.2426595,-4.1996363],[28.3584448,-4.2820322],[28.3789425,-4.2744083],[28.3971447,-4.3060599],[28.4024658,-4.3642499],[28.4808453,-4.3967119],[28.4918008,-4.4084975],[28.4938726,-4.4546009],[28.5531376,-4.4600622],[28.5527873,-4.5233918],[28.5674393,-4.5406236],[28.6072903,-4.676609],[28.6348801,-4.7009579],[28.6592957,-4.7057062],[28.6832429,-4.7396221],[28.6899088,-4.7994877],[28.7160773,-4.8199687],[28.7131539,-4.8342024],[28.7372546,-4.8530373],[28.7500418,-4.9008849],[28.768248,-4.9141634],[28.7554846,-4.9236989],[28.7599768,-4.9388125],[28.7482408,-4.9452039],[28.7540504,-4.9607774],[28.7762886,-4.9660389],[28.7764281,-4.9848184],[28.7998243,-5.0],[25.0513761,-4.9998999],[25.0594239,-4.9854895],[25.0409634,-4.9702255],[25.0258151,-4.9261391],[25.0105677,-4.9128806],[25.0104148,-4.8789772],[24.9851508,-4.8526704],[24.9763486,-4.8204983],[24.9590833,-4.8020288],[24.9340791,-4.7940549],[24.9247904,-4.7710777],[24.9103237,-4.767974],[24.8972614,-4.7493765],[24.8912996,-4.7211827],[24.8662555,-4.6965931],[24.873292,-4.6877632],[24.8599673,-4.6611125],[24.8818977,-4.5883214],[24.8987233,-4.5874457],[24.9049143,-4.5669814],[24.9183039,-4.5709171],[24.9159063,-4.5537549],[24.9281783,-4.5505043],[24.9285037,-4.5262791],[24.9579029,-4.5058398],[24.9675068,-4.4823981],[24.9737532,-4.488644],[24.9815415,-4.4708603],[24.9939651,-4.4739015],[25.0004544,-4.464075],[24.9962684,-4.4524072],[25.0052969,-4.4404929],[24.9919354,-4.4249221],[24.9967532,-4.41587],[24.9754253,-4.4004092],[24.9735289,-4.3851686],[24.9924186,-4.3674379],[24.9935182,-4.314513],[25.0177302,-4.2761576],[25.0034745,-4.2559689],[24.9969885,-4.2146243],[25.0074599,-4.1999012],[25.0026162,-4.1823545],[25.0165125,-4.1745802],[24.9861368,-4.1508523],[25.0053628,-4.122602],[24.9976381,-4.110103],[24.976867,-4.106165],[24.9904283,-4.0674682],[24.9873384,-4.0460642],[24.9549973,-4.0248581],[24.9460709,-4.0390707],[24.9283898,-4.0431804],[24.9252397,-4.0241572],[24.9022691,-4.0071341],[24.911052,-3.973596],[24.8921636,-3.9673804],[24.878093,-3.9457423],[24.8598195,-3.9483771],[24.8584427,-3.9048943],[24.847011,-3.9209234],[24.8319161,-3.9200538],[24.8244404,-3.8918256],[24.8065281,-3.8753336],[24.8058414,-3.8626489],[24.8163772,-3.8546527],[24.7708047,-3.8431546],[24.7720063,-3.8135235],[24.7479737,-3.816264],[24.7473229,-3.8016467],[24.7312493,-3.7833039],[24.7384991,-3.7774068],[24.7478166,-3.7863045],[24.7514192,-3.7659688],[24.7670604,-3.7529237],[24.7502807,-3.7469416],[24.7569123,-3.738048],[24.7680507,-3.7421905],[24.7646325,-3.7258728],[24.7744103,-3.7122064],[24.7945286,-3.7142397],[24.7955361,-3.6936811],[24.7867814,-3.6852871],[24.8010901,-3.6749795],[24.77837,-3.6462285],[24.7838924,-3.6352712],[24.768757,-3.6361209],[24.7806987,-3.6236486],[24.7709886,-3.6141922],[24.7757859,-3.6065572],[24.7594987,-3.60566],[24.7738637,-3.5950833],[24.7643862,-3.5821841],[24.7743472,-3.572121],[24.767212,-3.5571408],[24.7846513,-3.5645664],[24.7827609,-3.5543657],[24.7999006,-3.5424394],[24.7895933,-3.5121867],[24.7639934,-3.493607],[24.765711,-3.4830842],[24.7875241,-3.461565],[24.8181424,-3.4618997],[24.8166945,-3.4294519],[24.8388043,-3.4200939],[24.8482922,-3.3741231],[24.8872473,-3.3663916],[24.9026998,-3.2968365],[24.8831274,-3.2861894],[24.9050963,-3.2657487],[24.9458928,-3.2735777],[24.9429362,-3.2457471],[24.956037,-3.2243236],[24.9521473,-3.2006131],[24.9835493,-3.1964533],[24.987607,-3.1596258],[25.0124005,-3.1492361],[24.9937186,-3.1299781],[25.0070574,-3.0971337],[24.9862864,-3.0863348],[24.9984744,-3.0733073],[25.0194171,-3.0873632],[25.0240519,-3.0710789],[25.0139239,-3.0623367],[25.0180438,-3.047252],[24.9924662,-3.0340527],[25.0116923,-2.9944538],[25.0364115,-2.972168],[25.0219898,-2.9361733],[25.0697117,-2.8514807],[25.1038723,-2.8165046],[25.1167469,-2.7746691],[25.0997524,-2.7311174],[25.0752048,-2.7036825],[25.0788097,-2.6745323],[25.0932293,-2.6623575],[25.091341,-2.6344066],[25.0769215,-2.6098847],[25.0316029,-2.5687281],[25.0091152,-2.5649553],[25.0003605,-2.5484922],[25.0489407,-2.5021886],[25.0422459,-2.4896693],[25.009283,-2.4877922],[24.9994039,-2.4780417],[25.0217624,-2.4705966],[25.0359289,-2.439516],[25.0643859,-2.4230468],[25.0508174,-2.4006341],[25.0476367,-2.4146204],[24.991088,-2.4283673],[24.9589803,-2.3977328],[24.9317238,-2.397445],[24.9277298,-2.3796956],[24.6655998,-2.3800001],[24.6107998,-2.2661099],[24.5531608,-2.1912713],[24.5284379,-2.1442139],[24.4919423,-1.9971502],[24.472325,-1.7990965],[24.4707881,-1.7546396],[24.9396508,-1.7567915],[24.95448174882942,-1.7474834874835976],[24.96126724362174,-1.7473830979822453],[24.9708043,-1.7516361],[24.98746359729205,-1.7469955302421316],[25.036206,-1.7462744],[25.05725,-1.7594724]]]}},{"type":"Feature","properties":{"id":"CD-MN","country":"CD","name_en":"Mai-Ndombe"},"geometry":{"type":"Polygon","coordinates":[[[16.6233,-2.00056],[16.9008,-2.00056],[16.8975,-1.89083],[16.8806,-1.86694],[16.8125,-1.83417],[16.8083,-1.81139],[16.8186,-1.78945],[17.0222,-1.8225],[17.0772,-1.81],[17.1703,-1.73333],[17.5347,-1.51889],[17.5903,-1.49556],[17.68,-1.47528],[17.765,-1.42167],[17.8911,-1.39306],[17.9308,-1.375],[18.0181,-1.31222],[18.0719,-1.25806],[18.1111,-1.21],[18.1481,-1.12861],[18.3606,-1.15722],[18.4264,-1.22639],[18.51,-1.26556],[18.5806,-1.265],[18.6867,-1.2325],[18.7689,-1.23889],[18.81,-1.23],[18.8306,-1.21139],[18.8472,-1.17639],[18.8711,-1.15917],[18.8806,-1.13056],[18.8164,-1.05667],[18.7972,-1.02167],[18.795,-0.93056],[18.8192,-0.89556],[18.8828,-0.87028],[18.9347,-0.83528],[18.9552994,-0.81],[18.9757996,-0.74333],[19.0,-0.73667],[19.0300007,-0.76944],[19.0617008,-0.84417],[19.0835991,-0.99556],[19.2131004,-1.18889],[19.3117008,-1.27028],[19.3302994,-1.34778],[19.3672009,-1.43472],[19.47050655424941,-1.5931232214325897],[19.484730980580906,-1.6273367490763178],[19.5111008,-1.73278],[19.5144005,-1.78833],[19.5727997,-1.80389],[19.6016998,-1.7983299],[19.625,-1.77722],[19.6830997,-1.69028],[19.7367001,-1.65333],[19.8153,-1.7052799],[19.8488998,-1.80945],[19.9058304,-1.92843],[20.0030994,-1.94917],[20.0983009,-1.94028],[20.1856003,-1.94722],[20.2884144,-2.145041],[20.3969499,-2.2165993],[20.4564025,-2.1995414],[20.6583057,-2.0789545],[20.7960473,-2.032482],[20.8201815,-2.0713072],[20.8967046,-2.1489549],[20.9120092,-2.2983567],[20.9273139,-2.3154134],[20.9755823,-2.3195305],[21.0009462,-2.3570529],[21.0052978,-2.5325767],[20.9726751,-2.5556915],[20.9219672,-2.5687557],[20.8622167,-2.568229],[20.8413058,-2.6228818],[20.7444707,-2.7663249],[20.6564479,-3.2840142],[20.6471996,-3.3927801],[20.6418991,-3.53444],[20.6630993,-3.7136099],[20.6597004,-3.8652799],[20.6706009,-3.9363899],[20.6751404,-4.1330099],[20.6513996,-4.1550002],[20.6345036,-4.1582455],[20.6221958,-4.1952557],[20.5995365,-4.2204219],[20.5082127,-4.2627061],[20.4685979,-4.2689701],[20.4531124,-4.2545487],[20.4337147,-4.2937498],[20.3980552,-4.2821125],[20.3649245,-4.3002576],[20.348445,-4.3266186],[20.3501616,-4.3623927],[20.3329955,-4.3769415],[20.3211509,-4.381734],[20.2807613,-4.3710595],[20.2565571,-4.3826984],[20.2409359,-4.3787618],[20.2052794,-4.329015],[20.1815411,-4.3424749],[20.1683231,-4.3378533],[20.1377674,-4.2837618],[20.0305352,-4.285096],[19.983648,-4.2374573],[19.9758907,-4.2079245],[19.9348637,-4.185326],[19.9156311,-4.1599199],[19.8769175,-4.1540811],[19.8481747,-4.1286555],[19.8140141,-4.1277995],[19.7484394,-4.1014317],[19.726607,-4.0702017],[19.5647617,-4.0411594],[19.4796177,-3.9889312],[19.4523235,-3.9582777],[19.3424603,-3.9051879],[19.2041012,-3.8221214],[19.1747471,-3.8176681],[19.1266819,-3.7724489],[19.0463444,-3.7541207],[18.9998732,-3.7158128],[18.9186774,-3.679325],[18.8711272,-3.6938861],[18.8050376,-3.6733293],[18.7753402,-3.6520867],[18.7274466,-3.6596245],[18.7128554,-3.6447202],[18.7118255,-3.6205646],[18.6711417,-3.620222],[18.6191283,-3.5986356],[18.5578452,-3.5970937],[18.5039435,-3.6072017],[18.4941588,-3.6022333],[18.4878074,-3.5804752],[18.3817206,-3.5534052],[18.3202659,-3.4920665],[18.2601844,-3.4586541],[18.2526313,-3.4257546],[18.2433616,-3.4195858],[18.1947814,-3.4185577],[18.1475677,-3.4552234],[18.1192504,-3.4178723],[18.0397644,-3.3784558],[17.998909,-3.3901084],[17.9851761,-3.3822258],[17.9384329,-3.4073648],[17.8258743,-3.4254081],[17.8121414,-3.3925075],[17.7516654,-3.362468],[17.7179665,-3.3234215],[17.6837387,-3.3349286],[17.6274337,-3.3016821],[17.5753691,-3.3078007],[17.5111972,-3.25853],[17.4884319,-3.2619407],[17.4363437,-3.243099],[17.4241062,-3.2204058],[17.376897,-3.2209332],[17.3791261,-3.2613274],[17.3627315,-3.3129825],[17.339044,-3.3351986],[17.3541547,-3.3555653],[17.3563328,-3.3859295],[17.3281803,-3.4020374],[17.3244037,-3.4253419],[17.2862949,-3.4582415],[17.2729053,-3.4911399],[17.2688896,-3.5317562],[17.2960121,-3.5466623],[17.2930939,-3.5783582],[17.3265833,-3.6157622],[17.3206272,-3.6569848],[17.3278774,-3.6788127],[17.273592,-3.6974135],[17.2594482,-3.7710801],[17.2323257,-3.7989999],[17.218317,-3.8673306],[17.1877613,-3.9125448],[17.1568622,-3.9279582],[17.1157677,-3.9969813],[17.0669117,-3.9968011],[17.0044269,-3.9584416],[16.9125206,-3.9656431],[16.8775017,-4.0207839],[16.8149128,-4.0772817],[16.8025531,-4.0834459],[16.7591103,-4.0688778],[16.6950467,-4.1083439],[16.6751774,-4.139323],[16.6164722,-4.129333],[16.5648593,-4.1444078],[16.5371079,-4.1733381],[16.4971676,-4.1860034],[16.4993881,-4.202596],[16.4791431,-4.2296591],[16.4823971,-4.243973],[16.4674625,-4.2453425],[16.4384518,-4.2141853],[16.4508114,-4.1902173],[16.4362202,-4.1876492],[16.410471,-4.1556336],[16.266022,-4.1013989],[16.2435634,-4.0669149],[16.2279957,-4.0753752],[16.2158118,-4.0617523],[16.2032359,-4.0723408],[16.1859569,-4.0592183],[16.1578587,-4.0570525],[16.1218099,-4.0322236],[16.048874,-4.0252286],[16.0335961,-4.0130706],[16.007332,-4.009817],[15.9939424,-3.9971451],[16.0020105,-3.9825893],[15.9992639,-3.9582718],[15.9464915,-3.9277557],[15.9190311,-3.9530587],[15.8947221,-3.9469691],[15.905432581717422,-3.923850298848287],[15.912134,-3.917434],[15.919625041100408,-3.8932155753143074],[15.94727133877193,-3.833540457489376],[15.957846,-3.815097],[15.974249,-3.786486],[15.991096,-3.738944],[16.005255,-3.724784],[16.053314,-3.619985],[16.115533,-3.544227],[16.137857,-3.500715],[16.144539933927717,-3.4833527591014852],[16.17731888826416,-3.4145625185455484],[16.207723,-3.361913],[16.220746,-3.331733],[16.225603,-3.313233],[16.227464,-3.289876],[16.222089,-3.279127],[16.210411,-3.271065],[16.198628,-3.25949],[16.193357,-3.238406],[16.199455,-3.194791],[16.199248,-3.171847],[16.185709,-3.136397],[16.189843,-3.082343],[16.18875000323809,-3.0709078213730034],[16.1920519,-2.9998002],[16.1798639,-2.8914536],[16.19498369821626,-2.811496509421963],[16.204519,-2.782723],[16.21720417821765,-2.6939893240252446],[16.237222,-2.642222],[16.233056,-2.585],[16.198115989105553,-2.436935897183299],[16.191704,-2.346884],[16.189843,-2.337479],[16.187466,-2.332311],[16.18393356679871,-2.326992379929913],[16.17521260688091,-2.304667495739085],[16.178718924622917,-2.280639561299467],[16.189947,-2.241878],[16.19005,-2.23547],[16.188603,-2.227718],[16.188022675236567,-2.21688324306591],[16.19186652890583,-2.1905422578054887],[16.231288,-2.129016],[16.26894235989796,-2.0980725179985007],[16.284411,-2.087572],[16.300714210072087,-2.0719631464228923],[16.3773852,-2.0270474],[16.4021044,-1.9848446],[16.4412432,-1.9599684],[16.513958,-1.887377],[16.5280661,-1.8622042],[16.5803,-1.9225],[16.6233,-2.00056]]]}},{"type":"Feature","properties":{"id":"CD-MO","country":"CD","name_en":"Mongala"},"geometry":{"type":"Polygon","coordinates":[[[23.3217821,2.284941],[23.3078423,2.2559356],[23.3147602,2.2165041],[23.3080372,2.2017048],[23.3264714,2.1410311],[23.3125632,2.0898572],[23.2711672,2.106118],[23.2327559,2.086013],[23.1879632,2.0930291],[23.1672272,2.11867],[23.1307582,2.136621],[23.1049292,2.1716631],[23.0486501,2.21158],[23.0180292,2.2198338],[23.0052585,2.2066816],[23.0026944,2.1764037],[22.9928164,2.1715145],[22.9727031,2.1857665],[22.9727106,2.158767],[22.9511564,2.1586276],[22.9291604,2.1421534],[22.9456531,2.120939],[22.9228269,2.0917185],[22.900666,2.1002242],[22.890448,2.0737999],[22.8655878,2.0657607],[22.8586023,2.0481233],[22.8165881,2.0279953],[22.7931935,2.0363895],[22.7792411,2.0142711],[22.7520025,2.0404518],[22.6755648,2.0752249],[22.6474991,2.1094401],[22.5029921,2.1409342],[22.4511504,2.1436789],[22.3611998,2.1719829],[22.3636031,2.0553326],[22.4058318,2.0455542],[22.461288493292038,1.9926508815675223],[22.479904266461883,1.9508161221229177],[22.488664290364582,1.9210934408264495],[22.4799895,1.8999001],[22.4254011,1.8664442],[22.4156164,1.8077662],[22.3575949,1.7909517],[22.387080943973412,1.7464162660739015],[22.387459402293945,1.7421037901721241],[22.3724162,1.7104323],[22.3239668,1.7573992],[22.271323,1.7376736],[22.1980403,1.759228],[22.1273903,1.7626171],[22.0518637,1.759221],[21.8757121,1.7012271],[21.8630736,1.3321532],[21.8981527,1.3092862],[21.9346891,1.2320152],[21.937689,1.1428548],[22.0172861,1.1231413],[22.0539712,1.079845],[22.0858873,1.0122773],[22.105863,0.9280363],[22.0377038,0.9463984],[21.9670751,0.9510961],[21.9099928,0.9162005],[21.8635693,0.865101],[21.7957226,0.85809],[21.7636448,0.8888134],[21.7276783,0.9026553],[21.6597902,0.8862277],[21.6641606,0.8196079],[21.6338674,0.7256176],[21.605864,0.7277245],[21.5698079,0.7481148],[21.5312126,0.7472254],[21.4598383,0.8034507],[21.4128493,0.800194],[21.3894626,0.816516],[21.3419009,0.8188454],[21.2992232,0.8479186],[21.2330354,0.8585946],[21.1301626,0.9174055],[21.1137397,0.9098115],[21.0109824,0.958021],[20.9978312,0.9946687],[21.0226874,1.0616853],[21.0144784,1.0795491],[21.0213932,1.1002064],[21.013434,1.1876507],[20.9821916,1.1857843],[20.9491786,1.1703994],[20.9516184,1.176816],[20.9361482,1.182286],[20.9293952,1.1719209],[20.9206448,1.1815252],[20.90996229350226,1.1801902134632078],[20.8951465,1.1864948],[20.8892976,1.1781065],[20.890494,1.1844731],[20.8847395,1.1788728],[20.8667895,1.1856883],[20.8570683,1.1766547],[20.8437167,1.1797197],[20.83306937596106,1.1689354803160907],[20.829213716273273,1.1690917765304945],[20.8171078,1.1795957],[20.7813046,1.1650742],[20.754585672431144,1.1813183563107212],[20.7589247,1.2338718],[20.7778858,1.2656699],[20.7815556,1.2803458],[20.7654489,1.3046017],[20.7817595,1.3294688],[20.758313,1.322131],[20.7505655,1.3323224],[20.7397597,1.3912279],[20.7532159,1.4497242],[20.7106045,1.5088305],[20.69743133809003,1.5640423670469945],[20.693740187455933,1.5867597698113816],[20.694135890684375,1.6345537944223105],[20.6987976,1.686598],[20.694645035663715,1.6960495971452945],[20.6947084,1.7037029],[20.69137549329304,1.7034913595924337],[20.6892104,1.7084193],[20.667663393356555,1.7019863467835417],[20.6150443,1.6986466],[20.5670851,1.6664231],[20.543711,1.6756784],[20.4877145,1.6730318],[20.4510334,1.6815685],[20.4047086,1.6661754],[20.3277211,1.7303535],[20.2375962,1.7525038],[20.0994293,1.7533606],[20.0103944,1.7139976],[19.959728,1.7084894],[19.879483,1.6608393],[19.78393,1.6356555],[19.7059111,1.6287213],[19.6402172,1.5964038],[19.5828404,1.5446927],[19.5379744,1.5272394],[19.4467255,1.4580826],[19.365944,1.4142921],[19.2128965,1.3498386],[19.21626,1.5602901],[19.2085301,1.5774599],[19.21536,1.6223799],[19.2304501,1.64279],[19.3071504,1.7013737],[19.4693687,1.7978656],[19.7311036,1.8538587],[19.7766793,1.8785998],[19.7791145,1.9095313],[19.7994821,1.9113159],[19.8137756,1.9019755],[19.8332306,1.944945],[19.8563995,1.9577452],[19.8736784,1.9435916],[19.8865953,1.951045],[19.8881689,1.9656063],[19.9061554,1.9845086],[19.904852,2.0085735],[19.9326069,2.0215413],[19.920897,2.0423382],[19.9273252,2.054085],[19.9428798,2.0572609],[19.9327963,2.0891146],[19.9612557,2.1304317],[19.9499207,2.1481269],[19.9712731,2.1576363],[19.9918962,2.1855994],[20.0137314,2.1824175],[20.0161243,2.2031455],[20.0325613,2.2164746],[20.0381713,2.2523236],[20.0644764,2.2516938],[20.0916798,2.2740097],[20.0892773,2.2935759],[20.1038187,2.2989382],[20.0987193,2.3228518],[20.0871887,2.333135],[20.0915256,2.3412684],[20.1536762,2.3486423],[20.2293154,2.4082004],[20.2473044,2.3934443],[20.2568678,2.4177777],[20.274753,2.4224259],[20.2883205,2.402513],[20.2995193,2.4170209],[20.3368576,2.416543],[20.3585304,2.4345557],[20.380871,2.4213527],[20.3963101,2.4337022],[20.4268241,2.4216927],[20.4365376,2.4350702],[20.4653147,2.4283815],[20.4858795,2.4351007],[20.5027304,2.4200035],[20.497309,2.4015284],[20.5055278,2.3942634],[20.5287771,2.4210066],[20.54531,2.4057158],[20.5638512,2.4239066],[20.5683705,2.4009599],[20.6111384,2.4278477],[20.6281493,2.4266675],[20.6298261,2.4381288],[20.6529685,2.4421174],[20.6674766,2.4126325],[20.6946272,2.4217728],[20.7026442,2.440889],[20.7273644,2.4463522],[20.7355819,2.4168634],[20.748452,2.413743],[20.7628039,2.430167],[20.7820958,2.4251099],[20.7876392,2.448929],[20.8075201,2.4438436],[20.8184749,2.4803189],[20.8702963,2.5120062],[20.9061066,2.5729154],[20.8991075,2.6051253],[20.8573301,2.658368],[20.8201333,2.6879872],[20.8081363,2.726373],[20.7878702,2.739588],[20.7785424,2.7742658],[20.7810006,2.8216443],[20.7515044,2.8329912],[20.7486404,2.8781219],[20.7287975,2.8793406],[20.725448,2.8905224],[20.7369872,2.9063056],[20.7192733,2.9192887],[20.7321817,2.94073],[20.7062803,2.950767],[20.7155458,2.9633515],[20.7098558,2.9970653],[20.7257088,3.0041928],[20.6922041,3.0731126],[20.7122535,3.0716017],[20.7027932,3.087709],[20.7220223,3.1169523],[20.7105259,3.1275124],[20.7189378,3.14725],[20.7127642,3.1562896],[20.7261643,3.1945141],[20.7580793,3.2187533],[20.7618946,3.2416481],[20.772924,3.2325446],[20.7849231,3.2487052],[20.8005589,3.2448694],[20.8502795,3.1804591],[20.8886702,3.1630791],[20.9308813,3.1019991],[20.94719,3.0966814],[20.9664896,3.1107298],[20.9825309,3.110225],[21.0395225,3.056761],[21.0456598,3.0065352],[21.144811,2.9224358],[21.154599,3.0717602],[21.16471,3.0962949],[21.1702842,3.1632461],[21.1831722,3.1416654],[21.2031721,3.1380734],[21.2133002,3.1205901],[21.2352728,3.1111626],[21.2414526,3.1171619],[21.2884878,3.067624],[21.3429045,3.0422542],[21.3629889,3.0196266],[21.3834166,3.0196266],[21.3954329,3.0012842],[21.4007544,3.0074555],[21.4177489,2.9993985],[21.4225554,2.9822558],[21.4601492,2.9498552],[21.4735388,2.9570554],[21.4941382,2.9390549],[21.5739607,2.9285972],[21.587522,2.9193396],[21.6530966,2.9315117],[21.6738676,2.9299687],[21.6764426,2.9219112],[21.6915488,2.9309974],[21.739099,2.9330546],[21.7847609,2.9280829],[21.8700766,2.901167],[21.8872427,2.9102533],[21.9436812,2.9024854],[21.9634528,2.9149961],[21.9986662,2.9113872],[22.034982,2.9324151],[22.0525296,2.9310441],[22.0671334,2.9432769],[22.0801929,2.9390687],[22.1000493,2.9518014],[22.1312893,2.9507923],[22.1524362,2.9642088],[22.1798316,2.9606838],[22.2200294,2.9721397],[22.2807229,2.9919235],[22.2942189,3.0058824],[22.3145631,3.007793],[22.3527201,3.0306122],[22.4040412,3.005613],[22.4596166,2.9991202],[22.4809527,2.9755919],[22.5075531,3.0250695],[22.5182819,3.0929506],[22.5433004,3.0997751],[22.5573293,3.1238101],[22.5559094,3.1704884],[22.6230692,3.3026033],[22.6159186,3.3333298],[22.6485824,3.3124315],[22.6513789,3.283765],[22.5885143,3.2024527],[22.577359,3.1609798],[22.6596074,3.1524446],[22.7261232,3.1188301],[22.7597479,3.123951],[22.7817022,3.1057296],[22.7884244,3.0402046],[22.8277505,3.0189858],[22.8578843,3.0200279],[22.901192571959847,3.071861877603136],[22.91518843525487,3.0777699248564874],[22.939126772868253,3.07935385494788],[22.958702041236574,3.077970907401435],[22.99127,3.0533813],[23.0197252,3.0713894],[23.0280383,3.0502731],[23.0597345,3.033441],[22.9831607,2.8896742],[22.9540601,2.8529556],[22.9485694,2.7746168],[22.9428371,2.7921848],[22.9162457,2.8098412],[22.8849034,2.7947692],[22.8789774,2.7573676],[22.899717,2.7233621],[23.047236,2.5744935],[23.0984384,2.5531371],[23.1063201,2.5655525],[23.1175095,2.5644013],[23.2402673,2.51811],[23.2963519,2.4761239],[23.2936492,2.466655],[23.2833439,2.470002],[23.2966999,2.4557582],[23.3117417,2.4619966],[23.3116559,2.4969078],[23.3356733,2.495057],[23.3298797,2.5181609],[23.3493698,2.5600566],[23.3639975,2.5648551],[23.391112,2.5294714],[23.4131702,2.5265041],[23.4272614,2.5028841],[23.4327013,2.5116591],[23.4519214,2.5110811],[23.4648432,2.4920562],[23.48080270435099,2.482547956367889],[23.4875833,2.4758491],[23.516203739582746,2.4614569713090892],[23.539813460382025,2.4473909343878524],[23.546310033476356,2.4398878252953127],[23.5724731,2.3965396],[23.5612037,2.3600182],[23.5796067,2.1941888],[23.4775465,2.1830242],[23.418495,2.229853],[23.3671582,2.2492804],[23.3217821,2.284941]]]}},{"type":"Feature","properties":{"id":"CD-NK","country":"CD","name_en":"North Kivu"},"geometry":{"type":"Polygon","coordinates":[[[29.0932295,-1.6204937],[29.0855195,-1.5995301],[29.0670016,-1.5852282],[29.0495507,-1.5837612],[29.0331541,-1.6207805],[29.0215186,-1.6205426],[29.0329661,-1.62881],[29.021877898340136,-1.663919431835326],[29.005351915355394,-1.6882987236630167],[28.983878,-1.7098367],[28.9691785,-1.7416621],[28.9170047,-1.7422387],[28.8829582,-1.7287494],[28.8626922,-1.7070258],[28.8166094,-1.7674968],[28.7127081,-1.7822419],[28.6908444,-1.7698083],[28.6843249,-1.7537842],[28.6696899,-1.7514069],[28.66887,-1.7939206],[28.6957354,-1.805972],[28.7003128,-1.828617],[28.677748,-1.8677122],[28.6409909,-1.8909138],[28.6171582,-1.8802194],[28.60859619251343,-1.8816209232907173],[28.6055051,-1.8807342],[28.60147018439066,-1.8827873864559943],[28.5911195,-1.8844817],[28.580173023066763,-1.89362455070303],[28.560486930144734,-1.9036419149486163],[28.5241918,-1.8967518],[28.5110587,-1.8768059],[28.4497338,-1.865128],[28.450781,-1.8929484],[28.3720222,-1.9215221],[28.3538555,-1.9399237],[28.3501835,-1.9475693],[28.377037,-1.9608587],[28.3822681,-1.9778904],[28.3743247,-1.9932162],[28.3503326,-1.9940012],[28.3271209,-1.9761644],[28.3041969,-1.9905093],[28.1958182,-1.9941987],[28.1765304,-1.9855285],[28.1731939,-1.9675714],[28.1631651,-1.9680995],[28.1495515,-1.9762295],[28.1581176,-1.9867024],[28.1499683,-2.002914],[28.1623887,-2.0384496],[28.1568779,-2.046527],[28.1335784,-2.0398353],[28.0997644,-2.0657702],[28.1007878,-2.0083397],[28.0871356,-1.9986843],[28.0116252,-2.0117891],[27.9978934,-2.0324472],[27.9846572,-2.0068395],[27.9619751,-2.0162752],[27.9497531,-2.0002465],[27.9086609,-1.9992002],[27.8850204,-2.0014503],[27.8383943,-2.0338756],[27.7845707,-2.0287636],[27.7694579,-2.0188741],[27.7791857,-2.0000029],[27.7558,-2.0],[27.736083936759847,-1.921046840558614],[27.73264074525011,-1.8658392362125464],[27.7356796,-1.83018],[27.7290802,-1.80875],[27.6736603,-1.77979],[27.6298199,-1.71845],[27.616284259232412,-1.7069404612786239],[27.6079197,-1.6963201],[27.580314328103977,-1.676354741530558],[27.535394859659462,-1.6381591089570549],[27.49754784940912,-1.5793677797864294],[27.4753799,-1.53993],[27.466388471216643,-1.5309649799893363],[27.4593105,-1.5199701],[27.3633308,-1.42821],[27.24332542587227,-1.2786926201579523],[27.22161420142163,-1.2473316121817632],[27.2073418,-1.2016548],[27.2210422,-1.2077551],[27.22419591495091,-1.2043341953765188],[27.225181,-1.2044908],[27.2540607,-1.1719392],[27.2767322,-1.1850426],[27.3097857,-1.1775974],[27.3264158,-1.1947664],[27.3435783,-1.1795395],[27.3263364,-1.1659104],[27.3183838,-1.1403368],[27.329617,-1.1091169],[27.2928075,-1.1071661],[27.2883026,-1.0882426],[27.2685988,-1.0742922],[27.2724157,-1.0565723],[27.2833404,-1.0545054],[27.2691335,-1.0171388],[27.2812581,-1.007964],[27.2714956,-0.990308],[27.2958296,-0.9912547],[27.2987467,-0.9658444],[27.3435646,-0.9459616],[27.3567892,-0.9629002],[27.3682948,-0.964109],[27.3920361,-0.9558091],[27.3973191,-0.9436224],[27.4098503,-0.9501893],[27.5110016,-0.883843],[27.5472025,-0.9128314],[27.5469183,-0.9310135],[27.65098,-0.95461],[27.6822701,-0.944],[27.69110719498248,-0.9351392134945055],[27.6946297,-0.93343],[27.698753142023087,-0.9274727683002992],[27.7047997,-0.92141],[27.7490692,-0.85478],[27.8123207,-0.65506],[27.8064594,-0.64089],[27.7842293,-0.63185],[27.75,-0.56056],[27.757185493342416,-0.5553117266790502],[27.7630997,-0.55361],[27.782367040925322,-0.5369191629312754],[27.8157997,-0.5125],[27.841812621162244,-0.4854228771679178],[27.8500004,-0.47833],[27.854641155336367,-0.4720695212175531],[27.8624992,-0.46389],[27.86946683713433,-0.45206935753641986],[27.8952999,-0.41722],[27.90504365958986,-0.3917130430313291],[27.9339828,-0.3426176],[27.9664036,-0.3375718],[27.9972146,-0.3188621],[28.020665,-0.2865248],[28.038256,-0.2879465],[28.0587713,-0.2732481],[28.0617946,-0.2559032],[28.0880976,-0.2527233],[28.1005904,-0.2390851],[28.1049309,-0.2458372],[28.1058503,-0.2312069],[28.115714,-0.232133],[28.110058,-0.2222034],[28.1341463,-0.2016963],[28.134387001283294,-0.19508117483934334],[28.1374562,-0.1916596],[28.134789051001178,-0.1840317563724942],[28.1352138,-0.1723585],[28.1241013,-0.1534656],[28.1323999,-0.1283642],[28.1321883402771,-0.12569148016124992],[28.1324685,-0.1247293],[28.131768133247164,-0.12038283421528753],[28.1269751,-0.0598305],[28.1148153,-0.0151738],[28.1265503,0.0170045],[28.1200722,0.0266155],[28.127609,0.0303789],[28.1226845,0.0863256],[28.1313504,0.1006837],[28.1268775,0.1097441],[28.1579522,0.1217607],[28.1554782,0.1300527],[28.1821061,0.1570713],[28.1642647,0.1876565],[28.1466985,0.1920557],[28.1533619,0.2148089],[28.1436447,0.2381725],[28.1200154,0.2414115],[28.1162382,0.2566654],[28.1031227,0.2561875],[28.0968038,0.2745067],[28.0853874,0.2782767],[28.0785863,0.3052437],[28.0614926,0.3073218],[28.057935,0.339712],[28.0658468,0.3508626],[28.0578819,0.3555884],[28.056534,0.4025762],[28.0323904,0.4032036],[28.0388141,0.4190311],[28.0257612,0.429617],[28.0434391,0.4351669],[28.043028,0.4508916],[28.0105986,0.4566824],[28.0138104,0.4853872],[27.9960449,0.4812722],[27.9896212,0.4931154],[27.9219217,0.4913841],[27.90026,0.5059755],[27.8946393,0.4895957],[27.885325,0.500917],[27.8690353,0.4878519],[27.833529,0.4923545],[27.787814,0.5324793],[27.75458280193775,0.5464932657310726],[27.7304827,0.5653188],[27.737349,0.5859457],[27.8164005,0.58111],[27.8932991,0.59639],[27.9192009,0.61278],[27.95892849078338,0.658733678582354],[28.0625,0.70111],[28.3502998,0.74083],[28.3899994,0.72778],[28.4825001,0.62639],[28.5207996,0.59833],[28.5571995,0.58611],[28.7238998,0.62306],[28.8155994,0.63194],[29.0116997,0.61194],[29.0527992,0.62167],[29.1107998,0.66833],[29.1499996,0.68611],[29.1739006,0.68667],[29.2115409,0.6777954],[29.2300803,0.6565108],[29.2439849,0.6132548],[29.3068129,0.5827008],[29.3171126,0.5856188],[29.326039,0.6374576],[29.335652,0.6465551],[29.3857994,0.61611],[29.4097004,0.61556],[29.4466991,0.63194],[29.4836006,0.6675],[29.4708004,0.69222],[29.3843994,0.72222],[29.3596992,0.75583],[29.3652992,0.79361],[29.4027996,0.85667],[29.4283009,0.86],[29.5111008,0.82111],[29.5639,0.81556],[29.5816994,0.83667],[29.5741997,0.85861],[29.5853004,0.88139],[29.6769009,0.88611],[29.7269001,0.87861],[29.7810993,0.93417],[29.8605995,0.96361],[29.8680233,0.9485013],[29.8645279,0.9034379],[29.8791406,0.8941693],[29.8763082,0.8703755],[29.8969209,0.8455652],[29.9057132,0.8074469],[29.9299318,0.7997974],[29.93957401487119,0.8085244784488236],[29.928281,0.785018],[29.926834,0.774889],[29.932312,0.723161],[29.920013,0.63867],[29.919496,0.618103],[29.940477,0.498317],[29.922907,0.46018],[29.903909,0.438229],[29.851077,0.377187],[29.839605,0.358481],[29.832628,0.336983],[29.811217817124543,0.22685111298460117],[29.79846179253575,0.16770209200723427],[29.761263,0.172135],[29.711809,0.099582],[29.703075,0.072503],[29.701628,0.055243],[29.709690815045608,0.0255269548576857],[29.714341,-0.007492],[29.694032,-0.063096],[29.681262,-0.137897],[29.676617,-0.165105],[29.672886958416306,-0.18716084443056155],[29.629385,-0.442401],[29.631865,-0.461211],[29.634615,-0.466968],[29.643766477262293,-0.4861302973651358],[29.649745,-0.504309],[29.653053,-0.565597],[29.650882,-0.57955],[29.622874,-0.588438],[29.618843,-0.599394],[29.620496,-0.605388],[29.625537535021593,-0.6123116560680971],[29.630573,-0.622028],[29.619258949240667,-0.6386698949720614],[29.618843,-0.638978],[29.615536,-0.644146],[29.60303,-0.7229],[29.602203,-0.743778],[29.610139881812586,-0.778572404021785],[29.613365,-0.803826],[29.610781,-0.863977],[29.596725,-0.891882],[29.567166,-0.901908],[29.556004,-0.919478],[29.554661,-0.928573],[29.555281,-0.938495],[29.55712818059367,-0.9474592587633986],[29.560345,-0.972084],[29.556521,-0.981799],[29.551518,-0.990305],[29.551353,-0.990584],[29.54846,-1.002573],[29.551198,-1.020143],[29.56033519871681,-1.043996002190652],[29.57006,-1.077918],[29.56549791801196,-1.1143071025968252],[29.556934,-1.157706],[29.557038,-1.181787],[29.581429,-1.234807],[29.578184225787897,-1.2493407891084765],[29.57099,-1.268604],[29.571507,-1.279249],[29.587113,-1.310565],[29.57802828587641,-1.3876828817251838],[29.5592572,-1.3881318],[29.539827367408034,-1.4019205456516544],[29.538641,-1.402342],[29.498747,-1.431074],[29.46433,-1.466938],[29.44636526201726,-1.4952386401784667],[29.437407,-1.506212],[29.42984231105221,-1.5070382635835495],[29.358497,-1.509933],[29.342787,-1.516547],[29.331212,-1.53143],[29.303823,-1.587861],[29.245429,-1.640984],[29.233337,-1.658657],[29.230787364426018,-1.6634938584560834],[29.219690390585775,-1.680554200463131],[29.1692317,-1.6633057],[29.1584872,-1.633872],[29.1372071,-1.6422173],[29.131677,-1.6283185],[29.0932295,-1.6204937]]]}},{"type":"Feature","properties":{"id":"CD-NU","country":"CD","name_en":"Nord-Ubangi"},"geometry":{"type":"Polygon","coordinates":[[[22.2584151,4.1150127],[22.3323116,4.1256346],[22.3759414,4.1202665],[22.4126042,4.1308313],[22.5372009,4.1136098],[22.5969009,4.0752802],[22.6872005,3.99805],[22.7141991,3.9877801],[22.7586002,3.99139],[22.7656002,3.905],[22.8498926,3.864724],[22.8783884,3.8741439],[22.8929796,3.8457128],[22.9409596,3.8630327],[23.0703923,3.8666294],[23.0944249,3.8852977],[23.1515881,3.8918058],[23.1515881,3.8517287],[23.1788823,3.8510436],[23.2163045,3.8697123],[23.2422253,3.8565244],[23.3297726,3.8385406],[23.3589001,3.8094399],[23.3812711,3.808738],[23.3948323,3.8347725],[23.4087369,3.840082],[23.4531972,3.8308331],[23.4717366,3.8171308],[23.5156819,3.8197],[23.5116997,3.79917],[23.4869003,3.7383299],[23.4410992,3.7005601],[23.3822002,3.6233301],[23.3561001,3.60917],[23.3327999,3.6125],[23.3006001,3.6405599],[23.2294006,3.6419401],[23.2075005,3.6663899],[23.1711006,3.6780601],[23.1368999,3.65361],[23.0375004,3.5474999],[22.9930992,3.53444],[22.9286003,3.5480499],[22.8628006,3.5077801],[22.6674995,3.4475],[22.6246944,3.3905387],[22.6148711,3.3399281],[22.618097776994606,3.3319355625081486],[22.6159186,3.3333298],[22.622769623957666,3.3038905938305585],[22.62215398998204,3.3008029241799117],[22.5559094,3.1704884],[22.555100292532025,3.119991255009104],[22.5433004,3.0997751],[22.5182819,3.0929506],[22.5075531,3.0250695],[22.4809527,2.9755919],[22.4596166,2.9991202],[22.4040412,3.005613],[22.3527201,3.0306122],[22.3145631,3.007793],[22.2942189,3.0058824],[22.2807229,2.9919235],[22.2200294,2.9721397],[22.1798316,2.9606838],[22.1524362,2.9642088],[22.1312893,2.9507923],[22.1000493,2.9518014],[22.0801929,2.9390687],[22.0671334,2.9432769],[22.0525296,2.9310441],[22.034982,2.9324151],[21.9986662,2.9113872],[21.9634528,2.9149961],[21.9436812,2.9024854],[21.8872427,2.9102533],[21.8700766,2.901167],[21.7847609,2.9280829],[21.739099,2.9330546],[21.6915488,2.9309974],[21.6764426,2.9219112],[21.6738676,2.9299687],[21.6530966,2.9315117],[21.587522,2.9193396],[21.5739607,2.9285972],[21.4941382,2.9390549],[21.4735388,2.9570554],[21.45798877657042,2.951717182969862],[21.4225554,2.9822558],[21.4177489,2.9993985],[21.4007544,3.0074555],[21.3954329,3.0012842],[21.3834166,3.0196266],[21.3629889,3.0196266],[21.3429045,3.0422542],[21.2884878,3.067624],[21.2414526,3.1171619],[21.2352728,3.1111626],[21.2133002,3.1205901],[21.2031721,3.1380734],[21.1831722,3.1416654],[21.1702842,3.1632461],[21.16471,3.0962949],[21.154599,3.0717602],[21.144811,2.9224358],[21.0456598,3.0065352],[21.0395225,3.056761],[21.033464567189522,3.0624439659068963],[21.033041,3.0643858],[21.00669125724939,3.0875600925402797],[20.9825309,3.110225],[20.98086094565935,3.110277551411117],[20.979603,3.1113839],[20.977403796207003,3.110386343656356],[20.9664896,3.1107298],[20.94719,3.0966814],[20.9308813,3.1019991],[20.8886702,3.1630791],[20.8502795,3.1804591],[20.8005589,3.2448694],[20.795217143317004,3.2461798484762294],[20.7927787,3.2490903],[20.790635071035897,3.247303929933902],[20.7849231,3.2487052],[20.772924,3.2325446],[20.7618946,3.2416481],[20.75717008658806,3.2180627593221183],[20.754775401514134,3.216244014204024],[20.7403487,3.2120189],[20.7345141130084,3.20085571953543],[20.7261643,3.1945141],[20.720354065124894,3.177940095105752],[20.6300951,3.0934627],[20.531702,2.9793224],[20.3825932,2.8971922],[20.2730122,2.8875024],[20.2059536,2.9142523],[20.185463,2.9549222],[20.1919422,2.9891124],[20.2860737,3.2219822],[20.2857323,3.3663023],[20.2731228,3.4651623],[20.2661819,3.4767823],[20.1943932,3.4998822],[20.1750126,3.5325623],[20.1672421,3.5859823],[20.1797733,3.6761723],[20.1953621,3.7089224],[20.2211628,3.7318823],[20.2083435,3.7645724],[20.1058731,3.8246922],[20.0376434,3.8867023],[19.9953423,3.9116924],[19.9621334,3.9443424],[19.9397221,4.0268126],[19.9147045,4.0577846],[19.8531317,4.0826287],[19.8196363,4.0771923],[19.8104095,4.0869094],[19.7851324,4.0865241],[19.7676658,4.06816],[19.7487402,4.0797607],[19.7337413,4.0621242],[19.7130132,4.0644786],[19.6984649,4.052364],[19.6813846,4.0802316],[19.6715999,4.0769783],[19.6696258,4.0635796],[19.6645188,4.0720983],[19.653275,4.0676035],[19.6519446,4.0813873],[19.6180844,4.0734681],[19.6063256,4.0593417],[19.5943522,4.0639221],[19.592979,4.0557459],[19.5813918,4.0655916],[19.5733237,4.0583143],[19.548862,4.0669186],[19.5437121,4.043888],[19.5029855,4.0618246],[19.4940484,4.0291938],[19.4626451,4.0142854],[19.4644233,3.9776044],[19.4490382,3.9755066],[19.4517848,3.9536936],[19.4639084,3.95014],[19.4469783,3.9432685],[19.4481584,3.9358831],[19.4373652,3.9545498],[19.4306275,3.9438893],[19.4197699,3.9527303],[19.4099638,3.9464581],[19.4273016,3.9390513],[19.4161865,3.9194851],[19.4252014,3.907462],[19.4105887,3.9007399],[19.4082499,3.9129638],[19.3774366,3.9398086],[19.3751836,3.9613437],[19.3398213,3.996107],[19.2890628,4.0090023],[19.3475328,4.0745723],[19.3688328,4.1516823],[19.4553928,4.3529123],[19.5127028,4.4497423],[19.5267428,4.5188523],[19.5043239,4.5704761],[19.5111903,4.5802296],[19.5044956,4.5952874],[19.4641551,4.6218089],[19.4679317,4.6685185],[19.4171199,4.6758754],[19.3860063,4.6482438],[19.3808994,4.6247176],[19.3735179,4.6233488],[19.3697843,4.6325883],[19.3264398,4.6426831],[19.3243799,4.657483],[19.3063554,4.6633857],[19.3107328,4.6712559],[19.3015489,4.6718548],[19.2978153,4.6834033],[19.2798337,4.6749344],[19.2701778,4.688707],[19.2540416,4.6892203],[19.2243255,4.678562],[19.2056573,4.6982905],[19.1851652,4.6890091],[19.1788781,4.6992528],[19.159137,4.6988893],[19.1465843,4.7213117],[19.1493202,4.7328808],[19.1203416,4.7305499],[19.1075313,4.7674587],[19.077453,4.7688112],[19.0672177,4.7612735],[19.068752,4.7744403],[19.0530342,4.7734728],[19.0316785,4.7580446],[19.0285349,4.766876],[19.0210891,4.7629628],[19.016526285964144,4.78820075554071],[19.042857618192553,4.825529478974484],[19.044139,4.82689],[19.044944303652944,4.828487677358389],[19.0510736,4.8371769],[19.070259554444917,4.8927906479173515],[19.116176,4.940449],[19.133023,4.946934],[19.1968434,4.9415309],[19.23573313246945,5.009278999295038],[19.3352963,5.0557027],[19.364103320538533,5.081970317765699],[19.373112,5.087546],[19.37856422369977,5.095156460229756],[19.4106353,5.1244004],[19.4371584,5.1323954],[19.4803482,5.1217777],[19.511965985378694,5.135426966560857],[19.517082,5.135967],[19.546455120472075,5.150315782861705],[19.6166015,5.1297727],[19.633464387651973,5.137722724211908],[19.70551971220678,5.13625314904752],[19.83424643200168,5.090497415666318],[19.854032,5.0672325],[19.8627567,5.0331586],[19.880335902929016,5.015634424833297],[19.880367,5.015535],[19.890909,5.002125],[19.895632020965895,5.000386187872202],[19.9134551,4.9826189],[20.0075469,4.9713362],[20.0465145,4.9351248],[20.08280502221914,4.918671523674748],[20.08635,4.916264],[20.09824654973856,4.911670695259361],[20.171719,4.87836],[20.217194,4.822446],[20.232976772785705,4.809371258940276],[20.2510462,4.7890214],[20.338944,4.771906],[20.395478,4.677106],[20.403746,4.669845],[20.409252326736425,4.6673959641932665],[20.433763493166303,4.650117130297922],[20.456456,4.621502],[20.463071,4.600935],[20.456734098449363,4.5857017905911075],[20.447051,4.569671],[20.44209,4.550499],[20.452322,4.528924],[20.5215094,4.4566751],[20.55876370138353,4.429338964984596],[20.559809,4.428361],[20.562412893639618,4.426661292648652],[20.5830899,4.4114891],[20.59156268391318,4.412397688327728],[20.603114,4.409732],[20.68838,4.42278],[20.7926007,4.42209],[20.83870537589,4.451121900128069],[20.879042441494835,4.45176730176298],[20.963505,4.433736],[21.059624,4.398596],[21.076057,4.395469],[21.097051558003972,4.364902463568704],[21.103445,4.353275],[21.113574,4.340847],[21.150057,4.326714],[21.158119,4.310203],[21.16556,4.307154],[21.166980847704156,4.3070771150686245],[21.210932,4.291574],[21.223438,4.292452],[21.2238117015308,4.292675381419933],[21.226401,4.2928968],[21.230267228848216,4.296534195847326],[21.23243,4.297827],[21.23585193744563,4.301788358665477],[21.265916,4.330073],[21.288344,4.33338],[21.306382977443793,4.32186588330825],[21.310358,4.316094],[21.358313,4.285553],[21.37485,4.278164],[21.397691,4.271627],[21.416915,4.270076],[21.449170890126478,4.271462204773817],[21.473138,4.269301],[21.48632187533446,4.259540924862436],[21.489882,4.256253],[21.49722,4.251473],[21.508072,4.249406],[21.509698954751553,4.249393225026013],[21.538147,4.244652],[21.634162,4.294209],[21.66444974586753,4.2945262742020365],[21.688939,4.292452],[21.722942,4.295139],[21.758496,4.285605],[21.76432388562228,4.27995747357291],[21.76604,4.277208],[21.771001,4.273487],[21.78206,4.271937],[21.798146861779518,4.2726263019318775],[21.819887,4.271937],[21.86774,4.241551],[21.891614,4.237184],[21.949905,4.233464],[21.970783,4.237184],[21.976380885422248,4.2392075519768895],[22.001478,4.244652],[22.0437684,4.2218143],[22.104487644857418,4.21060588499845],[22.1649199,4.1548449],[22.2584151,4.1150127]]]}},{"type":"Feature","properties":{"id":"CD-SA","country":"CD","name_en":"Sankuru"},"geometry":{"type":"Polygon","coordinates":[[[24.5531608,-2.1912713],[24.6107998,-2.2661099],[24.6655998,-2.3800001],[24.9277298,-2.3796956],[24.9317238,-2.397445],[24.9589803,-2.3977328],[24.991088,-2.4283673],[25.0476367,-2.4146204],[25.0508174,-2.4006341],[25.0643859,-2.4230468],[25.0359289,-2.439516],[25.0217624,-2.4705966],[24.9994039,-2.4780417],[25.009283,-2.4877922],[25.0422459,-2.4896693],[25.0489407,-2.5021886],[25.0003605,-2.5484922],[25.0091152,-2.5649553],[25.0316029,-2.5687281],[25.0769215,-2.6098847],[25.091341,-2.6344066],[25.0932293,-2.6623575],[25.0788097,-2.6745323],[25.0752048,-2.7036825],[25.0997524,-2.7311174],[25.1167469,-2.7746691],[25.1038723,-2.8165046],[25.0697117,-2.8514807],[25.0219898,-2.9361733],[25.0364115,-2.972168],[25.0116923,-2.9944538],[24.9924662,-3.0340527],[25.0180438,-3.047252],[25.0139239,-3.0623367],[25.0240519,-3.0710789],[25.0194171,-3.0873632],[24.9984744,-3.0733073],[24.9862864,-3.0863348],[25.0070574,-3.0971337],[24.9937186,-3.1299781],[25.0124005,-3.1492361],[24.987607,-3.1596258],[24.9835493,-3.1964533],[24.9521473,-3.2006131],[24.956037,-3.2243236],[24.9429362,-3.2457471],[24.9458928,-3.2735777],[24.9050963,-3.2657487],[24.8831274,-3.2861894],[24.9026998,-3.2968365],[24.8872473,-3.3663916],[24.8482922,-3.3741231],[24.8388043,-3.4200939],[24.8166945,-3.4294519],[24.8181424,-3.4618997],[24.7875241,-3.461565],[24.765711,-3.4830842],[24.7639934,-3.493607],[24.7895933,-3.5121867],[24.7999006,-3.5424394],[24.7827609,-3.5543657],[24.7846513,-3.5645664],[24.767212,-3.5571408],[24.7743472,-3.572121],[24.7643862,-3.5821841],[24.7738637,-3.5950833],[24.7594987,-3.60566],[24.7757859,-3.6065572],[24.7709886,-3.6141922],[24.7806987,-3.6236486],[24.768757,-3.6361209],[24.7838924,-3.6352712],[24.77837,-3.6462285],[24.8010901,-3.6749795],[24.7867814,-3.6852871],[24.7955361,-3.6936811],[24.7945286,-3.7142397],[24.7744103,-3.7122064],[24.7646325,-3.7258728],[24.7680507,-3.7421905],[24.7569123,-3.738048],[24.7502807,-3.7469416],[24.7670604,-3.7529237],[24.7514192,-3.7659688],[24.7478166,-3.7863045],[24.7384991,-3.7774068],[24.7312493,-3.7833039],[24.7473229,-3.8016467],[24.7479737,-3.816264],[24.7720063,-3.8135235],[24.7708047,-3.8431546],[24.8163772,-3.8546527],[24.8058414,-3.8626489],[24.8065281,-3.8753336],[24.8244404,-3.8918256],[24.8319161,-3.9200538],[24.847011,-3.9209234],[24.8584427,-3.9048943],[24.8598195,-3.9483771],[24.878093,-3.9457423],[24.8921636,-3.9673804],[24.911052,-3.973596],[24.9022691,-4.0071341],[24.9252397,-4.0241572],[24.9283898,-4.0431804],[24.9460709,-4.0390707],[24.9549973,-4.0248581],[24.9873384,-4.0460642],[24.9904283,-4.0674682],[24.976867,-4.106165],[25.00260053458238,-4.118132498860172],[25.00446342979344,-4.121146768313099],[25.00370345209798,-4.12504021263063],[24.9861368,-4.1508523],[25.01398478632269,-4.172605682956315],[25.0026162,-4.1823545],[25.0074599,-4.1999012],[24.9969885,-4.2146243],[25.0034745,-4.2559689],[25.0177302,-4.2761576],[24.9935182,-4.314513],[24.9924186,-4.3674379],[24.9735289,-4.3851686],[24.9754253,-4.4004092],[24.9967532,-4.41587],[24.9919354,-4.4249221],[25.0052969,-4.4404929],[24.9962684,-4.4524072],[25.0004544,-4.464075],[24.9939651,-4.4739015],[24.9815415,-4.4708603],[24.9737532,-4.488644],[24.9675068,-4.4823981],[24.9579029,-4.5058398],[24.9285037,-4.5262791],[24.9281783,-4.5505043],[24.9159063,-4.5537549],[24.9183039,-4.5709171],[24.9049143,-4.5669814],[24.8987233,-4.5874457],[24.8818977,-4.5883214],[24.8599673,-4.6611125],[24.873292,-4.6877632],[24.8662555,-4.6965931],[24.8912996,-4.7211827],[24.8972614,-4.7493765],[24.9103237,-4.767974],[24.9247904,-4.7710777],[24.9340791,-4.7940549],[24.9690326,-4.8136533],[24.8173809,-4.8991799],[24.8024597,-4.9408898],[24.7707806,-4.9800901],[24.6863003,-5.00351],[24.6036606,-5.1132002],[24.5876503,-5.1498799],[24.5858593,-5.2339902],[24.5560493,-5.4000702],[24.4366093,-5.4623399],[24.3513908,-5.4900799],[24.2709103,-5.4984002],[24.0432796,-5.48384],[24.0476608,-5.5258899],[24.0633297,-5.53127],[24.0524292,-5.6099901],[24.0630093,-5.6804299],[24.1063595,-5.7163401],[24.14534,-5.7342901],[24.1764386,-5.7802702],[24.1438352,-5.8247525],[24.0181848,-5.8439039],[23.9535067,-5.8235126],[23.9340862,-5.8499464],[23.905516,-5.8573519],[23.9019048,-5.8333914],[23.8821799,-5.8139924],[23.829341,-5.8045439],[23.8283923,-5.7898483],[23.8506433,-5.7586792],[23.8359801,-5.7469583],[23.7969848,-5.7557757],[23.7666177,-5.7828105],[23.7304729,-5.7663046],[23.7093376,-5.7709877],[23.709708,-5.7551329],[23.7234464,-5.7522222],[23.7332,-5.7216944],[23.7356597,-5.699048],[23.7236456,-5.6756811],[23.7505262,-5.6573466],[23.7478818,-5.639659],[23.7640269,-5.6310904],[23.7322863,-5.6094365],[23.7169216,-5.5556009],[23.7263929,-5.481857],[23.7032407,-5.4485436],[23.7139749,-5.364728],[23.5141573,-5.3054829],[23.4993308,-5.2881778],[23.4680088,-5.2934574],[23.4312468,-5.276602],[23.4329391,-5.250986],[23.3875541,-5.2726382],[23.3333144,-5.2608283],[23.2292627,-5.3019258],[23.1921014,-5.257364],[23.1413406,-5.1601987],[23.0436001,-5.04917],[22.9594002,-4.9797201],[22.9557991,-4.8730502],[22.9874992,-4.8172202],[23.1389008,-4.7755599],[23.1627998,-4.76194],[23.1793995,-4.7372198],[23.1574993,-4.5855598],[23.1375008,-4.5363898],[23.1252995,-4.5241699],[22.8778,-4.4974999],[22.8511009,-4.4872198],[22.7632999,-4.3805599],[22.7563529,-4.3585765],[22.7084109,-4.3195217],[22.6728498,-4.2655149],[22.6292044,-4.2317876],[22.5646958,-4.2119466],[22.5532412,-4.2164842],[22.5213851,-4.1974398],[22.4885231,-4.1935552],[22.4636899,-4.1743145],[22.4174005,-4.1756086],[22.3802254,-4.1144384],[22.3333789,-4.0730617],[22.3157984,-4.0753856],[22.2891659,-4.0511314],[22.2702503,-4.0241569],[22.269893,-3.994279],[22.208351,-4.0132252],[22.1558226,-4.0428493],[22.1046675,-4.0200748],[22.0825232,-3.9829151],[22.0172918,-3.9632215],[22.0494003,-3.91945],[22.0993996,-3.90639],[22.1933002,-3.90694],[22.2028008,-3.87889],[22.1336002,-3.7011099],[22.1124992,-3.6833301],[22.0046997,-3.6513901],[21.9780998,-3.6158299],[21.9685993,-3.5541699],[21.9738998,-3.5],[22.0377998,-3.4275],[22.0547009,-3.38111],[22.0611,-3.32833],[22.1068993,-3.26],[22.1424999,-3.1711099],[22.1933002,-3.0163901],[22.1891994,-2.9658301],[22.1597004,-2.8919401],[22.0670972,-2.7518388],[21.9895219,-2.7333805],[21.8685238,-2.6784382],[21.7567884,-2.66818],[21.7281087,-2.6743815],[21.7010222,-2.6663373],[21.8516381,-2.5359675],[21.9519005,-2.41556],[22.0485992,-2.3708301],[22.1158009,-2.2922201],[22.1396999,-2.2763901],[22.1760998,-2.2908299],[22.1905994,-2.3133299],[22.1947002,-2.3599999],[22.1830997,-2.4113901],[22.1986008,-2.4477799],[22.2514,-2.4669399],[22.2872009,-2.44556],[22.2961006,-2.42028],[22.2910995,-2.3824999],[22.2331009,-2.1977799],[22.2068996,-2.0383301],[22.1664009,-1.94222],[22.1644096,-1.93005],[22.1849995,-1.90333],[22.3213997,-1.94028],[22.5097008,-1.95889],[22.5324993,-1.94583],[22.5900002,-1.87444],[22.6256008,-1.80111],[22.6427994,-1.81694],[22.6797009,-1.80667],[22.7632999,-1.8538899],[22.8202991,-1.85861],[22.8703003,-1.8841701],[22.9094009,-1.91417],[22.9367008,-1.96222],[23.0058002,-1.93194],[23.0739002,-1.93194],[23.1217003,-1.95333],[23.1672267,-1.9964983],[23.1936811,-2.00903],[23.2651018,-2.0120336],[23.3451855,-2.0766147],[23.4081058,-2.0947689],[23.4884264,-2.0434179],[23.5015217,-2.0159424],[23.5327968,-1.9876464],[23.5693827,-1.9831432],[23.598681,-1.9963758],[23.6177998,-2.0174181],[23.6699203,-2.0250663],[23.71038,-2.0132419],[23.7538901,-1.983411],[23.7716665,-1.9567658],[23.8492758,-1.9438543],[23.8576757,-1.8988549],[23.8391348,-1.8309669],[23.8646377,-1.8341533],[23.8822995,-1.8257116],[23.9238028,-1.8498946],[23.95351,-1.8516412],[23.98821,-1.8706038],[24.0048257,-1.7627757],[24.0416331,-1.7475925],[24.0593576,-1.7538306],[24.1402411,-1.7480915],[24.1693233,-1.7354071],[24.2121406,-1.7408656],[24.208304945638638,-1.6947978174578542],[24.3095007,-1.7027897],[24.3669389,-1.7193875],[24.4123887,-1.7179482],[24.4707881,-1.7546396],[24.472325,-1.7990965],[24.4919423,-1.9971502],[24.5284379,-2.1442139],[24.5531608,-2.1912713]]]}},{"type":"Feature","properties":{"id":"CD-SK","country":"CD","name_en":"South Kivu"},"geometry":{"type":"MultiPolygon","coordinates":[[[[29.143893,-3.4157671],[29.1300642,-3.4319325],[29.1431938,-3.4812415],[29.1396204,-3.5034338],[29.1496847,-3.5139751],[29.1561003,-3.5500945],[29.1436279,-3.5990116],[29.1577079,-3.6690592],[29.1221671,-3.7086891],[29.1259798,-3.727213],[29.1118645,-3.7385172],[29.09825,-3.7824999],[29.13,-3.8209999],[29.0975,-3.8689999],[29.1108828,-3.8877231],[29.09875,-3.9169999],[29.11075,-3.9509999],[29.1057529,-4.0077577],[29.0935,-4.0179999],[29.089,-4.0439999],[29.0915832,-4.0806294],[29.1015638,-4.0957245],[29.0903589,-4.1598454],[29.11325,-4.1984999],[29.1075,-4.2352499],[29.09375,-4.2534999],[29.0665,-4.2649999],[29.058,-4.2809999],[29.0575,-4.3042499],[29.068,-4.3162499],[29.08325,-4.3212499],[29.09175,-4.3142499],[29.0995,-4.3299999],[29.13725,-4.3387499],[29.15775,-4.3244999],[29.15225,-4.3149999],[29.19325,-4.2017499],[29.21425,-4.1052499],[29.23025,-4.0599999],[29.24275,-4.0499999],[29.262,-4.0897499],[29.26425,-4.1307499],[29.20825,-4.3932499],[29.20425,-4.4389999],[29.2155,-4.5102499],[29.204,-4.5234999],[29.18625,-4.4954999],[29.16325,-4.5019999],[29.153,-4.5402499],[29.16025,-4.5472499],[29.12525,-4.5864999],[29.108,-4.6382499],[29.1165,-4.7002499],[29.0975,-4.7952499],[29.10825,-4.8467499],[29.108,-4.9504999],[29.1221155783341,-5.008227399921812],[28.8030478,-5.0103229],[28.7998243,-5.0],[28.79653152522498,-4.99786334577733],[28.7934655,-4.9920009],[28.7764281,-4.9848184],[28.7762886,-4.9660389],[28.7540504,-4.9607774],[28.7482408,-4.9452039],[28.7599768,-4.9388125],[28.7554846,-4.9236989],[28.768248,-4.9141634],[28.7500418,-4.9008849],[28.7372546,-4.8530373],[28.7131539,-4.8342024],[28.7160773,-4.8199687],[28.6899088,-4.7994877],[28.6832429,-4.7396221],[28.6592957,-4.7057062],[28.6348801,-4.7009579],[28.6072903,-4.676609],[28.5674393,-4.5406236],[28.5527873,-4.5233918],[28.5531376,-4.4600622],[28.4938726,-4.4546009],[28.4918008,-4.4084975],[28.4808453,-4.3967119],[28.4024658,-4.3642499],[28.3971447,-4.3060599],[28.3789425,-4.2744083],[28.3584448,-4.2820322],[28.2426595,-4.1996363],[28.215365,-4.1529177],[28.1805258,-4.16014],[28.1617213,-4.215393],[28.1363515,-4.2240441],[28.1265245,-4.2157932],[28.1177454,-4.2270963],[28.0608904,-4.1835044],[28.0176337,-4.1908286],[28.0160455,-4.1706738],[28.0243171,-4.1633208],[28.0162613,-4.1460679],[28.0304309,-4.1320071],[27.9943524,-4.1458814],[27.961427,-4.1260858],[27.9510834,-4.1325208],[27.943075,-4.1206124],[27.9136623,-4.1285648],[27.8609305,-4.1115945],[27.8223264,-4.0703617],[27.8377819,-4.0223885],[27.7985516,-4.0040112],[27.6363962,-4.0219284],[27.6184635,-4.020422],[27.5805721,-3.9949322],[27.5313129,-3.9934139],[27.4772282,-3.9769077],[27.4593982,-3.9798981],[27.4516186,-3.9965938],[27.3866045,-3.9353085],[27.3466145,-3.93523],[27.3163633,-3.9155779],[27.2774112,-3.9178715],[27.2619966,-3.8983529],[27.2498032,-3.9041384],[27.1887021,-3.8892971],[27.1772388,-3.8568846],[27.162441,-3.8496081],[27.1652895,-3.8368508],[27.1527153,-3.8208229],[27.148708946708016,-3.8204948195267994],[27.142714840283624,-3.814581899378411],[27.143636,-3.8114051],[27.139217117277862,-3.8111315507576213],[27.125863861036173,-3.797959155693564],[27.1216041,-3.7863353],[27.1122637,-3.7845432],[27.1090311,-3.7585868],[27.096592,-3.7534174],[27.0856123,-3.7284472],[27.0926021,-3.7234994],[27.0892995,-3.7026916],[27.0988315,-3.6999358],[27.0927454,-3.685456],[27.1001115,-3.678666],[27.0995395,-3.6232231],[27.1271134,-3.573569],[27.1215052,-3.5577945],[27.1348885,-3.5585154],[27.1354035,-3.5390093],[27.1201613,-3.5465893],[27.1168155,-3.5401754],[27.1325356,-3.53021],[27.1340388,-3.5011822],[27.1184886,-3.4576286],[27.131702,-3.4264995],[27.1165767,-3.4315464],[27.1135176,-3.3859115],[27.0991996,-3.3928247],[27.0915146,-3.3806746],[27.1045476,-3.3640349],[27.0943955,-3.3434232],[27.0998145,-3.3154837],[27.120895,-3.3011773],[27.1407407,-3.2663062],[27.1103484,-3.2442281],[27.1273404,-3.2069303],[27.1185346,-3.177598],[27.130903,-3.1557149],[27.1304881,-3.1459076],[27.1112098,-3.1343231],[27.1226855,-3.11337],[27.1199688,-3.0784785],[27.118647502418938,-3.077419870064821],[27.1182358,-3.0737545],[27.110628208319465,-3.070994773315689],[27.0761267,-3.043352],[27.07429742498359,-3.0430950427094015],[27.0726606,-3.0412939],[27.0578124,-3.0407794],[27.0572236,-2.9867332],[27.0307591,-2.9691335],[27.0245353,-2.9491654],[27.0159075,-2.9611134],[27.0014216,-2.9590089],[26.9797968,-2.9287745],[26.9571266,-2.836789],[26.9449085,-2.8201323],[26.9162227,-2.807461],[26.9154966,-2.7941189],[26.9457736,-2.7397459],[26.9429447,-2.712378],[26.9057038,-2.6956177],[26.9049727,-2.6646889],[26.8562898,-2.6061683],[26.8548809,-2.5798094],[26.8710412,-2.5631607],[26.8705538,-2.5425395],[26.8560095,-2.4941521],[26.8201999,-2.4465472],[26.8241055,-2.3783332],[26.8106492,-2.3398237],[26.8445978,-2.3388359],[26.8614195,-2.3228217],[26.8511541,-2.2887071],[26.8682576,-2.1585747],[26.9139672,-2.1594563],[26.9383089,-2.1834854],[26.9376054,-2.1525805],[26.9632579,-2.1306612],[26.9835944,-2.1549406],[26.9784499,-2.1252461],[26.998411,-2.1510359],[27.0096679,-2.1379878],[27.0229605,-2.1648182],[27.0566843,-2.17988],[27.0659748,-2.2113054],[27.0767893,-2.2016969],[27.1159384,-2.2108932],[27.1109755,-2.2243591],[27.1232834,-2.2367185],[27.1247214,-2.223209],[27.1452923,-2.2118094],[27.1529779,-2.2146173],[27.1518197,-2.2359803],[27.1541666,-2.2244291],[27.1749455,-2.2184713],[27.1769236,-2.2423843],[27.1838239,-2.2232606],[27.1961502,-2.219069],[27.1870312,-2.2326004],[27.1950049,-2.2349937],[27.2020927,-2.2242858],[27.2059389,-2.2431807],[27.212567,-2.2347195],[27.2265794,-2.2388155],[27.2280482,-2.2645218],[27.2396368,-2.2718741],[27.257614,-2.2300471],[27.2880391,-2.2421301],[27.3191939,-2.1959608],[27.3530284,-2.1652633],[27.3846911,-2.1671263],[27.4525788,-2.1305215],[27.4461453,-2.1072069],[27.4723565,-2.0339491],[27.4033451,-2.0212569],[27.393552,-2.004173],[27.3757251,-2.0],[27.7791857,-2.0000029],[27.7694579,-2.0188741],[27.7845707,-2.0287636],[27.8383943,-2.0338756],[27.8850204,-2.0014503],[27.9497531,-2.0002465],[27.9619751,-2.0162752],[27.9846572,-2.0068395],[27.9978934,-2.0324472],[28.0116252,-2.0117891],[28.0871356,-1.9986843],[28.1007878,-2.0083397],[28.0997644,-2.0657702],[28.1335784,-2.0398353],[28.1568779,-2.046527],[28.1623887,-2.0384496],[28.1499683,-2.002914],[28.1581176,-1.9867024],[28.1495515,-1.9762295],[28.1631651,-1.9680995],[28.1731939,-1.9675714],[28.1765304,-1.9855285],[28.1958182,-1.9941987],[28.3041969,-1.9905093],[28.3271209,-1.9761644],[28.3503326,-1.9940012],[28.3743247,-1.9932162],[28.3822681,-1.9778904],[28.377037,-1.9608587],[28.3501835,-1.9475693],[28.3538555,-1.9399237],[28.3720222,-1.9215221],[28.450781,-1.8929484],[28.4497338,-1.865128],[28.5110587,-1.8768059],[28.5241918,-1.8967518],[28.5585253,-1.9046401],[28.6055051,-1.8807342],[28.6409909,-1.8909138],[28.677748,-1.8677122],[28.7003128,-1.828617],[28.6957354,-1.805972],[28.66887,-1.7939206],[28.6696899,-1.7514069],[28.6843249,-1.7537842],[28.6908444,-1.7698083],[28.7127081,-1.7822419],[28.8166094,-1.7674968],[28.8626922,-1.7070258],[28.8829582,-1.7287494],[28.9170047,-1.7422387],[28.9691785,-1.7416621],[29.0294422,-1.6527605],[29.0329661,-1.62881],[29.0215186,-1.6205426],[29.0331541,-1.6207805],[29.0495507,-1.5837612],[29.0670016,-1.5852282],[29.0855195,-1.5995301],[29.0932295,-1.6204937],[29.131677,-1.6283185],[29.1372071,-1.6422173],[29.1584872,-1.633872],[29.1692317,-1.6633057],[29.22147316992939,-1.6811636152136324],[29.206510973593723,-1.7078382517737225],[29.18664,-1.739618],[29.149311,-1.799321],[29.130501,-1.843349],[29.12554,-1.879109],[29.12771,-1.915696],[29.12810826888698,-1.9180499427518112],[29.1275344,-1.9359661],[29.154272,-2.072689],[29.150551,-2.15041],[29.134841,-2.197746],[29.10983,-2.23671],[29.075413,-2.263892],[29.009876300816927,-2.2749940861506306],[29.002136,-2.274744],[28.993661,-2.277741],[28.983378,-2.287353],[28.98220565373934,-2.2959124094943695],[28.945447,-2.354222],[28.917430264713325,-2.3675809074517735],[28.907258,-2.370552],[28.880387,-2.379854],[28.866331,-2.391946],[28.858838,-2.418198],[28.860853,-2.439592],[28.864574,-2.459435],[28.872839066285213,-2.4741950961592276],[28.878216,-2.489718],[28.860853,-2.505221],[28.857236,-2.518346],[28.860956,-2.531162],[28.869845,-2.53726],[28.87284046216863,-2.5386956205916533],[28.8953744,-2.5680819],[28.891342,-2.652705],[28.9181172,-2.6808784],[28.9433971,-2.6930027],[28.9687584,-2.7036172],[28.981032094372924,-2.6942345043775093],[28.981032094372956,-2.694234504377525],[29.000710354955967,-2.7043172934967266],[29.000710354955977,-2.704317293496737],[29.028595,-2.744896],[29.008234,-2.74748],[28.995522,-2.758435],[28.988804,-2.775488],[28.986892,-2.796779],[28.994902,-2.813626],[29.013143,-2.818897],[29.01688740443971,-2.8192482000532832],[29.049058,-2.827475],[29.059239134290777,-2.8521262857899026],[29.062701,-2.862201],[29.064471547156852,-2.8647953756229656],[29.08978,-2.926074],[29.105076,-2.934135],[29.107612586111628,-2.93498057492531],[29.138407,-2.950361],[29.144864883352664,-2.969534700330857],[29.148174,-2.986948],[29.156752,-3.004828],[29.175976,-3.012477],[29.186396150160373,-3.0136992554512436],[29.211662081894627,-3.021260293073023],[29.211662081894627,-3.0212602930730235],[29.21166208189463,-3.0212602930730257],[29.234629,-3.046583],[29.241539,-3.104188],[29.242328,-3.110765],[29.225017,-3.129369],[29.217524,-3.146215],[29.214113,-3.166472],[29.216904,-3.233135],[29.223828,-3.252669],[29.236476766050526,-3.2627877161473804],[29.239588851403816,-3.2675025215749454],[29.213079,-3.291943],[29.208739,-3.305275],[29.206672,-3.334524],[29.208002152463976,-3.3527904166097335],[29.1878315,-3.3467787],[29.181228587938833,-3.3497685319401684],[29.1719963,-3.3487265],[29.1511263,-3.363399],[29.143893,-3.4157671]]],[[[28.79764898302205,-5.0],[28.797648952640632,-4.999999941908689],[28.7998243,-5.0],[28.79764898302205,-5.0]]]]}},{"type":"Feature","properties":{"id":"CD-SU","country":"CD","name_en":"Sud-Ubangi"},"geometry":{"type":"Polygon","coordinates":[[[19.0530342,4.7734728],[19.068752,4.7744403],[19.0672177,4.7612735],[19.077453,4.7688112],[19.1075313,4.7674587],[19.1203416,4.7305499],[19.1493202,4.7328808],[19.1465843,4.7213117],[19.159137,4.6988893],[19.1788781,4.6992528],[19.1851652,4.6890091],[19.2056573,4.6982905],[19.2243255,4.678562],[19.2540416,4.6892203],[19.2701778,4.688707],[19.2798337,4.6749344],[19.2978153,4.6834033],[19.3015489,4.6718548],[19.3107328,4.6712559],[19.3063554,4.6633857],[19.3243799,4.657483],[19.3264398,4.6426831],[19.3697843,4.6325883],[19.3735179,4.6233488],[19.3808994,4.6247176],[19.3860063,4.6482438],[19.4171199,4.6758754],[19.4679317,4.6685185],[19.4641551,4.6218089],[19.5044956,4.5952874],[19.5111903,4.5802296],[19.5043239,4.5704761],[19.5267428,4.5188523],[19.515596324510394,4.463985282828578],[19.48553994907318,4.403848409662466],[19.4553928,4.3529123],[19.426429754877844,4.28558058130856],[19.4209828,4.2746823],[19.3688328,4.1516823],[19.3475328,4.0745723],[19.2890628,4.0090023],[19.3398213,3.996107],[19.3751836,3.9613437],[19.3774366,3.9398086],[19.382433518411496,3.935455243645018],[19.3837023,3.9309246],[19.40937237697026,3.9070970964611176],[19.4105887,3.9007399],[19.41435475279614,3.9024723507791803],[19.4182277,3.8988774],[19.4252014,3.907462],[19.4161865,3.9194851],[19.4273016,3.9390513],[19.4099638,3.9464581],[19.4197699,3.9527303],[19.4306275,3.9438893],[19.4373652,3.9545498],[19.4481584,3.9358831],[19.4469783,3.9432685],[19.4639084,3.95014],[19.4517848,3.9536936],[19.4490382,3.9755066],[19.4644233,3.9776044],[19.4626451,4.0142854],[19.4940484,4.0291938],[19.5029855,4.0618246],[19.5437121,4.043888],[19.548862,4.0669186],[19.5733237,4.0583143],[19.5813918,4.0655916],[19.592979,4.0557459],[19.5943522,4.0639221],[19.6063256,4.0593417],[19.6180844,4.0734681],[19.6519446,4.0813873],[19.653275,4.0676035],[19.6645188,4.0720983],[19.6696258,4.0635796],[19.6715999,4.0769783],[19.6813846,4.0802316],[19.6984649,4.052364],[19.7130132,4.0644786],[19.7337413,4.0621242],[19.74785080973266,4.078714907878581],[19.7676658,4.06816],[19.7851324,4.0865241],[19.8005737712586,4.086759473533591],[19.8196363,4.0771923],[19.8531317,4.0826287],[19.91323698717506,4.058376728916891],[19.9397221,4.0268126],[19.9621334,3.9443424],[19.9953423,3.9116924],[20.016061476328368,3.89945219139163],[20.1058731,3.8246922],[20.19872712596095,3.7702143657184215],[20.211232443739316,3.7572053940220917],[20.2211628,3.7318823],[20.1953621,3.7089224],[20.1797733,3.6761723],[20.1672421,3.5859823],[20.1750126,3.5325623],[20.1943932,3.4998822],[20.2661819,3.4767823],[20.2731228,3.4651623],[20.2857323,3.3663023],[20.2860737,3.2219822],[20.1919422,2.9891124],[20.185463,2.9549222],[20.1979237,2.9222324],[20.204068250189923,2.917994356759729],[20.2059536,2.9142523],[20.21434944999247,2.9109031673352335],[20.2289219,2.9008522],[20.25821079445318,2.893406730216211],[20.2730122,2.8875024],[20.279262881874743,2.888055122253218],[20.2941437,2.8842723],[20.358942,2.8898723],[20.37662569791342,2.8966645181781647],[20.3825932,2.8971922],[20.393176734246182,2.9030216868199994],[20.4160633,2.9118123],[20.531702,2.9793224],[20.6300951,3.0934627],[20.720354065124894,3.177940095105752],[20.7127642,3.1562896],[20.71654676778904,3.150751032586205],[20.7105259,3.1275124],[20.7220223,3.1169523],[20.7027932,3.087709],[20.7122535,3.0716017],[20.6922041,3.0731126],[20.7257088,3.0041928],[20.7098558,2.9970653],[20.7155458,2.9633515],[20.7062803,2.950767],[20.7321817,2.94073],[20.7191069,2.9219473],[20.72026430798129,2.9209347986202165],[20.7192733,2.9192887],[20.7369872,2.9063056],[20.725448,2.8905224],[20.726678775982872,2.8864136402193514],[20.7256149,2.8843607],[20.727442028708364,2.8838656362408748],[20.7287975,2.8793406],[20.7486404,2.8781219],[20.7515044,2.8329912],[20.7810006,2.8216443],[20.7785424,2.7742658],[20.7878702,2.739588],[20.8081363,2.726373],[20.8201333,2.6879872],[20.8573301,2.658368],[20.89803712686712,2.6064894240384016],[20.9061066,2.5729154],[20.86409335996144,2.508213280050253],[20.848318225964217,2.49856723799986],[20.8422206,2.4996875],[20.8184749,2.4803189],[20.8075201,2.4438436],[20.7876392,2.448929],[20.7820958,2.4251099],[20.7628039,2.430167],[20.748452,2.413743],[20.7355819,2.4168634],[20.7273644,2.4463522],[20.7026442,2.440889],[20.6946272,2.4217728],[20.6674766,2.4126325],[20.6529685,2.4421174],[20.6298261,2.4381288],[20.6281493,2.4266675],[20.6111384,2.4278477],[20.5683705,2.4009599],[20.5638512,2.4239066],[20.54531,2.4057158],[20.5287771,2.4210066],[20.5055278,2.3942634],[20.497309,2.4015284],[20.5027304,2.4200035],[20.4858795,2.4351007],[20.4653147,2.4283815],[20.4365376,2.4350702],[20.4268241,2.4216927],[20.3963101,2.4337022],[20.380871,2.4213527],[20.3585304,2.4345557],[20.3368576,2.416543],[20.2995193,2.4170209],[20.2883205,2.402513],[20.274753,2.4224259],[20.2568678,2.4177777],[20.2473044,2.3934443],[20.2293154,2.4082004],[20.1536762,2.3486423],[20.0915256,2.3412684],[20.0871887,2.333135],[20.0987193,2.3228518],[20.1038187,2.2989382],[20.0892773,2.2935759],[20.0916798,2.2740097],[20.0644764,2.2516938],[20.0381713,2.2523236],[20.0325613,2.2164746],[20.0161243,2.2031455],[20.0137314,2.1824175],[19.9918962,2.1855994],[19.9712731,2.1576363],[19.9499207,2.1481269],[19.9612557,2.1304317],[19.9327963,2.0891146],[19.9428798,2.0572609],[19.9273252,2.054085],[19.920897,2.0423382],[19.9326069,2.0215413],[19.904852,2.0085735],[19.9051784350891,2.002546472398656],[19.9034142,2.0013247],[19.4892826,2.0012722],[19.1365032,2.1262722],[19.0979519,2.1076424],[18.9602032,1.9957323],[18.8928928,1.9730424],[18.7927532,1.9735423],[18.7155933,1.9621023],[18.5632019,1.8843323],[18.4720421,1.9372023],[18.4490929,1.9404223],[18.3843021,1.9290123],[18.3165722,1.9303123],[18.2729034,1.9189423],[18.07819269528485,1.9089167746229525],[18.078307,1.90929],[18.081511,1.92655],[18.081533386303516,1.9282657425377299],[18.086389,1.956389],[18.07748360088775,2.0176787922463095],[18.080787,2.084163],[18.080525826153927,2.0873901819915783],[18.096667,2.164167],[18.09167584336746,2.2123342255612055],[18.111173,2.265289],[18.1250246166374,2.2846155688395764],[18.142696,2.3057],[18.145820649263776,2.313631384586202],[18.16378,2.321048],[18.174012,2.336138],[18.175054643824755,2.338736987022456],[18.222778,2.413611],[18.233026,2.502587],[18.320556,2.580833],[18.3419597,2.6128042],[18.402222,2.73],[18.411160212889396,2.762292525885472],[18.418338,2.781743],[18.419921583102,2.7939461436593764],[18.431344423107547,2.8352152833777127],[18.456923947072944,2.8840029157803144],[18.467327,2.898894],[18.471771,2.909229],[18.47264402606892,2.9139857034362904],[18.500556,2.967222],[18.539167,3.075556],[18.585959701698567,3.1088836407480076],[18.597345,3.114643],[18.613055,3.128182],[18.619669,3.14477],[18.6201051001337,3.147157603035093],[18.641389,3.204444],[18.639204489791858,3.2826537469253485],[18.642407,3.323829],[18.634552,3.449222],[18.593004,3.709775],[18.612848,3.833746],[18.613675,3.901468],[18.6473385,3.9502014],[18.658901,3.9858474],[18.646500689673797,4.043916518390477],[18.646541,4.045982],[18.632692,4.130421],[18.619669,4.169566],[18.579658536059817,4.251165986696143],[18.578638,4.254858],[18.57254,4.265684],[18.554209120189146,4.2812411107139114],[18.5448718,4.3210852],[18.599217587057908,4.369141436137037],[18.614295,4.359813],[18.61776776550519,4.359132134939401],[18.6237258,4.3559173],[18.63017733632057,4.3566991335828185],[18.633932,4.355963],[18.654086,4.357229],[18.674343,4.361311],[18.677673513329978,4.36245498837403],[18.7109358,4.3664859],[18.7798926,4.4195478],[18.8057573,4.4679699],[18.828235,4.559981],[18.85242,4.594062],[18.8803058,4.6126887],[18.8830760211467,4.618633736647141],[18.886526,4.621399],[18.89740040243934,4.649374593503907],[18.9214943,4.6525685],[18.95387406274172,4.71013774483657],[19.019403,4.7672446],[19.020457924157828,4.766453976216692],[19.0210891,4.7629628],[19.023456230637954,4.764206864521267],[19.0316785,4.7580446],[19.0530342,4.7734728]]]}},{"type":"Feature","properties":{"id":"CD-TA","country":"CD","name_en":"Tanganyika"},"geometry":{"type":"Polygon","coordinates":[[[29.5355797,-8.2409201],[29.5373898,-8.1981401],[29.5668602,-8.1147299],[29.6367607,-8.0316496],[29.65168,-8.0032396],[29.6523991,-7.9762802],[29.5922699,-7.8638301],[29.5696793,-7.84408],[29.4855499,-7.8448601],[29.4680691,-7.8222299],[29.4432697,-7.7374201],[29.4035702,-7.7112098],[29.36022,-7.7072902],[29.1704903,-7.7383399],[29.1519299,-7.7789698],[29.1464806,-7.8217502],[29.1100597,-7.8285999],[28.9851208,-7.7859201],[28.9428806,-7.78128],[28.9009991,-7.8003602],[28.8802509,-7.8212299],[28.8595009,-7.86689],[28.8187199,-7.8895602],[28.7768402,-7.8885198],[28.7243805,-7.86447],[28.6806698,-7.8235302],[28.6511498,-7.7681999],[28.6095791,-7.6107998],[28.5673199,-7.5824399],[28.5265293,-7.5803099],[28.4424191,-7.6242199],[28.4071102,-7.6964998],[28.4104004,-7.7363901],[28.4421005,-7.7669201],[28.53936,-7.8214798],[28.5441093,-7.8631701],[28.4997005,-7.9462299],[28.4724293,-8.0724201],[28.4429398,-8.1195202],[28.3180408,-8.1904202],[28.18367,-8.2390499],[28.1086597,-8.2901402],[28.0671501,-8.29844],[28.0336304,-8.2822914],[28.0256004,-8.2186804],[27.9010201,-8.1501198],[27.7940292,-8.1334801],[27.8074093,-8.1156797],[27.8248501,-7.9898701],[27.8579693,-7.9046602],[27.86413,-7.82306],[27.8582897,-7.77598],[27.8167706,-7.7670298],[27.7748909,-7.7857499],[27.7461205,-7.7807398],[27.6896496,-7.73944],[27.6816292,-7.6984701],[27.6837692,-7.57303],[27.65098,-7.5299201],[27.5256805,-7.4958701],[27.3166294,-7.4895601],[27.2758503,-7.5057602],[27.2310696,-7.5704899],[27.1913795,-7.5996399],[27.1494999,-7.6029],[27.02421,-7.5879002],[26.8992805,-7.5560002],[26.7747002,-7.4737902],[26.6494102,-7.46525],[26.5408592,-7.4049501],[26.518259,-7.3629098],[26.4610901,-7.3633099],[26.4366703,-7.32128],[26.3853092,-7.2796202],[26.3725232,-7.2794376],[26.3839615,-7.26256],[26.3815138,-7.2213641],[26.4015172,-7.1923727],[26.3915364,-7.165685],[26.4227791,-7.15451],[26.4610004,-7.1127901],[26.4642696,-7.0714502],[26.4402199,-7.0452299],[26.3571796,-7.0197701],[26.3535194,-6.9877801],[26.31637,-6.96697],[26.2737694,-7.0018601],[26.1856194,-6.9458599],[26.1622906,-6.9049001],[26.1619091,-6.8617702],[26.1353092,-6.8204498],[26.1483994,-6.7420802],[26.1075993,-6.71839],[26.0241909,-6.6961699],[25.9826603,-6.6631298],[25.9531498,-6.6110401],[25.9414692,-6.5294499],[25.9807892,-6.4974399],[26.0660095,-6.4858699],[26.1053391,-6.4703898],[26.1479301,-6.4232702],[26.1555691,-6.4031301],[26.1635704,-6.3614302],[26.1438503,-6.2617302],[26.1686001,-6.23806],[26.1805992,-6.20222],[26.1366997,-6.1149998],[26.1352997,-6.0880599],[26.1735992,-6.0277801],[26.1618996,-5.9011102],[26.1735248,-5.795814],[26.1592704,-5.7624116],[26.0971885,-5.7137041],[26.0849991,-5.6819401],[26.0814884,-5.5955847],[26.1452999,-5.5050001],[26.0797005,-5.3899999],[26.1294637,-5.3252032],[26.1485207,-5.2704904],[26.1869943,-5.2460828],[26.206962,-5.2191466],[26.1989605,-5.1289653],[26.2051499,-5.0884828],[26.2522506,-5.0445648],[26.2782604,-5.0],[28.7998243,-5.0],[28.8030478,-5.0103229],[29.1221155783341,-5.008227399921812],[29.108,-4.9504999],[29.10825,-4.8467499],[29.0975,-4.7952499],[29.1165,-4.7002499],[29.108,-4.6382499],[29.12525,-4.5864999],[29.16025,-4.5472499],[29.153,-4.5402499],[29.16325,-4.5019999],[29.18625,-4.4954999],[29.204,-4.5234999],[29.2155,-4.5102499],[29.20425,-4.4389999],[29.20825,-4.3932499],[29.26425,-4.1307499],[29.262,-4.0897499],[29.24275,-4.0499999],[29.23025,-4.0599999],[29.21425,-4.1052499],[29.19325,-4.2017499],[29.15225,-4.3149999],[29.15775,-4.3244999],[29.13725,-4.3387499],[29.0995,-4.3299999],[29.09175,-4.3142499],[29.08325,-4.3212499],[29.068,-4.3162499],[29.0575,-4.3042499],[29.058,-4.2809999],[29.0665,-4.2649999],[29.09375,-4.2534999],[29.1075,-4.2352499],[29.11325,-4.1984999],[29.0903589,-4.1598454],[29.1015638,-4.0957245],[29.0915832,-4.0806294],[29.089,-4.0439999],[29.0935,-4.0179999],[29.1057529,-4.0077577],[29.11075,-3.9509999],[29.09875,-3.9169999],[29.1108828,-3.8877231],[29.0975,-3.8689999],[29.13,-3.8209999],[29.09825,-3.7824999],[29.1118645,-3.7385172],[29.1259798,-3.727213],[29.1221671,-3.7086891],[29.1577079,-3.6690592],[29.1436279,-3.5990116],[29.1561003,-3.5500945],[29.1496847,-3.5139751],[29.1396204,-3.5034338],[29.1431938,-3.4812415],[29.1300642,-3.4319325],[29.143893,-3.4157671],[29.1511263,-3.363399],[29.1878315,-3.3467787],[29.208002152463976,-3.3527904166097335],[29.211937,-3.406826],[29.223899,-3.571086],[29.225172,-3.588565],[29.206568,-3.781939],[29.215043,-3.899864],[29.224552,-3.926529],[29.239796,-3.948027],[29.277727,-3.988954],[29.33948,-4.093237],[29.37276,-4.208166],[29.410897,-4.502308],[29.401337,-4.586851],[29.340824,-4.751699],[29.321032,-4.836345],[29.32377,-4.920164],[29.344234,-5.005998],[29.377824,-5.087544],[29.455649,-5.229964],[29.49637,-5.391711],[29.593521,-5.620328],[29.612435,-5.704354],[29.60303,-5.781661],[29.49606,-5.938654],[29.476113,-6.002113],[29.478696,-6.041801],[29.49887952886356,-6.116786480922303],[29.515038872932767,-6.198180014602488],[29.525515,-6.273104],[29.537711,-6.312378],[29.56603,-6.359507],[29.633932,-6.446944],[29.684369,-6.581509],[29.707003,-6.619336],[29.738629,-6.652409],[29.873091,-6.754212],[29.969113,-6.80304],[30.012721,-6.825215],[30.090855,-6.890018],[30.234671,-7.057139],[30.29446,-7.149433],[30.369598,-7.31025],[30.410194392242346,-7.471470712815388],[30.414712,-7.50197],[30.441635,-7.596331],[30.654955,-7.92737],[30.728129,-8.104104],[30.752107,-8.194124],[30.581781,-8.219962],[30.32495,-8.258926],[30.123618,-8.289519],[29.858105,-8.329826],[29.60767021251477,-8.367897506700169],[29.5596409,-8.3235703],[29.5355797,-8.2409201]]]}},{"type":"Feature","properties":{"id":"CD-TO","country":"CD","name_en":"Tshopo"},"geometry":{"type":"Polygon","coordinates":[[[27.0279404,1.9225043],[27.0345931,1.9124586],[27.049084,1.9170838],[27.078298,1.9018344],[27.1164064,1.9089171],[27.1451818,1.8906128],[27.20261,1.91234],[27.2255001,1.9342],[27.2335468,1.9570735],[27.247126,1.9618106],[27.2503053,1.9906727],[27.2343818,2.0144729],[27.2611558,2.045314],[27.3125684,2.0207837],[27.3550073,1.98268],[27.3910917,1.8994387],[27.4128785,1.8744882],[27.4101551,1.8629201],[27.3711204,1.8527129],[27.3472911,1.8332056],[27.3624965,1.7789925],[27.331846,1.7406583],[27.3169158,1.7397402],[27.3134522,1.721454],[27.2968262,1.706502],[27.3060776,1.702837],[27.3014719,1.6732428],[27.2886595,1.6767322],[27.2922261,1.6604752],[27.2770349,1.648525],[27.2693558,1.6097557],[27.275688,1.5994727],[27.2472026,1.5895056],[27.2364275,1.6066599],[27.2164886,1.5879558],[27.2082555,1.5982296],[27.2110679,1.581619],[27.1913269,1.5720501],[27.291017,1.5445649],[27.3505155,1.5608675],[27.3581969,1.535307],[27.3882661,1.533653],[27.4126797,1.4572901],[27.4685802,1.37526],[27.5134392,1.34737],[27.5353508,1.31797],[27.6136208,1.32796],[27.6905403,1.29032],[27.7161102,1.25693],[27.7083797,1.13513],[27.7198009,1.08026],[27.7467804,1.06142],[27.8841496,1.02428],[27.9337692,0.98113],[27.9553394,0.94628],[27.9671192,0.89177],[27.9257908,0.81352],[27.9179306,0.74552],[27.9245605,0.71464],[27.9589195,0.65873],[27.9192009,0.61278],[27.8932991,0.59639],[27.8164005,0.58111],[27.737349,0.5859457],[27.7304827,0.5653188],[27.7646085,0.5386618],[27.787814,0.5324793],[27.833529,0.4923545],[27.8690353,0.4878519],[27.885325,0.500917],[27.8946393,0.4895957],[27.90026,0.5059755],[27.9219217,0.4913841],[27.9896212,0.4931154],[27.9960449,0.4812722],[28.0138104,0.4853872],[28.0105986,0.4566824],[28.043028,0.4508916],[28.0434391,0.4351669],[28.0257612,0.429617],[28.0388141,0.4190311],[28.0323904,0.4032036],[28.056534,0.4025762],[28.0578819,0.3555884],[28.0658468,0.3508626],[28.057935,0.339712],[28.0614926,0.3073218],[28.0785863,0.3052437],[28.0853874,0.2782767],[28.0968038,0.2745067],[28.1031227,0.2561875],[28.1162382,0.2566654],[28.1200154,0.2414115],[28.1436447,0.2381725],[28.1533619,0.2148089],[28.1466985,0.1920557],[28.1642647,0.1876565],[28.1821061,0.1570713],[28.1554782,0.1300527],[28.1579522,0.1217607],[28.1268775,0.1097441],[28.1313504,0.1006837],[28.1226845,0.0863256],[28.127609,0.0303789],[28.1200722,0.0266155],[28.1265503,0.0170045],[28.1148153,-0.0151738],[28.1269751,-0.0598305],[28.1323999,-0.1283642],[28.1241013,-0.1534656],[28.1352138,-0.1723585],[28.1341463,-0.2016963],[28.110058,-0.2222034],[28.115714,-0.232133],[28.1058503,-0.2312069],[28.1049309,-0.2458372],[28.1005904,-0.2390851],[28.0880976,-0.2527233],[28.0617946,-0.2559032],[28.0587713,-0.2732481],[28.038256,-0.2879465],[28.020665,-0.2865248],[27.9972146,-0.3188621],[27.9664036,-0.3375718],[27.9339828,-0.3426176],[27.9144001,-0.36722],[27.8952999,-0.41722],[27.8500004,-0.47833],[27.7630997,-0.55361],[27.7157993,-0.56722],[27.5944004,-0.51944],[27.5142002,-0.52139],[27.4925003,-0.48861],[27.4743996,-0.47889],[27.3908005,-0.505],[27.3586006,-0.49611],[27.3430996,-0.47139],[27.3183002,-0.45417],[27.2175007,-0.43917],[27.1884972,-0.4156926],[27.2029767,-0.4084609],[27.1993984,-0.3901502],[27.2126314,-0.3791636],[27.1761283,-0.3667739],[27.1444655,-0.374525],[27.146882,-0.3682331],[27.1346542,-0.3624194],[27.133807,-0.3357425],[27.1213104,-0.3270153],[27.1301974,-0.3063774],[27.1109805,-0.2984535],[27.0974443,-0.2617355],[27.0855055,-0.272662],[27.0682157,-0.2613829],[27.0667685,-0.2684268],[27.0619545,-0.2623208],[27.0536011,-0.2679357],[27.0230062,-0.2590984],[26.9918642,-0.2353055],[26.9719179,-0.2381047],[26.9386201,-0.2183895],[26.9255536,-0.2220532],[26.9258573,-0.2131142],[26.8958242,-0.2337895],[26.8856852,-0.2291446],[26.8771171,-0.25564],[26.8529926,-0.2685744],[26.8115042,-0.2740132],[26.8018369,-0.2958982],[26.7896984,-0.2968983],[26.7954722,-0.3065641],[26.7807204,-0.3043094],[26.7791713,-0.3210324],[26.7650528,-0.3314661],[26.6839734,-0.3344003],[26.6897111,-0.3671994],[26.699052,-0.3721496],[26.6834343,-0.3712865],[26.6801473,-0.3865656],[26.6674219,-0.3890883],[26.675835,-0.420841],[26.6427606,-0.429027],[26.6151961,-0.4194655],[26.5954104,-0.4350454],[26.5771139,-0.4229236],[26.5827093,-0.4170538],[26.5726122,-0.4184297],[26.573033,-0.4090596],[26.5659199,-0.4160117],[26.563382,-0.4046191],[26.5480687,-0.4120201],[26.5395622,-0.3984003],[26.5300962,-0.4048534],[26.5337162,-0.3895235],[26.5237652,-0.3976769],[26.5116612,-0.3936941],[26.5063098,-0.3686936],[26.4888365,-0.3645413],[26.4974385,-0.3459492],[26.4687568,-0.3406849],[26.4724855,-0.3292465],[26.4555283,-0.3260249],[26.4575358,-0.3155755],[26.4473788,-0.3203173],[26.4353151,-0.3124929],[26.4438099,-0.2981769],[26.4381931,-0.3017925],[26.4412034,-0.2921393],[26.4212481,-0.2722555],[26.4145584,-0.2775966],[26.3938492,-0.2594116],[26.3775785,-0.2628641],[26.3639236,-0.1931886],[26.3556022,-0.1857825],[26.3210205,-0.1886462],[26.3119261,-0.1569657],[26.2755689,-0.1213823],[26.2684421,-0.1278062],[26.2620961,-0.1124564],[26.235514,-0.1168746],[26.2472406,-0.1089904],[26.2383627,-0.0966695],[26.2462556,-0.0876141],[26.2259412,-0.0921513],[26.2191862,-0.0693986],[26.2123471,-0.0830201],[26.1895912,-0.0761362],[26.1930787,-0.0658728],[26.184571,-0.0556836],[26.1764621,-0.0544594],[26.1744187,-0.0670202],[26.1656149,-0.0641845],[26.1690939,-0.0553388],[26.1590832,-0.0629116],[26.1554941,-0.0536992],[26.1442801,-0.056043],[26.1386175,-0.0318196],[26.1217659,-0.0281696],[26.1306832,-0.0235365],[26.1326946,-0.0058913],[26.1221835,-0.0156982],[26.104114,-0.0151974],[26.1175279,-0.0044045],[26.0912678,0.0089961],[26.084117,-0.0161143],[26.0856845,-0.0048143],[26.0707744,0.0010213],[26.0639004,-0.0111896],[26.0925007,-0.17],[26.2028008,-0.25611],[26.2569008,-0.31806],[26.3658009,-0.39],[26.3943996,-0.42417],[26.4050007,-0.46056],[26.3932991,-0.48722],[26.2917004,-0.57361],[26.2665005,-0.611164],[26.2335399,-0.7336471],[26.2434726,-0.8526984],[26.2373125,-0.947693],[26.2094735,-0.9736157],[26.1382552,-1.006685],[26.1396999,-1.09278],[26.1672001,-1.12306],[26.1361008,-1.14833],[26.1375008,-1.1902699],[26.1168718,-1.2384221],[26.1380025,-1.2778545],[26.1222269,-1.2890986],[26.0751675,-1.2878347],[26.0749669,-1.3811081],[26.0374953,-1.3779851],[26.0198808,-1.3932124],[26.0266903,-1.4114319],[26.0516833,-1.4090152],[26.0671162,-1.4206633],[26.0641433,-1.4353481],[26.0472403,-1.4480023],[26.0611206,-1.4782167],[26.0566136,-1.4854183],[26.0417336,-1.4821345],[26.0347483,-1.5003958],[26.0027592,-1.493835],[25.9581881,-1.512506],[25.9565315,-1.484494],[25.9469313,-1.4726911],[25.9004121,-1.4737179],[25.880431,-1.4316419],[25.809763,-1.4068462],[25.8131638,-1.6424745],[25.7939625,-1.7269236],[25.7919966,-1.8308025],[25.7562194,-1.8540262],[25.7392449,-1.8369731],[25.7208705,-1.8380225],[25.7384575,-1.8538513],[25.7189455,-1.8653075],[25.7059959,-1.8613722],[25.7070459,-1.8801741],[25.6994336,-1.8742275],[25.6809716,-1.881136],[25.684734,-1.8947782],[25.6732718,-1.9072835],[25.6638221,-1.8989758],[25.6305731,-1.9075458],[25.6185859,-1.8955653],[25.5998615,-1.9204882],[25.5795097,-1.9178093],[25.5460079,-1.9340865],[25.5295316,-1.9316165],[25.4859057,-1.9592804],[25.4580977,-1.9588418],[25.4018405,-1.9810165],[25.3414103,-1.9586385],[25.3244893,-1.9615292],[25.3046208,-1.9438053],[25.2666383,-1.9487641],[25.2369028,-1.9702036],[25.2259354,-1.9411586],[25.1879211,-1.9560455],[25.1681434,-1.9778233],[25.1559812,-1.9762686],[25.1503273,-1.9402618],[25.2035293,-1.91397],[25.2080055,-1.9025175],[25.193586,-1.8946254],[25.1614853,-1.9021744],[25.1462074,-1.8942823],[25.14925,-1.8843575],[25.1975641,-1.8642947],[25.2037932,-1.8509572],[25.1089096,-1.8018899],[25.1248956,-1.7892468],[25.154314,-1.7980294],[25.1473403,-1.7783837],[25.1527691,-1.7517245],[25.1263654,-1.750605],[25.1222391,-1.7598848],[25.0991319,-1.7642154],[25.05725,-1.7594724],[25.036206,-1.7462744],[24.9959747,-1.7446247],[24.9708043,-1.7516361],[24.9573939,-1.7456558],[24.9396508,-1.7567915],[24.4707881,-1.7546396],[24.4123887,-1.7179482],[24.3757992,-1.53889],[24.3222008,-1.43139],[24.3150462,-1.3242758],[24.2619758,-1.3123381],[24.192542,-1.3127803],[24.181066,-1.3267483],[24.1480303,-1.3284103],[24.1338864,-1.3172471],[24.1301644,-1.2547322],[24.1178816,-1.2454293],[24.0637429,-1.2411228],[24.0105181,-1.2070056],[23.9462946,-1.1806799],[23.8471473,-1.1646712],[23.8111991,-1.1329732],[23.7989667,-1.1062668],[23.722327,-1.0818065],[23.6774998,-1.05111],[23.6299601,-1.0356309],[23.6172009,-1.0194401],[23.5793991,-1.00389],[23.5477727,-0.9719812],[23.5236132,-0.9245571],[23.4861671,-0.799751],[23.4796082,-0.742023],[23.5006527,-0.732503],[23.549673,-0.73568],[23.5930197,-0.7170719],[23.6089059,-0.6932444],[23.6200008,-0.6445939],[23.6511677,-0.6407813],[23.6694787,-0.6276709],[23.6919681,-0.5684317],[23.6876487,-0.545992],[23.6064766,-0.53982],[23.6066663,-0.4997866],[23.5569651,-0.4457753],[23.5288238,-0.4403287],[23.4795766,-0.4700577],[23.4216589,-0.4630773],[23.354076,-0.4897375],[23.3128442,-0.4900475],[23.2889732,-0.5126776],[23.2508415,-0.5194976],[23.2406111,-0.4680373],[23.2489815,-0.4054165],[22.9500063,-0.406005],[23.0750304,-0.2636383],[23.1067787,-0.2404622],[23.4131016,-0.2405999],[23.4083004,-0.20833],[23.3580144,-0.10507],[23.3139476,-0.0761164],[23.2464008,0.03583],[23.1375008,0.15694],[23.0827999,0.27889],[23.0107994,0.34944],[22.9724998,0.41333],[22.9456005,0.47833],[22.9347,0.55917],[22.9792604,0.5999988],[22.9398563,0.6481973],[22.9181109,0.6566826],[22.8989631,0.7115076],[22.8833779,0.7229505],[22.8831083,0.7689181],[22.8731838,0.785531],[22.8801922,0.794744],[22.8768119,0.8212057],[22.8395269,0.9026623],[22.8458638,0.929546],[22.8342812,0.9608266],[22.8422816,0.9973599],[22.819223,1.0185749],[22.8096586,1.046653],[22.790428,1.0542829],[22.7983644,1.0791054],[22.7844248,1.0985359],[22.7873756,1.1117608],[22.7641768,1.1236631],[22.7541482,1.1807187],[22.7479161,1.1927988],[22.7385043,1.1861866],[22.7349431,1.1939433],[22.7438461,1.2034801],[22.730239,1.2067526],[22.7275363,1.2290052],[22.7041659,1.2366346],[22.7071866,1.2468071],[22.6976476,1.2507807],[22.7068686,1.2563438],[22.6905949,1.263926],[22.7000069,1.2824287],[22.6903081,1.2846597],[22.6847291,1.3022076],[22.6671767,1.3026581],[22.6735282,1.3119469],[22.6626491,1.3148],[22.670052,1.3278106],[22.6535833,1.34243],[22.6549136,1.3535099],[22.6419639,1.3592482],[22.6340353,1.3806032],[22.6180279,1.3751867],[22.6072776,1.4036634],[22.5782132,1.4114916],[22.561255,1.4410753],[22.539454,1.4443251],[22.5372761,1.4534846],[22.526511,1.4466687],[22.5141314,1.4684604],[22.4961269,1.4654918],[22.4900329,1.4801961],[22.4814498,1.471026],[22.4771261,1.4903958],[22.4652386,1.4789306],[22.4457816,1.4803567],[22.4384584,1.4921004],[22.4315929,1.483102],[22.4109964,1.5059792],[22.386067,1.5047591],[22.3772181,1.521444],[22.3577396,1.4991444],[22.3364536,1.5145886],[22.3295296,1.5012419],[22.3054395,1.5040704],[22.2752002,1.5258416],[22.2646905,1.5205887],[22.2607298,1.5315039],[22.2894453,1.6725594],[22.3512434,1.7111664],[22.3724162,1.7104323],[22.3883223,1.7322712],[22.3866057,1.7518316],[22.3575949,1.7909517],[22.4156164,1.8077662],[22.4254011,1.8664442],[22.4799895,1.8999001],[22.4904608,1.9149979],[22.4700331,1.9843089],[22.4058318,2.0455542],[22.3636031,2.0553326],[22.3611998,2.1719829],[22.4511504,2.1436789],[22.5029921,2.1409342],[22.6474991,2.1094401],[22.6755648,2.0752249],[22.7520025,2.0404518],[22.7792411,2.0142711],[22.7931935,2.0363895],[22.8165881,2.0279953],[22.8586023,2.0481233],[22.8655878,2.0657607],[22.890448,2.0737999],[22.900666,2.1002242],[22.9228269,2.0917185],[22.9456531,2.120939],[22.9291604,2.1421534],[22.9511564,2.1586276],[22.9727106,2.158767],[22.9727031,2.1857665],[22.9928164,2.1715145],[23.0026944,2.1764037],[23.0052585,2.2066816],[23.0180292,2.2198338],[23.0486501,2.21158],[23.1049292,2.1716631],[23.1307582,2.136621],[23.1672272,2.11867],[23.1879632,2.0930291],[23.2327559,2.086013],[23.2711672,2.106118],[23.3125632,2.0898572],[23.3264714,2.1410311],[23.3080372,2.2017048],[23.3147602,2.2165041],[23.3078423,2.2559356],[23.3217821,2.284941],[23.3671582,2.2492804],[23.418495,2.229853],[23.4775465,2.1830242],[23.5796067,2.1941888],[23.5612037,2.3600182],[23.5792928,2.3999025],[23.6295896,2.3928705],[23.6357694,2.2968206],[23.6598091,2.29053],[23.8031693,2.18033],[23.8920307,2.17362],[23.9830494,2.1818199],[24.1138096,2.16503],[24.1695004,2.1745999],[24.21278,2.1965101],[24.2462692,2.1991301],[24.31357,2.22873],[24.3590698,2.2361],[24.4803391,2.2309201],[24.5684891,2.2151201],[24.8109303,2.2458301],[24.9326191,2.21738],[25.1438904,2.18659],[25.2424297,2.2460599],[25.2770004,2.25523],[25.3534908,2.2452199],[25.3757591,2.2227299],[25.4774494,2.1782401],[25.5878506,2.1508601],[25.6744804,2.1645],[25.7522507,2.2312],[25.8009892,2.2560301],[25.9405594,2.21017],[25.97439,2.22261],[26.0270901,2.2674401],[26.0955296,2.2737701],[26.1624298,2.3150001],[26.2574005,2.34393],[26.2811794,2.2985401],[26.2781601,2.18839],[26.2863293,2.12151],[26.2965794,2.09464],[26.3184795,2.07214],[26.4405003,2.05896],[26.4897194,2.0336299],[26.5286903,2.02753],[26.5741501,2.0541699],[26.7380507,2.1846446],[26.75193,2.1752735],[26.7562439,2.1494088],[26.7870035,2.125418],[26.8036962,2.1443483],[26.8316424,2.141162],[26.8457093,2.1655274],[26.8635937,2.1743174],[26.8870782,2.1469631],[26.8830011,2.1304927],[26.8939134,2.1302041],[26.8908447,2.121925],[26.9004411,2.1148339],[26.9126238,2.1165366],[26.9197735,2.089101],[26.9307071,2.092723],[26.9360505,2.0713991],[26.9294241,2.0572615],[26.9401632,2.0497555],[26.9473921,2.0124936],[26.9394274,2.0044253],[26.9473348,1.9960777],[26.942412,1.9904816],[26.9757779,1.9771261],[26.9753368,1.9667508],[26.9958661,1.956222],[26.991403,1.9471689],[27.0007439,1.951729],[27.0115183,1.9400214],[27.0334035,1.9475599],[27.0378569,1.9314076],[27.0279404,1.9225043]]]}},{"type":"Feature","properties":{"id":"CD-TU","country":"CD","name_en":"Tshuapa"},"geometry":{"type":"Polygon","coordinates":[[[22.29306954863382,1.6748235694001243],[22.2894453,1.6725594],[22.28863669608114,1.6685873977685628],[22.2829222,1.6605482],[22.27567636337946,1.604924003107079],[22.2607298,1.5315039],[22.2646905,1.5205887],[22.2752002,1.5258416],[22.2925005,1.5072879],[22.295646241175568,1.5111211914045108],[22.3054395,1.5040704],[22.32272891920906,1.502040390899464],[22.3259822,1.5004602],[22.326625426467988,1.501582888822599],[22.3295296,1.5012419],[22.335671028375415,1.5130801152077082],[22.33847665072638,1.513120761983068],[22.3577396,1.4991444],[22.3772181,1.521444],[22.386067,1.5047591],[22.4109964,1.5059792],[22.4315929,1.483102],[22.4384584,1.4921004],[22.4457816,1.4803567],[22.4652386,1.4789306],[22.4771261,1.4903958],[22.4814498,1.471026],[22.4900329,1.4801961],[22.4961269,1.4654918],[22.5141314,1.4684604],[22.526511,1.4466687],[22.5372761,1.4534846],[22.539454,1.4443251],[22.561255,1.4410753],[22.5782132,1.4114916],[22.6072776,1.4036634],[22.6180279,1.3751867],[22.6340353,1.3806032],[22.6419639,1.3592482],[22.6549136,1.3535099],[22.6535833,1.34243],[22.670052,1.3278106],[22.6626491,1.3148],[22.6735282,1.3119469],[22.6671767,1.3026581],[22.6847291,1.3022076],[22.6903081,1.2846597],[22.7000069,1.2824287],[22.6905949,1.263926],[22.7068686,1.2563438],[22.6976476,1.2507807],[22.7071866,1.2468071],[22.7041659,1.2366346],[22.7275363,1.2290052],[22.730239,1.2067526],[22.7438461,1.2034801],[22.7349431,1.1939433],[22.7385043,1.1861866],[22.7479161,1.1927988],[22.7541482,1.1807187],[22.7641768,1.1236631],[22.7873756,1.1117608],[22.7844248,1.0985359],[22.7983644,1.0791054],[22.790428,1.0542829],[22.8096586,1.046653],[22.819223,1.0185749],[22.8422816,0.9973599],[22.8342812,0.9608266],[22.8458638,0.929546],[22.8395269,0.9026623],[22.8768119,0.8212057],[22.8801922,0.794744],[22.8731838,0.785531],[22.8831083,0.7689181],[22.8833779,0.7229505],[22.8989631,0.7115076],[22.9181109,0.6566826],[22.9398563,0.6481973],[22.9792604,0.5999988],[22.9347,0.55917],[22.9456005,0.47833],[22.9724998,0.41333],[23.0107994,0.34944],[23.0827999,0.27889],[23.1375008,0.15694],[23.2464008,0.03583],[23.3139476,-0.0761164],[23.3580144,-0.10507],[23.4083004,-0.20833],[23.4131016,-0.2405999],[23.1067787,-0.2404622],[23.0750304,-0.2636383],[22.9500063,-0.406005],[23.2489815,-0.4054165],[23.2406111,-0.4680373],[23.2508415,-0.5194976],[23.2889732,-0.5126776],[23.3128442,-0.4900475],[23.354076,-0.4897375],[23.4216589,-0.4630773],[23.4795766,-0.4700577],[23.5288238,-0.4403287],[23.5569651,-0.4457753],[23.6066663,-0.4997866],[23.6064766,-0.53982],[23.6876487,-0.545992],[23.6919681,-0.5684317],[23.6694787,-0.6276709],[23.6511677,-0.6407813],[23.6200008,-0.6445939],[23.6089059,-0.6932444],[23.5930197,-0.7170719],[23.549673,-0.73568],[23.5006527,-0.732503],[23.4796082,-0.742023],[23.4861671,-0.799751],[23.5236132,-0.9245571],[23.5477727,-0.9719812],[23.5793991,-1.00389],[23.6172009,-1.0194401],[23.6299601,-1.0356309],[23.6774998,-1.05111],[23.722327,-1.0818065],[23.7989667,-1.1062668],[23.8111991,-1.1329732],[23.8471473,-1.1646712],[23.9462946,-1.1806799],[24.0105181,-1.2070056],[24.0637429,-1.2411228],[24.1178816,-1.2454293],[24.1301644,-1.2547322],[24.1338864,-1.3172471],[24.1480303,-1.3284103],[24.181066,-1.3267483],[24.192542,-1.3127803],[24.2619758,-1.3123381],[24.3150462,-1.3242758],[24.3222008,-1.43139],[24.3757992,-1.53889],[24.4123887,-1.7179482],[24.3669389,-1.7193875],[24.3095007,-1.7027897],[24.208231,-1.6939097],[24.2121406,-1.7408656],[24.1693233,-1.7354071],[24.1402411,-1.7480915],[24.0593576,-1.7538306],[24.0416331,-1.7475925],[24.0048257,-1.7627757],[23.98821,-1.8706038],[23.95351,-1.8516412],[23.9238028,-1.8498946],[23.8822995,-1.8257116],[23.8646377,-1.8341533],[23.8391348,-1.8309669],[23.8576757,-1.8988549],[23.8492758,-1.9438543],[23.7716665,-1.9567658],[23.7538901,-1.983411],[23.71038,-2.0132419],[23.6699203,-2.0250663],[23.6177998,-2.0174181],[23.598681,-1.9963758],[23.5693827,-1.9831432],[23.5327968,-1.9876464],[23.5015217,-2.0159424],[23.4884264,-2.0434179],[23.4081058,-2.0947689],[23.3451855,-2.0766147],[23.2651018,-2.0120336],[23.1936811,-2.00903],[23.1672267,-1.9964983],[23.1217003,-1.95333],[23.0739002,-1.93194],[23.0058002,-1.93194],[22.9367008,-1.96222],[22.9094009,-1.91417],[22.8703003,-1.8841701],[22.8202991,-1.85861],[22.7632999,-1.8538899],[22.6797009,-1.80667],[22.6427994,-1.81694],[22.6256008,-1.80111],[22.5900002,-1.87444],[22.5324993,-1.94583],[22.5097008,-1.95889],[22.3213997,-1.94028],[22.1849995,-1.90333],[22.1644096,-1.93005],[22.1664009,-1.94222],[22.2068996,-2.0383301],[22.2331009,-2.1977799],[22.2910995,-2.3824999],[22.2961006,-2.42028],[22.2872009,-2.44556],[22.2514,-2.4669399],[22.1986008,-2.4477799],[22.1830997,-2.4113901],[22.1947002,-2.3599999],[22.1905994,-2.3133299],[22.1760998,-2.2908299],[22.1396999,-2.2763901],[22.1158009,-2.2922201],[22.0485992,-2.3708301],[21.9519005,-2.41556],[21.8516381,-2.5359675],[21.6969712,-2.6686771],[21.6591533,-2.6576319],[21.6577857,-2.6475677],[21.6353681,-2.6430198],[21.6294557,-2.6291384],[21.5910868,-2.6127057],[21.5675496,-2.5899368],[21.570901,-2.5824457],[21.5216564,-2.5550965],[21.5234578,-2.5492165],[21.4874513,-2.5457428],[21.4810501,-2.5371389],[21.4766185,-2.5429842],[21.4689498,-2.5309303],[21.4419621,-2.5283881],[21.4241145,-2.5128926],[21.4117812,-2.5197248],[21.3657971,-2.5113921],[21.3556099,-2.5174349],[21.3544998,-2.5078508],[21.337659,-2.5008823],[21.3130354,-2.5012548],[21.3105009,-2.4867713],[21.2960037,-2.4853786],[21.2948219,-2.4758007],[21.2848096,-2.4684973],[21.2770804,-2.4741684],[21.2712856,-2.4646469],[21.2445904,-2.5112563],[21.2139812,-2.5353671],[21.0052978,-2.5325767],[21.0009462,-2.3570529],[20.9755823,-2.3195305],[20.9273139,-2.3154134],[20.9120092,-2.2983567],[20.8967046,-2.1489549],[20.8201815,-2.0713072],[20.7960473,-2.032482],[20.6583057,-2.0789545],[20.4564025,-2.1995414],[20.3969499,-2.2165993],[20.2884144,-2.145041],[20.1856003,-1.94722],[20.0983009,-1.94028],[20.0030994,-1.94917],[19.9058304,-1.92843],[19.8488998,-1.80945],[19.8153,-1.7052799],[19.7367001,-1.65333],[19.6830997,-1.69028],[19.625,-1.77722],[19.6016998,-1.7983299],[19.5727997,-1.80389],[19.5144005,-1.78833],[19.5111008,-1.73278],[19.4878006,-1.63472],[19.4599991,-1.56785],[19.4887695,-1.5064501],[19.5112896,-1.48241],[19.5185108,-1.45477],[19.5446396,-1.2602201],[19.5447407,-1.14679],[19.5731697,-1.00059],[19.6171398,-0.96341],[19.6783295,-0.97163],[19.69767,-0.98977],[19.6763496,-1.05743],[19.7096996,-1.15224],[19.8364391,-1.15887],[19.8720894,-1.14606],[19.9179001,-1.11397],[20.0576706,-1.08858],[20.1114502,-1.04047],[20.1291008,-0.95791],[20.2142633,-0.9448107],[20.2506495,-0.9091428],[20.2572823,-0.8648714],[20.2846956,-0.8582877],[20.3687353,-0.7853535],[20.3582622,-0.7718696],[20.344505,-0.7774683],[20.3363068,-0.7623964],[20.3252503,-0.7654132],[20.3158788,-0.7562353],[20.3066348,-0.7620166],[20.3118627,-0.7493808],[20.2995976,-0.7506406],[20.2927812,-0.720574],[20.2786521,-0.7058194],[20.2702375,-0.7189236],[20.2548572,-0.696113],[20.2507595,-0.7034436],[20.2282804,-0.7039956],[20.2271821,-0.6720443],[20.2029563,-0.6680588],[20.2189151,-0.6635811],[20.2105121,-0.629484],[20.1971274,-0.6307187],[20.2017207,-0.6206438],[20.1828537,-0.5989134],[20.1914476,-0.5947154],[20.1777758,-0.5828522],[20.1677897,-0.5892334],[20.1701605,-0.5674535],[20.1606776,-0.5618234],[20.1698147,-0.5587613],[20.1698147,-0.5384629],[20.1843354,-0.5302646],[20.1812732,-0.4998415],[20.1420339,-0.4842365],[20.1384133,-0.451812],[20.1228666,-0.4452368],[20.1259106,-0.4268296],[20.1101994,-0.4287815],[20.0919732,-0.4173561],[20.0788473,-0.4302375],[20.056396,-0.4145794],[20.044942,-0.3933848],[20.0359231,-0.4025616],[20.0308937,-0.391951],[20.0117129,-0.3905136],[20.0071878,-0.3741643],[19.9940814,-0.3722064],[19.9940606,-0.3324874],[19.9751129,-0.3136579],[19.9612933,-0.3276848],[19.9525237,-0.3081974],[19.9319948,-0.3215991],[19.9266254,-0.2996827],[19.8987181,-0.2877226],[19.9169307,-0.2797073],[19.8969201,-0.2573474],[19.9350536,-0.2301698],[19.9353513,-0.2167794],[19.9510958,-0.2203696],[19.9623873,-0.2049834],[19.9847113,-0.1987256],[20.002061,-0.2038489],[20.005794,-0.2198325],[20.0231864,-0.2094151],[20.0713234,-0.2158096],[20.0915839,-0.2376045],[20.0944396,-0.2589212],[20.1236268,-0.2602789],[20.1542076,-0.2801464],[20.1641934,-0.2691219],[20.1388273,-0.2551585],[20.1440721,-0.2355839],[20.2102669,-0.2160427],[20.2353312,-0.2204986],[20.2576462,-0.2122318],[20.2810919,-0.2306057],[20.2694703,-0.2845866],[20.3014309,-0.2994226],[20.3041827,-0.3460993],[20.3250171,-0.3471633],[20.3414076,-0.3183472],[20.3653552,-0.3395947],[20.3847677,-0.3444001],[20.3991811,-0.3244791],[20.3214092,-0.19805],[20.3311691,-0.16749],[20.3609505,-0.13361],[20.3915005,-0.11719],[20.5450401,-0.06413],[20.5675602,-0.04045],[20.5776501,0.00465],[20.5601101,0.02969],[20.5244007,0.03979],[20.5199795,0.0645],[20.6210709,0.12326],[20.6165791,0.17451],[20.5633106,0.22165],[20.4846096,0.23965],[20.4284706,0.26606],[20.3357391,0.36983],[20.3232899,0.40252],[20.3323002,0.43998],[20.369813,0.4823499],[20.357214,0.5741589],[20.4505419,0.6762347],[20.4218982,0.8753259],[20.442868,1.0450575],[20.5100212,1.1271745],[20.5357342,1.2222675],[20.5455058,1.2332348],[20.5617862,1.2323543],[20.5899521,1.2096812],[20.5960607,1.2165387],[20.5943525,1.2054658],[20.6368565,1.1944831],[20.6472776,1.2030969],[20.6657641,1.1831545],[20.7176125,1.1757053],[20.7235084,1.1665879],[20.7538122,1.1817886],[20.7813046,1.1650742],[20.8171078,1.1795957],[20.8237095,1.1693149],[20.8386342,1.1687099],[20.8437167,1.1797197],[20.8570683,1.1766547],[20.8667895,1.1856883],[20.8847395,1.1788728],[20.890494,1.1844731],[20.8892976,1.1781065],[20.8951465,1.1864948],[20.8985786,1.1787676],[20.9206448,1.1815252],[20.9293952,1.1719209],[20.9361482,1.182286],[20.9516184,1.176816],[20.9491786,1.1703994],[20.9821916,1.1857843],[21.013434,1.1876507],[21.0213932,1.1002064],[21.0144784,1.0795491],[21.0226874,1.0616853],[20.9978312,0.9946687],[21.0109824,0.958021],[21.1137397,0.9098115],[21.1301626,0.9174055],[21.2330354,0.8585946],[21.2992232,0.8479186],[21.3419009,0.8188454],[21.3894626,0.816516],[21.4128493,0.800194],[21.4598383,0.8034507],[21.5312126,0.7472254],[21.5698079,0.7481148],[21.605864,0.7277245],[21.6338674,0.7256176],[21.6641606,0.8196079],[21.6597902,0.8862277],[21.7276783,0.9026553],[21.7636448,0.8888134],[21.7957226,0.85809],[21.8635693,0.865101],[21.9099928,0.9162005],[21.9670751,0.9510961],[22.0377038,0.9463984],[22.105863,0.9280363],[22.0858873,1.0122773],[22.0539712,1.079845],[22.0172861,1.1231413],[21.937689,1.1428548],[21.9346891,1.2320152],[21.8981527,1.3092862],[21.8630736,1.3321532],[21.8757121,1.7012271],[22.0518637,1.759221],[22.1273903,1.7626171],[22.1980403,1.759228],[22.271323,1.7376736],[22.3239668,1.7573992],[22.3724162,1.7104323],[22.3512434,1.7111664],[22.2968268,1.6801093],[22.29306954863382,1.6748235694001243]]]}}]}
