{"type":"FeatureCollection","features":[{"type":"Feature","properties":{"id":"CH-ZH","country":"CH","name_en":"Zürich"},"geometry":{"type":"Polygon","coordinates":[[[8.601624,47.632598],[8.607309,47.656291],[8.598214,47.656885],[8.593589,47.658169],[8.59377,47.658332],[8.60762,47.67076],[8.624725,47.681638],[8.631649,47.690578],[8.640021,47.696314],[8.683171,47.695539],[8.679967,47.680242],[8.68162,47.664326],[8.685806,47.658745],[8.692007,47.652234],[8.698984,47.649237],[8.70782,47.647221],[8.748645,47.646136],[8.754691,47.647712],[8.759342,47.649908],[8.763527,47.652854],[8.766473,47.654275],[8.768953,47.65474],[8.773191,47.654611],[8.777687,47.655489],[8.781718,47.657453],[8.786213,47.66107],[8.788539,47.662621],[8.804972,47.667427],[8.808848,47.654146],[8.820165,47.645257],[8.821715,47.641123],[8.82001,47.636162],[8.815824,47.631873],[8.808228,47.6219],[8.799546,47.615337],[8.793345,47.607534],[8.790089,47.607534],[8.785903,47.60805],[8.781408,47.610402],[8.775981,47.614277],[8.761512,47.619264],[8.754381,47.620014],[8.747249,47.618308],[8.741203,47.614923],[8.739033,47.612753],[8.739343,47.610583],[8.742754,47.606991],[8.751745,47.599524],[8.763838,47.596837],[8.827503,47.575649],[8.833084,47.571515],[8.83851,47.566244],[8.83665,47.564487],[8.831999,47.557795],[8.835874,47.548778],[8.841766,47.544127],[8.851842,47.540199],[8.881453,47.532034],[8.888481,47.52821],[8.891117,47.524903],[8.890651,47.521906],[8.884915,47.500848],[8.88445,47.498445],[8.884915,47.496584],[8.885536,47.495292],[8.885536,47.494001],[8.885536,47.492089],[8.883675,47.489505],[8.881608,47.487851],[8.877112,47.485732],[8.875407,47.484544],[8.874632,47.482735],[8.874322,47.479505],[8.876647,47.473692],[8.878818,47.470824],[8.888636,47.46656],[8.893442,47.446097],[8.903364,47.439482],[8.911425,47.436433],[8.911425,47.435038],[8.905534,47.430335],[8.904139,47.423307],[8.902279,47.418837],[8.900108,47.415556],[8.892512,47.408579],[8.932354,47.379951],[8.936695,47.37561],[8.960466,47.34649],[8.966202,47.325122],[8.969148,47.317267],[8.966047,47.313391],[8.959846,47.308379],[8.946979,47.300782],[8.939537,47.294013],[8.933905,47.287812],[8.93468,47.279569],[8.930029,47.274841],[8.920727,47.269105],[8.861764,47.250475],[8.848742,47.2497],[8.807607,47.253602],[8.789159,47.243732],[8.775361,47.220581],[8.732057,47.21456],[8.693092,47.197559],[8.683171,47.191487],[8.677279,47.186707],[8.675729,47.18358],[8.674954,47.180945],[8.675109,47.178283],[8.676194,47.176242],[8.68193,47.17079],[8.683481,47.165364],[8.661156,47.163375],[8.631649,47.172186],[8.624208,47.176087],[8.620177,47.180273],[8.617697,47.183994],[8.606224,47.193528],[8.589275,47.203527],[8.570826,47.217325],[8.531552,47.221769],[8.503182,47.217971],[8.484526,47.213501],[8.474139,47.213449],[8.462357,47.214793],[8.422618,47.223707],[8.415952,47.226627],[8.413316,47.230657],[8.412076,47.234895],[8.407425,47.245514],[8.384946,47.278019],[8.382465,47.286106],[8.385256,47.28652],[8.388357,47.286571],[8.390992,47.286778],[8.397658,47.288638],[8.414867,47.295873],[8.433522,47.312255],[8.442668,47.323158],[8.445614,47.33277],[8.415952,47.326414],[8.40417,47.335096],[8.401999,47.33892],[8.401069,47.342175],[8.401379,47.345431],[8.403394,47.356231],[8.403549,47.36251],[8.399054,47.366101],[8.37952,47.372871],[8.373732,47.376075],[8.370787,47.378297],[8.372802,47.383723],[8.399364,47.402172],[8.403549,47.41044],[8.401069,47.41416],[8.387426,47.426408],[8.379985,47.441859],[8.357919,47.473769],[8.352648,47.487644],[8.353113,47.497876],[8.358074,47.516842],[8.374817,47.535032],[8.396418,47.549863],[8.419362,47.575029],[8.4211,47.581112],[8.448869,47.58428],[8.450109,47.589034],[8.461788,47.606139],[8.49238,47.619833],[8.522353,47.621901],[8.537752,47.612134],[8.549638,47.598594],[8.551719,47.596863],[8.530312,47.582884],[8.529382,47.575443],[8.533567,47.57366],[8.540389,47.569164],[8.543489,47.566658],[8.546021,47.563841],[8.548967,47.561387],[8.552533,47.560508],[8.555943,47.560741],[8.563695,47.568518],[8.576562,47.591514],[8.576305,47.595023],[8.580644,47.600171],[8.581781,47.607664],[8.581264,47.614769],[8.582504,47.62159],[8.582091,47.625027],[8.579714,47.628929],[8.57806,47.633476],[8.580334,47.639005],[8.583951,47.641124],[8.589222,47.642468],[8.593563,47.642571],[8.594493,47.640969],[8.595113,47.63482],[8.601624,47.632598]]]}},{"type":"Feature","properties":{"id":"CH-BE","country":"CH","name_en":"Bern"},"geometry":{"type":"MultiPolygon","coordinates":[[[[7.554454,47.344036],[7.56205,47.342614],[7.564686,47.340573],[7.567476,47.337757],[7.569182,47.3337],[7.569957,47.329256],[7.568872,47.323985],[7.567476,47.321117],[7.55895,47.320652],[7.540191,47.32228],[7.536626,47.323882],[7.535799,47.32706],[7.538176,47.3337],[7.554454,47.344036]]],[[[8.446234,46.769213],[8.437708,46.755389],[8.436622,46.750635],[8.437553,46.741359],[8.440653,46.735339],[8.446234,46.727329],[8.447939,46.72335],[8.44825,46.717821],[8.449955,46.71379],[8.45073,46.709656],[8.450575,46.705367],[8.44949,46.699346],[8.448095,46.694773],[8.444684,46.691052],[8.437397,46.689812],[8.429439,46.690122],[8.412851,46.693093],[8.406495,46.692499],[8.401689,46.688675],[8.401999,46.676789],[8.40634,46.668573],[8.409441,46.655654],[8.398588,46.654517],[8.37952,46.638084],[8.373577,46.629712],[8.369546,46.621754],[8.3635,46.606096],[8.358384,46.584185],[8.354198,46.578501],[8.349082,46.573488],[8.338696,46.566254],[8.323038,46.559303],[8.312444,46.553024],[8.2664,46.535196],[8.242474,46.529305],[8.190332,46.521915],[8.184441,46.52176],[8.179325,46.522845],[8.17607,46.524551],[8.17514,46.527755],[8.17514,46.530338],[8.17483,46.532199],[8.173434,46.532819],[8.146718,46.534783],[8.122688,46.542069],[8.114161,46.547159],[8.028792,46.558399],[8.003057,46.557443],[7.970449,46.543516],[7.967039,46.541449],[7.965178,46.53995],[7.965023,46.538581],[7.966574,46.536385],[7.969209,46.533465],[7.971379,46.530183],[7.972775,46.526824],[7.97293,46.523621],[7.969209,46.518608],[7.966108,46.515714],[7.938513,46.503518],[7.901875,46.485587],[7.880791,46.479954],[7.871747,46.478869],[7.856554,46.478843],[7.844927,46.481298],[7.723126,46.420164],[7.711344,46.419441],[7.645198,46.441403],[7.624424,46.443367],[7.619618,46.44161],[7.616517,46.439698],[7.614967,46.436752],[7.613727,46.433032],[7.611556,46.430913],[7.600859,46.425022],[7.597759,46.422645],[7.563911,46.415539],[7.540966,46.405643],[7.546858,46.400269],[7.55988,46.395205],[7.545307,46.386213],[7.509599,46.375671],[7.500917,46.374146],[7.494716,46.373991],[7.488825,46.375051],[7.486189,46.376084],[7.462263,46.381045],[7.418648,46.380735],[7.404231,46.378565],[7.401905,46.377635],[7.399735,46.376239],[7.390123,46.368178],[7.367282,46.357222],[7.32961,46.348541],[7.323719,46.350608],[7.317673,46.3519],[7.316587,46.354225],[7.316742,46.357377],[7.317673,46.362338],[7.317052,46.369366],[7.314262,46.371588],[7.308319,46.371588],[7.275918,46.363992],[7.272507,46.362623],[7.271112,46.36115],[7.270647,46.358308],[7.270337,46.354742],[7.262585,46.345673],[7.227807,46.331436],[7.226722,46.351641],[7.228737,46.355155],[7.233543,46.360736],[7.233233,46.364147],[7.230598,46.366938],[7.224552,46.369108],[7.210134,46.379262],[7.200367,46.384663],[7.211684,46.409209],[7.211529,46.41448],[7.209514,46.42249],[7.206258,46.428562],[7.203158,46.437218],[7.206103,46.440628],[7.222381,46.447398],[7.231528,46.455821],[7.235094,46.462642],[7.235714,46.468792],[7.233388,46.482331],[7.234008,46.486026],[7.236799,46.489927],[7.24207,46.494708],[7.249511,46.504655],[7.252612,46.512665],[7.253852,46.52083],[7.253697,46.52729],[7.254317,46.534318],[7.253852,46.538607],[7.252147,46.541656],[7.249201,46.544653],[7.246876,46.547469],[7.242535,46.556073],[7.283049,46.580775],[7.300568,46.581808],[7.310335,46.582144],[7.314572,46.583358],[7.319068,46.587648],[7.321393,46.596278],[7.323409,46.610282],[7.319688,46.639608],[7.330695,46.648316],[7.335036,46.65059],[7.349454,46.648445],[7.358135,46.646094],[7.365577,46.64568],[7.374465,46.65214],[7.378031,46.655602],[7.37617,46.659323],[7.380046,46.684076],[7.382682,46.690794],[7.381131,46.692551],[7.37679,46.694721],[7.372915,46.695936],[7.370279,46.697331],[7.368109,46.699475],[7.365267,46.701232],[7.362011,46.701697],[7.357825,46.701362],[7.354104,46.702266],[7.351004,46.704178],[7.346818,46.709294],[7.338136,46.714048],[7.333331,46.716064],[7.315967,46.720714],[7.312712,46.72273],[7.31049,46.725934],[7.306614,46.73353],[7.304443,46.74818],[7.305064,46.774355],[7.307389,46.790168],[7.319068,46.823292],[7.319533,46.837968],[7.316897,46.848252],[7.313797,46.852851],[7.314882,46.8559],[7.322168,46.860086],[7.32806,46.859362],[7.32992,46.85851],[7.329455,46.8559],[7.331005,46.854556],[7.334416,46.853109],[7.340462,46.853058],[7.346198,46.855228],[7.355655,46.860603],[7.360461,46.868767],[7.355655,46.891247],[7.275763,46.896156],[7.224397,46.906284],[7.21401,46.904941],[7.209359,46.904889],[7.205948,46.906155],[7.205328,46.908713],[7.212304,46.918842],[7.21494,46.92463],[7.216025,46.929591],[7.213545,46.940184],[7.212924,46.946592],[7.211839,46.950959],[7.209514,46.954809],[7.203933,46.961346],[7.203623,46.964059],[7.205638,46.965661],[7.218505,46.970079],[7.223932,46.973102],[7.234318,46.981913],[7.236489,46.985608],[7.229978,46.992067],[7.228892,46.997958],[7.228737,46.998785],[7.227962,47.000077],[7.225172,47.002454],[7.21587,47.004185],[7.192564,46.99739],[7.142748,46.983696],[7.062391,46.978218],[7.021102,46.989664],[7.030558,47.007725],[7.035261,47.014753],[7.040687,47.031341],[7.043787,47.035889],[7.047508,47.039041],[7.069832,47.045501],[7.073708,47.047284],[7.080219,47.051237],[7.08301,47.052477],[7.086576,47.053485],[7.089573,47.054648],[7.091123,47.05656],[7.091898,47.05873],[7.092363,47.060487],[7.092363,47.063277],[7.092208,47.065861],[7.090503,47.07369],[7.089573,47.0763],[7.088643,47.077902],[7.087867,47.079607],[7.087557,47.081183],[7.088643,47.082346],[7.090193,47.083121],[7.092673,47.084258],[7.094069,47.085343],[7.094224,47.087049],[7.090348,47.091389],[7.082545,47.095989],[7.053554,47.107151],[7.039757,47.109631],[7.039137,47.123351],[7.03216,47.122137],[6.879766,47.089788],[6.877286,47.089736],[6.876821,47.095989],[6.879146,47.103146],[6.880232,47.104102],[6.884107,47.106737],[6.885192,47.108133],[6.886123,47.109631],[6.890153,47.122344],[6.891239,47.128907],[6.890153,47.133015],[6.887828,47.13826],[6.881782,47.147097],[6.870465,47.157432],[6.849794,47.16508],[6.877286,47.163659],[6.886433,47.158517],[6.889843,47.15583],[6.894029,47.154306],[6.901781,47.155701],[6.912943,47.160222],[6.948806,47.179136],[6.960433,47.183529],[6.983119,47.182934],[6.993506,47.184355],[7.004358,47.191823],[7.01366,47.196448],[7.029628,47.202132],[7.040222,47.209367],[7.047353,47.216033],[7.052159,47.222544],[7.059445,47.229934],[7.060996,47.232311],[7.061926,47.233965],[7.063786,47.239597],[7.067817,47.242336],[7.074328,47.243163],[7.105541,47.241199],[7.154737,47.247504],[7.159853,47.250966],[7.157837,47.2551],[7.155977,47.262232],[7.155822,47.265436],[7.156287,47.267709],[7.158147,47.270758],[7.168224,47.275823],[7.172255,47.278768],[7.174115,47.282515],[7.17241,47.286881],[7.174891,47.297113],[7.259175,47.285486],[7.278243,47.286261],[7.293591,47.288458],[7.319223,47.294736],[7.330695,47.299645],[7.338446,47.303883],[7.342632,47.306777],[7.347283,47.309051],[7.355345,47.311428],[7.360926,47.315097],[7.364646,47.318611],[7.366662,47.322952],[7.369039,47.324709],[7.371829,47.323985],[7.375395,47.319076],[7.377411,47.315407],[7.387177,47.312616],[7.496576,47.306622],[7.556314,47.318171],[7.548718,47.302798],[7.542827,47.297992],[7.533473,47.293574],[7.500762,47.286442],[7.493786,47.283522],[7.485259,47.278872],[7.47389,47.270345],[7.464589,47.264919],[7.442264,47.258769],[7.421129,47.246522],[7.423764,47.239494],[7.348833,47.216576],[7.346198,47.211796],[7.351314,47.203631],[7.35488,47.200013],[7.35767,47.194226],[7.360771,47.191513],[7.365577,47.189575],[7.376635,47.186784],[7.381441,47.184355],[7.383922,47.181255],[7.390743,47.169731],[7.391363,47.166682],[7.390743,47.164512],[7.390278,47.162393],[7.392603,47.161256],[7.398805,47.160248],[7.409192,47.161514],[7.417253,47.164512],[7.425056,47.17123],[7.434048,47.176811],[7.439474,47.1811],[7.44769,47.182547],[7.455132,47.186888],[7.460403,47.1888],[7.475906,47.190918],[7.478231,47.178103],[7.479626,47.173348],[7.482934,47.170713],[7.487585,47.168077],[7.490995,47.164563],[7.487585,47.159292],[7.476681,47.154125],[7.469705,47.153039],[7.463658,47.154125],[7.458853,47.156037],[7.455442,47.156037],[7.444435,47.14981],[7.438234,47.143428],[7.436373,47.138622],[7.438389,47.129062],[7.437614,47.124282],[7.430017,47.121207],[7.412292,47.117951],[7.407641,47.117615],[7.397409,47.11945],[7.391053,47.119295],[7.379736,47.12069],[7.37648,47.119941],[7.37493,47.115574],[7.376015,47.112422],[7.378806,47.108546],[7.382216,47.104851],[7.388263,47.096247],[7.393999,47.09294],[7.397564,47.091751],[7.426141,47.097358],[7.434513,47.098443],[7.436838,47.097978],[7.437614,47.088909],[7.446295,47.075447],[7.464744,47.079711],[7.4711,47.082398],[7.474666,47.085757],[7.475441,47.091493],[7.47389,47.096247],[7.468774,47.105135],[7.468619,47.109425],[7.47203,47.112293],[7.498747,47.120742],[7.513165,47.129578],[7.539416,47.155727],[7.553369,47.164977],[7.564531,47.166165],[7.591351,47.153505],[7.637446,47.152523],[7.643492,47.153194],[7.653931,47.160481],[7.660132,47.166915],[7.669434,47.170299],[7.67269,47.172418],[7.675325,47.175674],[7.676875,47.178774],[7.67517,47.18451],[7.670054,47.192624],[7.655791,47.210168],[7.639772,47.226265],[7.621478,47.231949],[7.602875,47.247246],[7.6021,47.254945],[7.598999,47.262128],[7.597759,47.265875],[7.583444,47.277554],[7.65021,47.283212],[7.686332,47.294219],[7.72018,47.266573],[7.731807,47.261534],[7.759403,47.260578],[7.778833,47.265539],[7.78829,47.263214],[7.822913,47.268976],[7.825394,47.249468],[7.826324,47.247039],[7.839346,47.231846],[7.865236,47.19128],[7.869732,47.185492],[7.875055,47.176707],[7.87831,47.168775],[7.878465,47.158621],[7.887147,47.128338],[7.879085,47.118468],[7.875985,47.11175],[7.874124,47.101415],[7.874124,47.081623],[7.870972,47.061288],[7.870972,47.055113],[7.873349,47.048136],[7.881876,47.040178],[7.888852,47.031962],[7.893968,47.027647],[7.897534,47.011498],[7.923889,47.009844],[7.931072,47.005762],[7.952466,47.002713],[7.945955,46.979588],[7.943164,46.97535],[7.939753,46.966281],[7.937428,46.96349],[7.934017,46.960261],[7.932157,46.957548],[7.931072,46.951346],[7.929987,46.948246],[7.928075,46.946179],[7.922804,46.943466],[7.921253,46.941528],[7.919083,46.937652],[7.915982,46.933983],[7.911176,46.931554],[7.90606,46.930986],[7.897999,46.932278],[7.895518,46.931916],[7.888077,46.928557],[7.879395,46.926206],[7.875675,46.924371],[7.873969,46.920134],[7.873814,46.914191],[7.875985,46.902047],[7.87521,46.894761],[7.871902,46.888999],[7.862601,46.882617],[7.860895,46.877914],[7.870042,46.858122],[7.870507,46.850319],[7.886062,46.838692],[7.952156,46.802415],[7.963938,46.789857],[7.977116,46.77885],[7.983317,46.777662],[7.99112,46.77867],[8.006003,46.784431],[8.023366,46.789289],[8.043726,46.788333],[8.075352,46.78717],[8.094576,46.784276],[8.128424,46.769032],[8.138656,46.764174],[8.150593,46.760454],[8.158086,46.759007],[8.163357,46.75973],[8.186922,46.765983],[8.198704,46.767637],[8.251001,46.763192],[8.270276,46.759007],[8.280043,46.758774],[8.290895,46.761694],[8.324433,46.777714],[8.368151,46.789496],[8.391612,46.775104],[8.401069,46.769678],[8.40789,46.772236],[8.421223,46.774096],[8.426339,46.774096],[8.446234,46.769213]],[[7.231063,46.933492],[7.234163,46.934448],[7.236489,46.936308],[7.237729,46.937652],[7.237419,46.941218],[7.222536,46.938324],[7.225947,46.933208],[7.228892,46.933725],[7.231063,46.933492]]]]}},{"type":"Feature","properties":{"id":"CH-LU","country":"CH","name_en":"Lucerne"},"geometry":{"type":"Polygon","coordinates":[[[8.405565,47.142317],[8.417967,47.128597],[8.426494,47.12715],[8.43099,47.125677],[8.435227,47.125031],[8.436622,47.124101],[8.442358,47.1133],[8.411611,47.100588],[8.406185,47.097022],[8.403084,47.093405],[8.401999,47.089581],[8.401689,47.084413],[8.400139,47.080718],[8.396728,47.077385],[8.387736,47.070926],[8.386341,47.06767],[8.387891,47.062192],[8.393317,47.05718],[8.404325,47.053097],[8.419672,47.057955],[8.459722,47.050772],[8.498066,47.026561],[8.501786,47.02297],[8.505042,47.018112],[8.501476,47.010361],[8.498221,47.005271],[8.465148,46.993282],[8.459877,47.000284],[8.446079,47.009276],[8.43192,47.011291],[8.423083,47.0054],[8.422153,47.000697],[8.412231,46.998553],[8.37921,46.999044],[8.377815,46.999974],[8.377349,47.000878],[8.376833,47.003333],[8.365981,47.007725],[8.350633,47.002428],[8.329084,46.997313],[8.31663,46.998992],[8.305002,46.999302],[8.292445,46.997803],[8.268106,46.997907],[8.251001,46.995478],[8.231777,46.990879],[8.226196,46.988269],[8.22294,46.983231],[8.22232,46.979252],[8.227126,46.971629],[8.171574,46.967986],[8.154831,46.960441],[8.152609,46.957806],[8.156381,46.948918],[8.157466,46.943931],[8.155916,46.93897],[8.13571,46.926128],[8.111836,46.905354],[8.107495,46.904476],[8.10517,46.905484],[8.103774,46.907886],[8.101914,46.909023],[8.098658,46.909385],[8.093026,46.909178],[8.08822,46.907886],[8.084034,46.905458],[8.076748,46.898223],[8.073492,46.893365],[8.069771,46.886053],[8.066206,46.871765],[8.048842,46.844531],[8.046517,46.83926],[8.049773,46.828873],[8.054734,46.82169],[8.060005,46.806136],[8.043726,46.788333],[8.023366,46.789289],[8.006003,46.784431],[7.99112,46.77867],[7.983317,46.777662],[7.977116,46.77885],[7.963938,46.789857],[7.952156,46.802415],[7.886062,46.838692],[7.870507,46.850319],[7.870042,46.858122],[7.860895,46.877914],[7.862601,46.882617],[7.871902,46.888999],[7.87521,46.894761],[7.875985,46.902047],[7.873814,46.914191],[7.873969,46.920134],[7.875675,46.924371],[7.879395,46.926206],[7.888077,46.928557],[7.895518,46.931916],[7.897999,46.932278],[7.90606,46.930986],[7.911176,46.931554],[7.915982,46.933983],[7.919083,46.937652],[7.921253,46.941528],[7.922804,46.943466],[7.928075,46.946179],[7.929987,46.948246],[7.931072,46.951346],[7.932157,46.957548],[7.934017,46.960261],[7.937428,46.96349],[7.939753,46.966281],[7.943164,46.97535],[7.945955,46.979588],[7.952466,47.002713],[7.931072,47.005762],[7.923889,47.009844],[7.897534,47.011498],[7.893968,47.027647],[7.888852,47.031962],[7.881876,47.040178],[7.873349,47.048136],[7.870972,47.055113],[7.870972,47.061288],[7.874124,47.081623],[7.874124,47.101415],[7.875985,47.11175],[7.879085,47.118468],[7.887147,47.128338],[7.878465,47.158621],[7.87831,47.168775],[7.875055,47.176707],[7.869732,47.185492],[7.865236,47.19128],[7.839346,47.231846],[7.900479,47.240321],[7.923269,47.240347],[7.948745,47.246574],[7.952621,47.248615],[7.954171,47.249829],[7.954791,47.250785],[7.955566,47.252775],[7.956032,47.256211],[7.954946,47.264712],[7.954791,47.27267],[7.955566,47.275358],[7.957117,47.276649],[7.961303,47.277089],[7.982697,47.277399],[7.998096,47.273032],[8.02042,47.243008],[8.089305,47.26125],[8.10424,47.250553],[8.124238,47.246057],[8.151368,47.245359],[8.160412,47.242879],[8.163202,47.241303],[8.155916,47.239287],[8.154521,47.238331],[8.154521,47.23691],[8.156226,47.234921],[8.157466,47.231588],[8.159327,47.229934],[8.163047,47.227454],[8.167698,47.225257],[8.174519,47.223216],[8.183511,47.223862],[8.199789,47.23213],[8.222475,47.259648],[8.226971,47.267761],[8.243714,47.281094],[8.260612,47.282282],[8.277097,47.277631],[8.282988,47.273833],[8.288569,47.268071],[8.29167,47.258304],[8.295856,47.249829],[8.303452,47.238409],[8.336835,47.173348],[8.340401,47.168491],[8.351408,47.15676],[8.358694,47.150611],[8.36412,47.1472],[8.376523,47.143118],[8.40479,47.142317],[8.405565,47.142317]]]}},{"type":"Feature","properties":{"id":"CH-UR","country":"CH","name_en":"Uri"},"geometry":{"type":"Polygon","coordinates":[[[8.59098,46.989225],[8.594856,46.988114],[8.599817,46.986125],[8.601367,46.982533],[8.605139,46.968529],[8.60917,46.959563],[8.616611,46.955377],[8.622347,46.953568],[8.631184,46.952225],[8.652268,46.94685],[8.659606,46.946101],[8.682395,46.947161],[8.687356,46.945636],[8.690302,46.942768],[8.695108,46.931813],[8.702394,46.924371],[8.708285,46.922976],[8.715003,46.924785],[8.725235,46.930521],[8.734692,46.934086],[8.742288,46.935947],[8.754071,46.940029],[8.761202,46.941218],[8.766473,46.939461],[8.773191,46.935688],[8.782338,46.934603],[8.810553,46.935094],[8.817529,46.933156],[8.820475,46.929384],[8.819855,46.924991],[8.82032,46.920289],[8.823265,46.916826],[8.829053,46.912434],[8.835254,46.912072],[8.83758,46.909023],[8.838665,46.898016],[8.841145,46.892073],[8.844866,46.890239],[8.849207,46.891143],[8.855718,46.895639],[8.880678,46.903623],[8.885225,46.904579],[8.930339,46.922201],[8.943878,46.905509],[8.945584,46.902667],[8.948064,46.896363],[8.948684,46.890549],[8.948219,46.880472],[8.944033,46.875124],[8.937315,46.871145],[8.915921,46.865073],[8.911425,46.864452],[8.908015,46.864478],[8.905379,46.864142],[8.902434,46.862515],[8.897783,46.859207],[8.871841,46.845901],[8.870136,46.839519],[8.871066,46.834609],[8.871686,46.815437],[8.860834,46.805619],[8.849517,46.80133],[8.842851,46.796369],[8.835874,46.794508],[8.828433,46.793268],[8.825591,46.790814],[8.826263,46.778954],[8.824816,46.770582],[8.815669,46.762676],[8.807607,46.753167],[8.806522,46.750997],[8.806212,46.749653],[8.807142,46.740558],[8.803732,46.737199],[8.800321,46.735597],[8.785283,46.733272],[8.781252,46.733556],[8.766318,46.737251],[8.7488,46.733013],[8.738878,46.725779],[8.715623,46.704953],[8.705805,46.701129],[8.695728,46.69963],[8.67945,46.694644],[8.672629,46.690535],[8.669063,46.68635],[8.669218,46.683094],[8.669993,46.680484],[8.669528,46.676531],[8.667823,46.671363],[8.660536,46.659969],[8.653508,46.644285],[8.652733,46.638756],[8.653973,46.633071],[8.655989,46.629015],[8.658986,46.625888],[8.662397,46.624157],[8.666893,46.622633],[8.670923,46.620669],[8.673404,46.617491],[8.678675,46.605347],[8.680845,46.597156],[8.6779,46.583591],[8.6363,46.571163],[8.548657,46.584986],[8.537133,46.584547],[8.529692,46.583074],[8.526281,46.580904],[8.5238,46.578501],[8.516049,46.562585],[8.512173,46.556047],[8.509848,46.550854],[8.47693,46.531837],[8.437397,46.546617],[8.422153,46.562998],[8.411611,46.581188],[8.40882,46.587389],[8.40758,46.593177],[8.40851,46.597983],[8.415642,46.614209],[8.419052,46.625061],[8.421223,46.637412],[8.421688,46.645939],[8.419983,46.650331],[8.417657,46.652941],[8.409441,46.655654],[8.40634,46.668573],[8.401999,46.676789],[8.401689,46.688675],[8.406495,46.692499],[8.412851,46.693093],[8.429439,46.690122],[8.437397,46.689812],[8.444684,46.691052],[8.448095,46.694773],[8.44949,46.699346],[8.450575,46.705367],[8.45073,46.709656],[8.449955,46.71379],[8.44825,46.717821],[8.447939,46.72335],[8.446234,46.727329],[8.440653,46.735339],[8.437553,46.741359],[8.436622,46.750635],[8.437708,46.755389],[8.446234,46.769213],[8.478635,46.776034],[8.480651,46.780892],[8.481736,46.785878],[8.480031,46.790891],[8.479255,46.794276],[8.478325,46.796601],[8.47538,46.797919],[8.472899,46.799521],[8.470574,46.803603],[8.474915,46.80952],[8.47724,46.816729],[8.482976,46.829545],[8.488402,46.836573],[8.495895,46.842206],[8.498841,46.845255],[8.500081,46.847632],[8.499461,46.84944],[8.497756,46.851533],[8.49512,46.853316],[8.486697,46.85466],[8.483131,46.856365],[8.472589,46.855719],[8.468403,46.875847],[8.470419,46.882927],[8.468868,46.889464],[8.466233,46.89383],[8.458792,46.901427],[8.459412,46.904734],[8.461582,46.906698],[8.478325,46.914604],[8.529227,46.932588],[8.540854,46.939926],[8.54504,46.943233],[8.548037,46.947186],[8.561834,46.976823],[8.56323,46.982042],[8.561679,46.988114],[8.59098,46.989225]]]}},{"type":"Feature","properties":{"id":"CH-SZ","country":"CH","name_en":"Schwyz"},"geometry":{"type":"Polygon","coordinates":[[[8.659606,46.946101],[8.652268,46.94685],[8.631184,46.952225],[8.622347,46.953568],[8.616611,46.955377],[8.60917,46.959563],[8.605139,46.968529],[8.601367,46.982533],[8.599817,46.986125],[8.594856,46.988114],[8.59098,46.989225],[8.561679,46.988114],[8.489539,46.981577],[8.465148,46.993282],[8.498221,47.005271],[8.501476,47.010361],[8.505042,47.018112],[8.501786,47.02297],[8.498066,47.026561],[8.459722,47.050772],[8.419672,47.057955],[8.404325,47.053097],[8.393317,47.05718],[8.387891,47.062192],[8.386341,47.06767],[8.387736,47.070926],[8.396728,47.077385],[8.400139,47.080718],[8.401689,47.084413],[8.401999,47.089581],[8.403084,47.093405],[8.406185,47.097022],[8.411611,47.100588],[8.442358,47.1133],[8.452745,47.118571],[8.462822,47.121956],[8.469954,47.120122],[8.480341,47.119501],[8.497756,47.09263],[8.549277,47.095679],[8.554703,47.094852],[8.558889,47.092836],[8.567105,47.087359],[8.575787,47.08723],[8.587724,47.088961],[8.610565,47.094593],[8.624053,47.096402],[8.63754,47.100174],[8.648547,47.105859],[8.676504,47.128958],[8.684101,47.143686],[8.701929,47.156657],[8.683481,47.165364],[8.68193,47.17079],[8.676194,47.176242],[8.675109,47.178283],[8.674954,47.180945],[8.675729,47.18358],[8.677279,47.186707],[8.683171,47.191487],[8.693092,47.197559],[8.732057,47.21456],[8.775361,47.220581],[8.829983,47.214018],[8.924138,47.220451],[8.95535,47.213914],[8.95256,47.204354],[8.951785,47.198179],[8.95194,47.195698],[8.958451,47.187249],[8.985116,47.16893],[8.965892,47.126762],[8.965892,47.121103],[8.962947,47.109941],[8.960621,47.105859],[8.95597,47.100536],[8.958296,47.087462],[8.957366,47.080253],[8.947444,47.066326],[8.939537,47.058136],[8.930804,47.051392],[8.905999,47.04333],[8.894682,47.037594],[8.889876,47.026484],[8.903829,47.017699],[8.931889,46.990026],[8.932044,46.98845],[8.929254,46.985039],[8.929564,46.982145],[8.933905,46.976719],[8.938762,46.973257],[8.95473,46.965816],[8.958606,46.961268],[8.960311,46.954964],[8.956436,46.941579],[8.95163,46.929591],[8.930339,46.922201],[8.885225,46.904579],[8.880678,46.903623],[8.855718,46.895639],[8.849207,46.891143],[8.844866,46.890239],[8.841145,46.892073],[8.838665,46.898016],[8.83758,46.909023],[8.835254,46.912072],[8.829053,46.912434],[8.823265,46.916826],[8.82032,46.920289],[8.819855,46.924991],[8.820475,46.929384],[8.817529,46.933156],[8.810553,46.935094],[8.782338,46.934603],[8.773191,46.935688],[8.766473,46.939461],[8.761202,46.941218],[8.754071,46.940029],[8.742288,46.935947],[8.734692,46.934086],[8.725235,46.930521],[8.715003,46.924785],[8.708285,46.922976],[8.702394,46.924371],[8.695108,46.931813],[8.690302,46.942768],[8.687356,46.945636],[8.682395,46.947161],[8.659606,46.946101]]]}},{"type":"Feature","properties":{"id":"CH-OW","country":"CH","name_en":"Obwalden"},"geometry":{"type":"MultiPolygon","coordinates":[[[[8.368151,46.789496],[8.324433,46.777714],[8.290895,46.761694],[8.280043,46.758774],[8.270276,46.759007],[8.251001,46.763192],[8.198704,46.767637],[8.186922,46.765983],[8.163357,46.75973],[8.158086,46.759007],[8.150593,46.760454],[8.138656,46.764174],[8.128424,46.769032],[8.094576,46.784276],[8.075352,46.78717],[8.043726,46.788333],[8.060005,46.806136],[8.054734,46.82169],[8.049773,46.828873],[8.046517,46.83926],[8.048842,46.844531],[8.066206,46.871765],[8.069771,46.886053],[8.073492,46.893365],[8.076748,46.898223],[8.084034,46.905458],[8.08822,46.907886],[8.093026,46.909178],[8.098658,46.909385],[8.101914,46.909023],[8.103774,46.907886],[8.10517,46.905484],[8.107495,46.904476],[8.111836,46.905354],[8.13571,46.926128],[8.155916,46.93897],[8.157466,46.943931],[8.156381,46.948918],[8.152609,46.957806],[8.154831,46.960441],[8.171574,46.967986],[8.227126,46.971629],[8.244024,46.97442],[8.249915,46.976203],[8.255186,46.978373],[8.259527,46.979407],[8.263558,46.979407],[8.301747,46.971448],[8.305002,46.969898],[8.307638,46.967289],[8.306088,46.962198],[8.304382,46.958064],[8.301592,46.953413],[8.298801,46.950029],[8.295546,46.94685],[8.293065,46.943388],[8.29167,46.936722],[8.296786,46.932226],[8.302832,46.92835],[8.326448,46.920806],[8.331409,46.917653],[8.333425,46.913519],[8.333269,46.886802],[8.331874,46.882177],[8.327068,46.870834],[8.325828,46.850577],[8.324278,46.841095],[8.326758,46.817504],[8.347377,46.797997],[8.368151,46.789496]]],[[[8.401069,46.769678],[8.391612,46.775104],[8.420138,46.781331],[8.422463,46.783191],[8.420603,46.786654],[8.417657,46.788669],[8.401999,46.793139],[8.398123,46.795439],[8.395178,46.798022],[8.391302,46.802828],[8.388047,46.805412],[8.386496,46.806756],[8.385566,46.807841],[8.385101,46.80934],[8.384171,46.813706],[8.382776,46.815747],[8.375282,46.819003],[8.372802,46.820605],[8.372802,46.823215],[8.373422,46.826599],[8.373112,46.83001],[8.367376,46.842645],[8.365981,46.847425],[8.36412,46.85913],[8.36071,46.863781],[8.360245,46.867217],[8.363965,46.872178],[8.368151,46.874142],[8.371717,46.873367],[8.376988,46.868173],[8.376988,46.864375],[8.376833,46.861533],[8.376058,46.859362],[8.376058,46.858225],[8.37797,46.857967],[8.38169,46.858742],[8.400759,46.867372],[8.405255,46.867527],[8.409906,46.866132],[8.413626,46.86006],[8.424013,46.854479],[8.472589,46.855719],[8.483131,46.856365],[8.486697,46.85466],[8.49512,46.853316],[8.497756,46.851533],[8.499461,46.84944],[8.500081,46.847632],[8.498841,46.845255],[8.495895,46.842206],[8.488402,46.836573],[8.482976,46.829545],[8.47724,46.816729],[8.474915,46.80952],[8.470574,46.803603],[8.472899,46.799521],[8.47538,46.797919],[8.478325,46.796601],[8.479255,46.794276],[8.480031,46.790891],[8.481736,46.785878],[8.480651,46.780892],[8.478635,46.776034],[8.446234,46.769213],[8.426339,46.774096],[8.421223,46.774096],[8.40789,46.772236],[8.401069,46.769678]]]]}},{"type":"Feature","properties":{"id":"CH-NW","country":"CH","name_en":"Nidwalden"},"geometry":{"type":"Polygon","coordinates":[[[8.465148,46.993282],[8.489539,46.981577],[8.561679,46.988114],[8.56323,46.982042],[8.561834,46.976823],[8.548037,46.947186],[8.54504,46.943233],[8.540854,46.939926],[8.529227,46.932588],[8.478325,46.914604],[8.461582,46.906698],[8.459412,46.904734],[8.458792,46.901427],[8.466233,46.89383],[8.468868,46.889464],[8.470419,46.882927],[8.468403,46.875847],[8.472589,46.855719],[8.424013,46.854479],[8.413626,46.86006],[8.409906,46.866132],[8.405255,46.867527],[8.400759,46.867372],[8.38169,46.858742],[8.37797,46.857967],[8.376058,46.858225],[8.376058,46.859362],[8.376833,46.861533],[8.376988,46.864375],[8.376988,46.868173],[8.371717,46.873367],[8.368151,46.874142],[8.363965,46.872178],[8.360245,46.867217],[8.36071,46.863781],[8.36412,46.85913],[8.365981,46.847425],[8.367376,46.842645],[8.373112,46.83001],[8.373422,46.826599],[8.372802,46.823215],[8.372802,46.820605],[8.375282,46.819003],[8.382776,46.815747],[8.384171,46.813706],[8.385101,46.80934],[8.385566,46.807841],[8.386496,46.806756],[8.388047,46.805412],[8.391302,46.802828],[8.395178,46.798022],[8.398123,46.795439],[8.401999,46.793139],[8.417657,46.788669],[8.420603,46.786654],[8.422463,46.783191],[8.420138,46.781331],[8.391612,46.775104],[8.368151,46.789496],[8.347377,46.797997],[8.326758,46.817504],[8.324278,46.841095],[8.325828,46.850577],[8.327068,46.870834],[8.331874,46.882177],[8.333269,46.886802],[8.333425,46.913519],[8.331409,46.917653],[8.326448,46.920806],[8.302832,46.92835],[8.296786,46.932226],[8.29167,46.936722],[8.293065,46.943388],[8.295546,46.94685],[8.298801,46.950029],[8.301592,46.953413],[8.304382,46.958064],[8.306088,46.962198],[8.307638,46.967289],[8.305002,46.969898],[8.301747,46.971448],[8.263558,46.979407],[8.259527,46.979407],[8.255186,46.978373],[8.249915,46.976203],[8.244024,46.97442],[8.227126,46.971629],[8.22232,46.979252],[8.22294,46.983231],[8.226196,46.988269],[8.231777,46.990879],[8.251001,46.995478],[8.268106,46.997907],[8.292445,46.997803],[8.305002,46.999302],[8.31663,46.998992],[8.329084,46.997313],[8.350633,47.002428],[8.365981,47.007725],[8.376833,47.003333],[8.377349,47.000878],[8.377815,46.999974],[8.37921,46.999044],[8.412231,46.998553],[8.422153,47.000697],[8.423083,47.0054],[8.43192,47.011291],[8.446079,47.009276],[8.459877,47.000284],[8.465148,46.993282]]]}},{"type":"Feature","properties":{"id":"CH-GL","country":"CH","name_en":"Glarus"},"geometry":{"type":"Polygon","coordinates":[[[8.930339,46.922201],[8.95163,46.929591],[8.956436,46.941579],[8.960311,46.954964],[8.958606,46.961268],[8.95473,46.965816],[8.938762,46.973257],[8.933905,46.976719],[8.929564,46.982145],[8.929254,46.985039],[8.932044,46.98845],[8.931889,46.990026],[8.903829,47.017699],[8.889876,47.026484],[8.894682,47.037594],[8.905999,47.04333],[8.930804,47.051392],[8.939537,47.058136],[8.947444,47.066326],[8.957366,47.080253],[8.958296,47.087462],[8.95597,47.100536],[8.960621,47.105859],[8.962947,47.109941],[8.965892,47.121103],[8.965892,47.126762],[8.985116,47.16893],[9.001136,47.174847],[9.007027,47.174692],[9.059478,47.142187],[9.074671,47.13627],[9.179884,47.12224],[9.174924,47.074672],[9.169342,47.060642],[9.134719,47.044106],[9.132239,47.041677],[9.132859,47.039791],[9.151307,47.032504],[9.157819,47.031238],[9.176474,47.032633],[9.187636,47.036457],[9.195077,47.038059],[9.202364,47.038524],[9.210425,47.03439],[9.218693,47.026742],[9.231871,47.008242],[9.236212,46.999405],[9.237762,46.992326],[9.233111,46.963568],[9.232181,46.96101],[9.230166,46.957909],[9.230631,46.95424],[9.234041,46.945455],[9.241793,46.933492],[9.242878,46.929694],[9.240863,46.92034],[9.213061,46.903287],[9.196008,46.887138],[9.190737,46.884813],[9.18252,46.882332],[9.163606,46.882152],[9.149137,46.880007],[9.115031,46.863961],[9.105057,46.862049],[9.09684,46.864117],[9.092345,46.868457],[9.085058,46.872075],[9.075446,46.8744],[9.058858,46.875434],[9.04904,46.873987],[9.042373,46.871765],[9.040048,46.869388],[9.039273,46.865718],[9.039428,46.858045],[9.038188,46.854608],[9.035397,46.851533],[9.032607,46.847477],[9.029661,46.842516],[9.0247,46.835384],[9.017414,46.828796],[9.003151,46.819623],[8.980465,46.812285],[8.925223,46.800555],[8.915766,46.800399],[8.91189,46.80226],[8.909565,46.8089],[8.907705,46.811562],[8.902899,46.812156],[8.892512,46.814766],[8.871686,46.815437],[8.871066,46.834609],[8.870136,46.839519],[8.871841,46.845901],[8.897783,46.859207],[8.902434,46.862515],[8.905379,46.864142],[8.908015,46.864478],[8.911425,46.864452],[8.915921,46.865073],[8.937315,46.871145],[8.944033,46.875124],[8.948219,46.880472],[8.948684,46.890549],[8.948064,46.896363],[8.945584,46.902667],[8.943878,46.905509],[8.930339,46.922201]]]}},{"type":"Feature","properties":{"id":"CH-ZG","country":"CH","name_en":"Zug"},"geometry":{"type":"Polygon","coordinates":[[[8.442358,47.1133],[8.436622,47.124101],[8.435227,47.125031],[8.43099,47.125677],[8.426494,47.12715],[8.417967,47.128597],[8.405565,47.142317],[8.398123,47.177379],[8.393007,47.219521],[8.393783,47.225722],[8.394403,47.228435],[8.407425,47.245514],[8.412076,47.234895],[8.413316,47.230657],[8.415952,47.226627],[8.422618,47.223707],[8.462357,47.214793],[8.474139,47.213449],[8.484526,47.213501],[8.503182,47.217971],[8.531552,47.221769],[8.570826,47.217325],[8.589275,47.203527],[8.606224,47.193528],[8.617697,47.183994],[8.620177,47.180273],[8.624208,47.176087],[8.631649,47.172186],[8.661156,47.163375],[8.683481,47.165364],[8.701929,47.156657],[8.684101,47.143686],[8.676504,47.128958],[8.648547,47.105859],[8.63754,47.100174],[8.624053,47.096402],[8.610565,47.094593],[8.587724,47.088961],[8.575787,47.08723],[8.567105,47.087359],[8.558889,47.092836],[8.554703,47.094852],[8.549277,47.095679],[8.497756,47.09263],[8.480341,47.119501],[8.469954,47.120122],[8.462822,47.121956],[8.452745,47.118571],[8.442358,47.1133]]]}},{"type":"Feature","properties":{"id":"CH-FR","country":"CH","name_en":"Fribourg"},"geometry":{"type":"MultiPolygon","coordinates":[[[[7.21587,47.004185],[7.225172,47.002454],[7.227962,47.000077],[7.228737,46.998785],[7.228892,46.997958],[7.229978,46.992067],[7.236489,46.985608],[7.234318,46.981913],[7.223932,46.973102],[7.218505,46.970079],[7.205638,46.965661],[7.203623,46.964059],[7.203933,46.961346],[7.209514,46.954809],[7.211839,46.950959],[7.212924,46.946592],[7.213545,46.940184],[7.216025,46.929591],[7.21494,46.92463],[7.212304,46.918842],[7.205328,46.908713],[7.205948,46.906155],[7.209359,46.904889],[7.21401,46.904941],[7.224397,46.906284],[7.275763,46.896156],[7.355655,46.891247],[7.360461,46.868767],[7.355655,46.860603],[7.346198,46.855228],[7.340462,46.853058],[7.334416,46.853109],[7.331005,46.854556],[7.329455,46.8559],[7.32992,46.85851],[7.32806,46.859362],[7.322168,46.860086],[7.314882,46.8559],[7.313797,46.852851],[7.316897,46.848252],[7.319533,46.837968],[7.319068,46.823292],[7.307389,46.790168],[7.305064,46.774355],[7.304443,46.74818],[7.306614,46.73353],[7.31049,46.725934],[7.312712,46.72273],[7.315967,46.720714],[7.333331,46.716064],[7.338136,46.714048],[7.346818,46.709294],[7.351004,46.704178],[7.354104,46.702266],[7.357825,46.701362],[7.362011,46.701697],[7.365267,46.701232],[7.368109,46.699475],[7.370279,46.697331],[7.372915,46.695936],[7.37679,46.694721],[7.381131,46.692551],[7.382682,46.690794],[7.380046,46.684076],[7.37617,46.659323],[7.378031,46.655602],[7.374465,46.65214],[7.365577,46.64568],[7.358135,46.646094],[7.349454,46.648445],[7.335036,46.65059],[7.330695,46.648316],[7.319688,46.639608],[7.323409,46.610282],[7.321393,46.596278],[7.319068,46.587648],[7.314572,46.583358],[7.310335,46.582144],[7.300568,46.581808],[7.283049,46.580775],[7.242535,46.556073],[7.212614,46.53964],[7.155202,46.5276],[7.145125,46.52176],[7.137942,46.514732],[7.122129,46.501968],[7.111587,46.49587],[7.10306,46.492098],[7.073553,46.489669],[7.066267,46.487654],[7.059755,46.484915],[7.042392,46.474683],[7.032625,46.466983],[7.029473,46.463779],[7.027613,46.461118],[7.023582,46.452307],[7.000328,46.444504],[6.999397,46.446106],[6.996142,46.447294],[6.993971,46.450989],[6.990561,46.454684],[6.98746,46.459258],[6.9856,46.464451],[6.984825,46.468482],[6.981414,46.478714],[6.974696,46.490444],[6.919196,46.518918],[6.905501,46.522535],[6.894804,46.522794],[6.880232,46.511787],[6.872945,46.508118],[6.864419,46.505146],[6.849794,46.503673],[6.842198,46.504836],[6.837857,46.506361],[6.82654,46.51729],[6.819563,46.530959],[6.82809,46.542896],[6.830571,46.543309],[6.843748,46.543671],[6.851965,46.543103],[6.85429,46.542482],[6.866589,46.537056],[6.869845,46.538658],[6.872635,46.541759],[6.897595,46.561344],[6.902866,46.566564],[6.904726,46.569251],[6.903021,46.569974],[6.8993,46.569716],[6.891549,46.56814],[6.887208,46.56907],[6.880387,46.572403],[6.869069,46.580284],[6.863798,46.582299],[6.859871,46.583074],[6.848709,46.581033],[6.833981,46.580103],[6.826075,46.58403],[6.820184,46.584082],[6.815533,46.583229],[6.807006,46.580671],[6.805869,46.582015],[6.805869,46.585426],[6.807006,46.589818],[6.806799,46.593513],[6.806334,46.596303],[6.806179,46.598603],[6.807006,46.599585],[6.809487,46.60067],[6.810107,46.602711],[6.809176,46.607956],[6.807626,46.613589],[6.806024,46.624622],[6.806179,46.636378],[6.806799,46.640978],[6.809176,46.651365],[6.821114,46.652191],[6.837237,46.659943],[6.848554,46.661674],[6.864109,46.662062],[6.869845,46.662914],[6.87217,46.66431],[6.87155,46.665472],[6.87031,46.667126],[6.87062,46.668573],[6.876201,46.678598],[6.910772,46.713531],[6.93997,46.741023],[6.94369,46.749343],[6.942605,46.750041],[6.929893,46.752263],[6.926482,46.753374],[6.922761,46.755131],[6.920126,46.7588],[6.921366,46.760609],[6.934388,46.763244],[6.938419,46.76526],[6.942295,46.76836],[6.96927,46.795128],[6.967565,46.809029],[6.973301,46.819158],[6.976918,46.82306],[6.981414,46.825773],[6.98746,46.828563],[6.997382,46.836935],[7.000638,46.841172],[7.001413,46.844376],[7.000328,46.84541],[6.999087,46.845513],[6.994281,46.844376],[6.991491,46.845926],[6.98777,46.849647],[6.985135,46.85869],[6.98529,46.86329],[6.986995,46.867682],[6.989941,46.871894],[6.988855,46.876002],[6.98684,46.879361],[6.984515,46.881402],[6.982499,46.8821],[6.979554,46.881997],[6.975988,46.881273],[6.973146,46.880136],[6.97144,46.878999],[6.971285,46.876829],[6.970975,46.875175],[6.96989,46.873289],[6.96865,46.872514],[6.96648,46.872695],[6.963689,46.874297],[6.947411,46.889645],[6.94152,46.893727],[6.938264,46.895639],[6.907362,46.925456],[6.945861,46.947186],[7.008544,46.887268],[7.013505,46.880498],[7.024822,46.876312],[7.039137,46.862075],[7.040377,46.854789],[7.041462,46.852386],[7.05898,46.858665],[7.067507,46.86577],[7.070297,46.868767],[7.072933,46.872953],[7.074948,46.877992],[7.077429,46.887164],[7.080684,46.891712],[7.084405,46.894967],[7.087712,46.895432],[7.090348,46.894761],[7.093138,46.892435],[7.095154,46.891608],[7.097479,46.892332],[7.104921,46.89812],[7.106936,46.900858],[7.106316,46.902874],[7.100115,46.904734],[7.096704,46.906155],[7.094069,46.90768],[7.073243,46.93729],[7.069367,46.944577],[7.062391,46.978218],[7.142748,46.983696],[7.192564,46.99739],[7.21587,47.004185]]],[[[7.237419,46.941218],[7.237729,46.937652],[7.236489,46.936308],[7.234163,46.934448],[7.231063,46.933492],[7.228892,46.933725],[7.225947,46.933208],[7.222536,46.938324],[7.237419,46.941218]]],[[[6.875116,46.907163],[6.917439,46.878586],[6.920901,46.875382],[6.924001,46.871765],[6.922451,46.872126],[6.919971,46.873935],[6.917749,46.874969],[6.915733,46.875124],[6.909222,46.87316],[6.905811,46.871584],[6.902866,46.869853],[6.901005,46.866907],[6.902246,46.866339],[6.905811,46.8667],[6.910462,46.866132],[6.916353,46.864142],[6.926792,46.858432],[6.929893,46.855409],[6.929583,46.852153],[6.923536,46.845461],[6.918989,46.838898],[6.917129,46.835643],[6.915888,46.832361],[6.914958,46.828977],[6.911237,46.808435],[6.912788,46.805748],[6.914648,46.804637],[6.922141,46.807117],[6.928342,46.806446],[6.930048,46.804947],[6.929893,46.802802],[6.925862,46.798022],[6.918524,46.786188],[6.915423,46.784121],[6.913098,46.782933],[6.905346,46.781279],[6.90023,46.780762],[6.886123,46.781021],[6.881782,46.781538],[6.877286,46.783243],[6.87217,46.785775],[6.867829,46.787274],[6.860801,46.785878],[6.856305,46.785672],[6.849484,46.783863],[6.843748,46.781072],[6.835531,46.780246],[6.832276,46.780401],[6.82778,46.781331],[6.817238,46.784793],[6.812897,46.785465],[6.809176,46.78562],[6.806024,46.78624],[6.793467,46.790374],[6.792072,46.791434],[6.793002,46.793682],[6.795637,46.796059],[6.797498,46.798307],[6.797963,46.800322],[6.796412,46.80226],[6.794862,46.802983],[6.790521,46.802518],[6.788196,46.802828],[6.785715,46.804043],[6.774553,46.811872],[6.770988,46.819106],[6.766027,46.84528],[6.875116,46.907163]]],[[[6.786801,46.751927],[6.792588,46.747793],[6.793415,46.740351],[6.791762,46.73291],[6.78432,46.726295],[6.779359,46.722988],[6.772745,46.718854],[6.767784,46.720508],[6.765303,46.727122],[6.760342,46.73043],[6.756208,46.735391],[6.758689,46.740351],[6.765303,46.740351],[6.771918,46.746139],[6.780186,46.751927],[6.786801,46.751927]]],[[[6.859561,46.773424],[6.865349,46.76929],[6.868656,46.764329],[6.875271,46.762676],[6.883539,46.759368],[6.8885,46.751927],[6.885192,46.744486],[6.877751,46.734564],[6.87031,46.729603],[6.862868,46.727122],[6.853773,46.729603],[6.845505,46.732083],[6.833929,46.736217],[6.826488,46.734564],[6.814913,46.727122],[6.806644,46.726295],[6.80003,46.726295],[6.797549,46.73043],[6.800857,46.73291],[6.806644,46.736217],[6.814086,46.738698],[6.824834,46.742005],[6.828969,46.74862],[6.838064,46.756888],[6.843851,46.760195],[6.850466,46.76681],[6.8546,46.770944],[6.859561,46.773424]]]]}},{"type":"Feature","properties":{"id":"CH-SO","country":"CH","name_en":"Solothurn"},"geometry":{"type":"MultiPolygon","coordinates":[[[[7.46743,47.481909],[7.482726,47.491263],[7.484483,47.492942],[7.485827,47.495784],[7.48593,47.498394],[7.485776,47.498768],[7.501692,47.500073],[7.520916,47.495086],[7.528977,47.493949],[7.531613,47.490487],[7.533318,47.487334],[7.533938,47.460824],[7.47048,47.451781],[7.454202,47.452039],[7.452031,47.45452],[7.450636,47.456742],[7.447225,47.464752],[7.445996,47.486884],[7.454511,47.483201],[7.46743,47.481909]]],[[[7.388219,47.433289],[7.406349,47.438242],[7.420563,47.450857],[7.420819,47.450644],[7.425676,47.445373],[7.426917,47.444365],[7.429242,47.442738],[7.432033,47.441652],[7.434513,47.441291],[7.441179,47.441342],[7.443505,47.4408],[7.44583,47.438862],[7.454977,47.42801],[7.455752,47.42509],[7.455132,47.421447],[7.440404,47.414574],[7.384232,47.413101],[7.388219,47.433289]]],[[[7.55895,47.320652],[7.567476,47.321117],[7.568872,47.323985],[7.569957,47.329256],[7.569182,47.3337],[7.567476,47.337757],[7.564686,47.340573],[7.56205,47.342614],[7.554454,47.344036],[7.538331,47.353156],[7.528977,47.36375],[7.520606,47.36791],[7.512389,47.369822],[7.505103,47.369512],[7.485724,47.370856],[7.437148,47.379279],[7.452651,47.395764],[7.466294,47.397831],[7.473425,47.396952],[7.49053,47.390286],[7.506808,47.388581],[7.516265,47.390338],[7.523551,47.39349],[7.528047,47.397986],[7.531613,47.402352],[7.534559,47.407468],[7.538331,47.409665],[7.542207,47.410776],[7.570887,47.412352],[7.576003,47.413437],[7.577398,47.415452],[7.575073,47.418708],[7.573988,47.422687],[7.574763,47.428346],[7.580189,47.42987],[7.602875,47.431162],[7.615122,47.439714],[7.626594,47.461806],[7.625974,47.464183],[7.623494,47.467723],[7.608146,47.472839],[7.614502,47.484079],[7.622719,47.485319],[7.649745,47.483407],[7.653776,47.485267],[7.656102,47.487799],[7.656257,47.491959],[7.664318,47.491572],[7.707003,47.47364],[7.710258,47.471056],[7.713359,47.467336],[7.708708,47.46315],[7.704161,47.457104],[7.701215,47.454055],[7.697184,47.451729],[7.693154,47.450024],[7.690363,47.448241],[7.688348,47.445683],[7.687417,47.442583],[7.686952,47.429922],[7.683852,47.42155],[7.67548,47.414496],[7.670984,47.41292],[7.647213,47.408166],[7.637911,47.406461],[7.636981,47.398141],[7.638066,47.390699],[7.639617,47.38486],[7.645198,47.372199],[7.648505,47.369512],[7.653776,47.368065],[7.688968,47.370287],[7.713824,47.366205],[7.734908,47.358608],[7.744675,47.353751],[7.752116,47.347705],[7.758938,47.344707],[7.76488,47.342744],[7.786119,47.338506],[7.789685,47.345379],[7.805343,47.363595],[7.817797,47.369202],[7.838571,47.373233],[7.846012,47.377108],[7.870507,47.384653],[7.873194,47.387134],[7.87645,47.391785],[7.882031,47.402378],[7.886992,47.403515],[7.894898,47.403102],[7.907766,47.403774],[7.928901,47.407753],[7.947815,47.417132],[7.953706,47.422325],[7.953086,47.426976],[7.949675,47.430697],[7.94673,47.434521],[7.945024,47.438293],[7.944869,47.440567],[7.949675,47.447001],[7.954946,47.457724],[7.970449,47.455812],[7.979131,47.44868],[7.980836,47.445476],[7.981146,47.442221],[7.980216,47.440154],[7.981301,47.431162],[7.988019,47.428346],[7.99236,47.414522],[7.997011,47.409923],[8.005693,47.40429],[8.015459,47.40057],[8.028017,47.398141],[8.029102,47.37915],[8.021816,47.367781],[8.010498,47.356154],[7.996856,47.334475],[7.988794,47.330858],[7.981611,47.328274],[7.917843,47.334837],[7.909161,47.337137],[7.901875,47.338299],[7.857485,47.310653],[7.854539,47.308017],[7.830354,47.275358],[7.822913,47.268976],[7.78829,47.263214],[7.778833,47.265539],[7.759403,47.260578],[7.731807,47.261534],[7.72018,47.266573],[7.686332,47.294219],[7.65021,47.283212],[7.583444,47.277554],[7.597759,47.265875],[7.598999,47.262128],[7.6021,47.254945],[7.602875,47.247246],[7.621478,47.231949],[7.639772,47.226265],[7.655791,47.210168],[7.670054,47.192624],[7.67517,47.18451],[7.676875,47.178774],[7.675325,47.175674],[7.67269,47.172418],[7.669434,47.170299],[7.660132,47.166915],[7.653931,47.160481],[7.643492,47.153194],[7.637446,47.152523],[7.591351,47.153505],[7.564531,47.166165],[7.553369,47.164977],[7.539416,47.155727],[7.513165,47.129578],[7.498747,47.120742],[7.47203,47.112293],[7.468619,47.109425],[7.468774,47.105135],[7.47389,47.096247],[7.475441,47.091493],[7.474666,47.085757],[7.4711,47.082398],[7.464744,47.079711],[7.446295,47.075447],[7.437614,47.088909],[7.436838,47.097978],[7.434513,47.098443],[7.426141,47.097358],[7.397564,47.091751],[7.393999,47.09294],[7.388263,47.096247],[7.382216,47.104851],[7.378806,47.108546],[7.376015,47.112422],[7.37493,47.115574],[7.37648,47.119941],[7.379736,47.12069],[7.391053,47.119295],[7.397409,47.11945],[7.407641,47.117615],[7.412292,47.117951],[7.430017,47.121207],[7.437614,47.124282],[7.438389,47.129062],[7.436373,47.138622],[7.438234,47.143428],[7.444435,47.14981],[7.455442,47.156037],[7.458853,47.156037],[7.463658,47.154125],[7.469705,47.153039],[7.476681,47.154125],[7.487585,47.159292],[7.490995,47.164563],[7.487585,47.168077],[7.482934,47.170713],[7.479626,47.173348],[7.478231,47.178103],[7.475906,47.190918],[7.460403,47.1888],[7.455132,47.186888],[7.44769,47.182547],[7.439474,47.1811],[7.434048,47.176811],[7.425056,47.17123],[7.417253,47.164512],[7.409192,47.161514],[7.398805,47.160248],[7.392603,47.161256],[7.390278,47.162393],[7.390743,47.164512],[7.391363,47.166682],[7.390743,47.169731],[7.383922,47.181255],[7.381441,47.184355],[7.376635,47.186784],[7.365577,47.189575],[7.360771,47.191513],[7.35767,47.194226],[7.35488,47.200013],[7.351314,47.203631],[7.346198,47.211796],[7.348833,47.216576],[7.423764,47.239494],[7.421129,47.246522],[7.442264,47.258769],[7.464589,47.264919],[7.47389,47.270345],[7.485259,47.278872],[7.493786,47.283522],[7.500762,47.286442],[7.533473,47.293574],[7.542827,47.297992],[7.548718,47.302798],[7.556314,47.318171],[7.55895,47.320652]]]]}},{"type":"Feature","properties":{"id":"CH-BS","country":"CH","name_en":"Basel-Stadt"},"geometry":{"type":"Polygon","coordinates":[[[7.659666,47.596579],[7.646541,47.571542],[7.635895,47.564591],[7.612337,47.564731],[7.609747,47.564746],[7.646901,47.551445],[7.646748,47.534773],[7.640392,47.529657],[7.630315,47.53374],[7.622564,47.537977],[7.616827,47.542576],[7.611711,47.544023],[7.60644,47.542886],[7.58887,47.534877],[7.578794,47.540664],[7.576003,47.544385],[7.566236,47.545109],[7.556779,47.546762],[7.526497,47.561206],[7.520867,47.563416],[7.526341,47.566452],[7.550319,47.575495],[7.585483,47.584479],[7.586028,47.584619],[7.637032,47.594977],[7.659666,47.596579]]]}},{"type":"Feature","properties":{"id":"CH-BL","country":"CH","name_en":"Basel-Landschaft"},"geometry":{"type":"MultiPolygon","coordinates":[[[[7.683438,47.544257],[7.72732,47.550423],[7.730567,47.548778],[7.767051,47.536608],[7.771702,47.536065],[7.774027,47.535032],[7.777748,47.532603],[7.777128,47.527771],[7.777748,47.522009],[7.779918,47.516325],[7.782709,47.512837],[7.796196,47.514154],[7.821363,47.529657],[7.823843,47.532422],[7.824618,47.535652],[7.825083,47.541905],[7.826324,47.545961],[7.829114,47.547486],[7.83516,47.548157],[7.849423,47.545341],[7.85733,47.537977],[7.863066,47.53498],[7.867717,47.528081],[7.896914,47.49798],[7.900479,47.490435],[7.909626,47.485836],[7.940219,47.483614],[7.940374,47.469428],[7.941459,47.465346],[7.942389,47.463356],[7.954946,47.457724],[7.949675,47.447001],[7.944869,47.440567],[7.945024,47.438293],[7.94673,47.434521],[7.949675,47.430697],[7.953086,47.426976],[7.953706,47.422325],[7.947815,47.417132],[7.928901,47.407753],[7.907766,47.403774],[7.894898,47.403102],[7.886992,47.403515],[7.882031,47.402378],[7.87645,47.391785],[7.873194,47.387134],[7.870507,47.384653],[7.846012,47.377108],[7.838571,47.373233],[7.817797,47.369202],[7.805343,47.363595],[7.789685,47.345379],[7.786119,47.338506],[7.76488,47.342744],[7.758938,47.344707],[7.752116,47.347705],[7.744675,47.353751],[7.734908,47.358608],[7.713824,47.366205],[7.688968,47.370287],[7.653776,47.368065],[7.648505,47.369512],[7.645198,47.372199],[7.639617,47.38486],[7.638066,47.390699],[7.636981,47.398141],[7.637911,47.406461],[7.647213,47.408166],[7.670984,47.41292],[7.67548,47.414496],[7.683852,47.42155],[7.686952,47.429922],[7.687417,47.442583],[7.688348,47.445683],[7.690363,47.448241],[7.693154,47.450024],[7.697184,47.451729],[7.701215,47.454055],[7.704161,47.457104],[7.708708,47.46315],[7.713359,47.467336],[7.710258,47.471056],[7.707003,47.47364],[7.664318,47.491572],[7.656257,47.491959],[7.656102,47.487799],[7.653776,47.485267],[7.649745,47.483407],[7.622719,47.485319],[7.614502,47.484079],[7.608146,47.472839],[7.623494,47.467723],[7.625974,47.464183],[7.626594,47.461806],[7.615122,47.439714],[7.602875,47.431162],[7.580189,47.42987],[7.574763,47.428346],[7.573988,47.422687],[7.575073,47.418708],[7.577398,47.415452],[7.576003,47.413437],[7.570887,47.412352],[7.542207,47.410776],[7.538331,47.409665],[7.534559,47.407468],[7.531613,47.402352],[7.528047,47.397986],[7.523551,47.39349],[7.516265,47.390338],[7.506808,47.388581],[7.49053,47.390286],[7.473425,47.396952],[7.466294,47.397831],[7.452651,47.395764],[7.437148,47.379279],[7.426296,47.379331],[7.423144,47.380519],[7.419734,47.38269],[7.418183,47.390648],[7.411207,47.398296],[7.384232,47.413101],[7.440404,47.414574],[7.455132,47.421447],[7.455752,47.42509],[7.454977,47.42801],[7.44583,47.438862],[7.443505,47.4408],[7.441179,47.441342],[7.434513,47.441291],[7.432033,47.441652],[7.429242,47.442738],[7.426917,47.444365],[7.425676,47.445373],[7.420819,47.450644],[7.420563,47.450857],[7.426089,47.455761],[7.429293,47.465114],[7.427639,47.470747],[7.422782,47.475424],[7.419474,47.477852],[7.41441,47.484028],[7.414307,47.490177],[7.425986,47.492503],[7.441488,47.488834],[7.445996,47.486884],[7.447225,47.464752],[7.450636,47.456742],[7.452031,47.45452],[7.454202,47.452039],[7.47048,47.451781],[7.533938,47.460824],[7.533318,47.487334],[7.531613,47.490487],[7.528977,47.493949],[7.520916,47.495086],[7.501692,47.500073],[7.485776,47.498768],[7.484897,47.5009],[7.477765,47.507696],[7.475595,47.511726],[7.476939,47.514879],[7.482726,47.516997],[7.493062,47.515499],[7.501123,47.517307],[7.505464,47.523018],[7.505154,47.533017],[7.501743,47.532965],[7.485103,47.541595],[7.482726,47.542267],[7.520867,47.563416],[7.526497,47.561206],[7.556779,47.546762],[7.566236,47.545109],[7.576003,47.544385],[7.578794,47.540664],[7.58887,47.534877],[7.60644,47.542886],[7.611711,47.544023],[7.616827,47.542576],[7.622564,47.537977],[7.630315,47.53374],[7.640392,47.529657],[7.646748,47.534773],[7.646901,47.551445],[7.661423,47.546246],[7.683438,47.544257]]],[[[7.378547,47.430646],[7.388219,47.433289],[7.384232,47.413101],[7.342477,47.42726],[7.339377,47.428992],[7.33693,47.431854],[7.378547,47.430646]]]]}},{"type":"Feature","properties":{"id":"CH-SH","country":"CH","name_en":"Schaffhausen"},"geometry":{"type":"MultiPolygon","coordinates":[[[[8.558216,47.801166],[8.583124,47.800236],[8.601624,47.794603],[8.603175,47.787317],[8.604105,47.774398],[8.607619,47.762254],[8.617437,47.757319],[8.62984,47.762796],[8.635007,47.784604],[8.644102,47.791012],[8.657022,47.788118],[8.666633,47.778273],[8.674488,47.766698],[8.68193,47.75874],[8.692265,47.757164],[8.703324,47.758714],[8.713142,47.757422],[8.719757,47.747319],[8.71707,47.743547],[8.703737,47.730033],[8.70043,47.723496],[8.704667,47.715332],[8.712625,47.708691],[8.715106,47.701069],[8.71707,47.694558],[8.769883,47.695074],[8.761718,47.70125],[8.77071,47.720861],[8.797581,47.720034],[8.830241,47.707192],[8.856079,47.690682],[8.837682,47.687788],[8.837786,47.680838],[8.851935,47.671282],[8.821508,47.682258],[8.809933,47.678847],[8.801096,47.681793],[8.800321,47.681793],[8.788539,47.662621],[8.786213,47.66107],[8.781718,47.657453],[8.777687,47.655489],[8.773191,47.654611],[8.768953,47.65474],[8.766473,47.654275],[8.763527,47.652854],[8.759342,47.649908],[8.754691,47.647712],[8.748645,47.646136],[8.70782,47.647221],[8.698984,47.649237],[8.692007,47.652234],[8.685806,47.658745],[8.68162,47.664326],[8.679967,47.680242],[8.683171,47.695539],[8.640021,47.696314],[8.631649,47.690578],[8.624725,47.681638],[8.60762,47.67076],[8.59377,47.658332],[8.593589,47.658169],[8.582194,47.66133],[8.568241,47.662932],[8.519666,47.657351],[8.504679,47.65226],[8.49083,47.645568],[8.476051,47.640401],[8.458274,47.639884],[8.437603,47.647842],[8.411972,47.661045],[8.407011,47.661562],[8.391301,47.665464],[8.397709,47.67629],[8.395229,47.684817],[8.390991,47.692129],[8.392128,47.699519],[8.401947,47.707089],[8.427268,47.716468],[8.437913,47.723186],[8.445458,47.743185],[8.450109,47.750471],[8.463648,47.763907],[8.471503,47.76706],[8.482665,47.766853],[8.536512,47.774088],[8.551602,47.779255],[8.5423,47.795017],[8.558216,47.801166]]],[[[8.560697,47.589396],[8.574133,47.592445],[8.576305,47.595023],[8.576562,47.591514],[8.563695,47.568518],[8.555943,47.560741],[8.552533,47.560508],[8.548967,47.561387],[8.546021,47.563841],[8.543489,47.566658],[8.540389,47.569164],[8.533567,47.57366],[8.529382,47.575443],[8.530312,47.582884],[8.551719,47.596863],[8.560697,47.589396]]]]}},{"type":"Feature","properties":{"id":"CH-AR","country":"CH","name_en":"Appenzell Ausserrhoden"},"geometry":{"type":"Polygon","coordinates":[[[9.486636,47.393619],[9.481365,47.368479],[9.488186,47.353389],[9.456095,47.354061],[9.349797,47.388012],[9.34344,47.383826],[9.343595,47.376488],[9.342665,47.364034],[9.337394,47.354526],[9.331813,47.34755],[9.323545,47.340987],[9.308972,47.332873],[9.305562,47.326982],[9.302771,47.303547],[9.304631,47.294943],[9.308197,47.288845],[9.315949,47.28192],[9.318739,47.278768],[9.320909,47.275668],[9.324785,47.267761],[9.326335,47.26355],[9.331503,47.253111],[9.314708,47.250088],[9.311143,47.250243],[9.308352,47.250139],[9.297965,47.255514],[9.267218,47.267089],[9.217402,47.271534],[9.208255,47.273368],[9.204069,47.275073],[9.196628,47.281094],[9.208255,47.290499],[9.201279,47.312926],[9.201899,47.319257],[9.203759,47.323262],[9.21027,47.327964],[9.213681,47.331401],[9.218022,47.336853],[9.216781,47.340263],[9.213371,47.341865],[9.20903,47.341865],[9.199108,47.340211],[9.186086,47.357704],[9.187636,47.359694],[9.200038,47.367652],[9.207635,47.376695],[9.217402,47.391423],[9.222569,47.397417],[9.22598,47.400311],[9.234972,47.399226],[9.270783,47.402895],[9.277966,47.402843],[9.294244,47.399226],[9.33941,47.405427],[9.375376,47.40951],[9.397442,47.409303],[9.40938,47.411835],[9.415426,47.416434],[9.417131,47.421705],[9.420387,47.427803],[9.425658,47.433953],[9.43744,47.435761],[9.445863,47.437983],[9.495938,47.453228],[9.516918,47.466095],[9.522344,47.468111],[9.526375,47.468343],[9.5287,47.467284],[9.530871,47.466612],[9.539242,47.465217],[9.542188,47.464183],[9.549009,47.460152],[9.55211,47.458706],[9.567664,47.45452],[9.608437,47.449766],[9.582392,47.442505],[9.567199,47.440464],[9.548389,47.441239],[9.548389,47.437156],[9.549939,47.435089],[9.581462,47.424392],[9.583167,47.415246],[9.540483,47.397236],[9.538312,47.411267],[9.543583,47.414987],[9.543738,47.419457],[9.542808,47.422997],[9.538777,47.426925],[9.534126,47.43018],[9.52777,47.433746],[9.523894,47.433126],[9.520639,47.431317],[9.517848,47.42925],[9.513818,47.427441],[9.511182,47.426046],[9.510097,47.423721],[9.509632,47.422015],[9.508547,47.420362],[9.508392,47.419457],[9.509787,47.41845],[9.512732,47.416796],[9.513973,47.414677],[9.511802,47.41261],[9.50002,47.408734],[9.489581,47.404859],[9.486636,47.393619]]]}},{"type":"Feature","properties":{"id":"CH-AI","country":"CH","name_en":"Appenzell Innerrhoden"},"geometry":{"type":"MultiPolygon","coordinates":[[[[9.608437,47.449766],[9.585338,47.434159],[9.583167,47.431756],[9.581462,47.424392],[9.549939,47.435089],[9.548389,47.437156],[9.548389,47.441239],[9.567199,47.440464],[9.582392,47.442505],[9.608437,47.449766]]],[[[9.488186,47.353389],[9.471133,47.296442],[9.451599,47.271534],[9.43775,47.260992],[9.423332,47.253886],[9.403798,47.247039],[9.375531,47.239701],[9.369175,47.239908],[9.360339,47.241148],[9.353362,47.244197],[9.344681,47.246574],[9.331503,47.253111],[9.326335,47.26355],[9.324785,47.267761],[9.320909,47.275668],[9.318739,47.278768],[9.315949,47.28192],[9.308197,47.288845],[9.304631,47.294943],[9.302771,47.303547],[9.305562,47.326982],[9.308972,47.332873],[9.323545,47.340987],[9.331813,47.34755],[9.337394,47.354526],[9.342665,47.364034],[9.343595,47.376488],[9.34344,47.383826],[9.349797,47.388012],[9.456095,47.354061],[9.488186,47.353389]]],[[[9.540483,47.397236],[9.526375,47.40212],[9.513663,47.400776],[9.486636,47.393619],[9.489581,47.404859],[9.50002,47.408734],[9.511802,47.41261],[9.513973,47.414677],[9.512732,47.416796],[9.509787,47.41845],[9.508392,47.419457],[9.508547,47.420362],[9.509632,47.422015],[9.510097,47.423721],[9.511182,47.426046],[9.513818,47.427441],[9.517848,47.42925],[9.520639,47.431317],[9.523894,47.433126],[9.52777,47.433746],[9.534126,47.43018],[9.538777,47.426925],[9.542808,47.422997],[9.543738,47.419457],[9.543583,47.414987],[9.538312,47.411267],[9.540483,47.397236]]]]}},{"type":"Feature","properties":{"id":"CH-SG","country":"CH","name_en":"St. Gallen"},"geometry":{"type":"Polygon","coordinates":[[[9.553059,47.516891],[9.554951,47.5109],[9.58451,47.480721],[9.621717,47.469197],[9.650346,47.452092],[9.649519,47.409717],[9.639804,47.394524],[9.601047,47.36127],[9.596396,47.352305],[9.591228,47.334683],[9.587404,47.32781],[9.553298,47.299853],[9.521155,47.262801],[9.504618,47.243732],[9.497044,47.228934],[9.487358,47.210014],[9.486434,47.196918],[9.484981,47.176346],[9.492629,47.15981],[9.495534,47.155951],[9.503481,47.145392],[9.511853,47.129372],[9.51237,47.10803],[9.502861,47.094698],[9.487565,47.083949],[9.475886,47.073226],[9.477023,47.063898],[9.477179,47.059996],[9.484775,47.043227],[9.495886,47.026561],[9.526375,46.991137],[9.531956,46.983334],[9.52436,46.981939],[9.518468,46.97951],[9.513818,46.97597],[9.510097,46.966643],[9.507306,46.962483],[9.497953,46.957496],[9.492837,46.953207],[9.486016,46.94468],[9.4809,46.936929],[9.477799,46.925043],[9.478264,46.920289],[9.477179,46.915121],[9.474388,46.909721],[9.461211,46.893779],[9.448654,46.890937],[9.445708,46.88272],[9.442556,46.88179],[9.435424,46.882332],[9.424262,46.888146],[9.403798,46.895226],[9.269853,46.90861],[9.265512,46.90693],[9.260241,46.906905],[9.256676,46.907576],[9.240863,46.92034],[9.242878,46.929694],[9.241793,46.933492],[9.234041,46.945455],[9.230631,46.95424],[9.230166,46.957909],[9.232181,46.96101],[9.233111,46.963568],[9.237762,46.992326],[9.236212,46.999405],[9.231871,47.008242],[9.218693,47.026742],[9.210425,47.03439],[9.202364,47.038524],[9.195077,47.038059],[9.187636,47.036457],[9.176474,47.032633],[9.157819,47.031238],[9.151307,47.032504],[9.132859,47.039791],[9.132239,47.041677],[9.134719,47.044106],[9.169342,47.060642],[9.174924,47.074672],[9.179884,47.12224],[9.074671,47.13627],[9.059478,47.142187],[9.007027,47.174692],[9.001136,47.174847],[8.985116,47.16893],[8.958451,47.187249],[8.95194,47.195698],[8.951785,47.198179],[8.95256,47.204354],[8.95535,47.213914],[8.924138,47.220451],[8.829983,47.214018],[8.775361,47.220581],[8.789159,47.243732],[8.807607,47.253602],[8.848742,47.2497],[8.861764,47.250475],[8.920727,47.269105],[8.930029,47.274841],[8.93468,47.279569],[8.933905,47.287812],[8.939537,47.294013],[8.946979,47.300782],[8.959846,47.308379],[8.966047,47.313391],[8.969148,47.317267],[8.966202,47.325122],[8.960466,47.34649],[8.936695,47.37561],[8.932354,47.379951],[8.942483,47.380416],[8.950699,47.387883],[8.964497,47.404859],[8.974264,47.412662],[8.985426,47.42987],[8.989147,47.433487],[8.993643,47.434573],[8.997415,47.433591],[9.000826,47.433539],[9.004701,47.434211],[9.009352,47.436071],[9.014313,47.437492],[9.019739,47.438448],[9.026716,47.438913],[9.030281,47.44049],[9.032142,47.442996],[9.032607,47.446355],[9.031211,47.456535],[9.031211,47.460101],[9.003461,47.473537],[9.001291,47.476792],[9.000361,47.481857],[9.003616,47.486249],[9.009662,47.487851],[9.015088,47.488626],[9.019274,47.48966],[9.027646,47.495706],[9.031211,47.496378],[9.039118,47.494414],[9.045164,47.494259],[9.062424,47.496119],[9.06568,47.495706],[9.068315,47.493846],[9.07033,47.491339],[9.072656,47.489608],[9.075601,47.489091],[9.084438,47.490073],[9.088314,47.490073],[9.100871,47.487774],[9.113325,47.487851],[9.129913,47.489608],[9.13782,47.492709],[9.142471,47.496533],[9.151462,47.507591],[9.166397,47.495603],[9.199108,47.484957],[9.238072,47.479066],[9.255745,47.477412],[9.259621,47.479505],[9.268768,47.482942],[9.274556,47.483252],[9.282927,47.481908],[9.289749,47.483407],[9.295175,47.486094],[9.298895,47.48997],[9.301221,47.493045],[9.304941,47.50077],[9.299825,47.515756],[9.296725,47.516402],[9.292384,47.51648],[9.286958,47.514981],[9.280757,47.514154],[9.270163,47.515188],[9.266442,47.516842],[9.266287,47.519425],[9.267993,47.520717],[9.269853,47.521182],[9.272024,47.520407],[9.273729,47.520356],[9.276261,47.521389],[9.279362,47.524025],[9.283237,47.525988],[9.289439,47.527539],[9.295175,47.528365],[9.303391,47.528701],[9.306337,47.529476],[9.311298,47.532655],[9.315949,47.534101],[9.320909,47.535135],[9.335069,47.535445],[9.344371,47.52542],[9.344371,47.521337],[9.343905,47.517643],[9.34065,47.512242],[9.342975,47.507514],[9.3653,47.487954],[9.373981,47.483097],[9.380492,47.481417],[9.387365,47.490693],[9.43837,47.516738],[9.448499,47.512191],[9.444003,47.502941],[9.445088,47.501649],[9.446018,47.50015],[9.45594,47.496636],[9.459661,47.496378],[9.464467,47.496998],[9.473458,47.499297],[9.552833,47.516842],[9.553059,47.516891]],[[9.488186,47.353389],[9.481365,47.368479],[9.486636,47.393619],[9.513663,47.400776],[9.526375,47.40212],[9.540483,47.397236],[9.583167,47.415246],[9.581462,47.424392],[9.583167,47.431756],[9.585338,47.434159],[9.608437,47.449766],[9.567664,47.45452],[9.55211,47.458706],[9.549009,47.460152],[9.542188,47.464183],[9.539242,47.465217],[9.530871,47.466612],[9.5287,47.467284],[9.526375,47.468343],[9.522344,47.468111],[9.516918,47.466095],[9.495938,47.453228],[9.445863,47.437983],[9.43744,47.435761],[9.425658,47.433953],[9.420387,47.427803],[9.417131,47.421705],[9.415426,47.416434],[9.40938,47.411835],[9.397442,47.409303],[9.375376,47.40951],[9.33941,47.405427],[9.294244,47.399226],[9.277966,47.402843],[9.270783,47.402895],[9.234972,47.399226],[9.22598,47.400311],[9.222569,47.397417],[9.217402,47.391423],[9.207635,47.376695],[9.200038,47.367652],[9.187636,47.359694],[9.186086,47.357704],[9.199108,47.340211],[9.20903,47.341865],[9.213371,47.341865],[9.216781,47.340263],[9.218022,47.336853],[9.213681,47.331401],[9.21027,47.327964],[9.203759,47.323262],[9.201899,47.319257],[9.201279,47.312926],[9.208255,47.290499],[9.196628,47.281094],[9.204069,47.275073],[9.208255,47.273368],[9.217402,47.271534],[9.267218,47.267089],[9.297965,47.255514],[9.308352,47.250139],[9.311143,47.250243],[9.314708,47.250088],[9.331503,47.253111],[9.344681,47.246574],[9.353362,47.244197],[9.360339,47.241148],[9.369175,47.239908],[9.375531,47.239701],[9.403798,47.247039],[9.423332,47.253886],[9.43775,47.260992],[9.451599,47.271534],[9.471133,47.296442],[9.488186,47.353389]]]}},{"type":"Feature","properties":{"id":"CH-GR","country":"CH","name_en":"Grisons"},"geometry":{"type":"Polygon","coordinates":[[[9.224831,46.231188],[9.215747,46.221056],[9.204172,46.213563],[9.192183,46.209635],[9.181331,46.204054],[9.17575,46.194132],[9.171099,46.182609],[9.163788,46.172989],[9.163348,46.173099],[9.163141,46.173151],[9.1403,46.184881],[9.131619,46.190798],[9.11069,46.208498],[9.094205,46.216456],[9.087539,46.22059],[9.079632,46.229556],[9.076377,46.234801],[9.074516,46.240072],[9.077462,46.252914],[9.077152,46.2579],[9.076532,46.261621],[9.066145,46.275961],[9.058083,46.289966],[9.056533,46.294926],[9.056998,46.298983],[9.065214,46.305804],[9.069245,46.312316],[9.070951,46.317173],[9.069245,46.323426],[9.06847,46.330066],[9.070175,46.33681],[9.085523,46.356757],[9.089089,46.363682],[9.088004,46.393913],[9.09219,46.402078],[9.095445,46.411767],[9.097771,46.416134],[9.096995,46.420216],[9.092035,46.427011],[9.088314,46.434014],[9.086609,46.442385],[9.088624,46.453341],[9.089089,46.461428],[9.088779,46.467397],[9.077307,46.482331],[9.062269,46.480832],[9.057773,46.479592],[9.055603,46.478714],[9.048575,46.480884],[9.037723,46.49184],[9.027026,46.504294],[9.02408,46.508893],[9.021445,46.514215],[9.015243,46.533465],[9.016019,46.53654],[9.017569,46.540519],[9.019119,46.545893],[9.021134,46.557779],[9.02284,46.564031],[9.02563,46.571266],[9.029041,46.577183],[9.036482,46.586872],[9.038498,46.590722],[9.037723,46.593849],[9.035242,46.596174],[9.022065,46.604882],[9.010748,46.608137],[9.003771,46.611083],[8.99881,46.612504],[8.964807,46.614829],[8.959846,46.62041],[8.957056,46.625371],[8.95597,46.630642],[8.953025,46.632348],[8.947444,46.632089],[8.939227,46.626612],[8.929564,46.625113],[8.921812,46.623046],[8.914836,46.620359],[8.90755,46.613331],[8.905999,46.608318],[8.907085,46.603822],[8.909255,46.600722],[8.909875,46.597466],[8.907705,46.594159],[8.898093,46.58925],[8.847347,46.575245],[8.788384,46.56814],[8.711231,46.573023],[8.6779,46.583591],[8.680845,46.597156],[8.678675,46.605347],[8.673404,46.617491],[8.670923,46.620669],[8.666893,46.622633],[8.662397,46.624157],[8.658986,46.625888],[8.655989,46.629015],[8.653973,46.633071],[8.652733,46.638756],[8.653508,46.644285],[8.660536,46.659969],[8.667823,46.671363],[8.669528,46.676531],[8.669993,46.680484],[8.669218,46.683094],[8.669063,46.68635],[8.672629,46.690535],[8.67945,46.694644],[8.695728,46.69963],[8.705805,46.701129],[8.715623,46.704953],[8.738878,46.725779],[8.7488,46.733013],[8.766318,46.737251],[8.781252,46.733556],[8.785283,46.733272],[8.800321,46.735597],[8.803732,46.737199],[8.807142,46.740558],[8.806212,46.749653],[8.806522,46.750997],[8.807607,46.753167],[8.815669,46.762676],[8.824816,46.770582],[8.826263,46.778954],[8.825591,46.790814],[8.828433,46.793268],[8.835874,46.794508],[8.842851,46.796369],[8.849517,46.80133],[8.860834,46.805619],[8.871686,46.815437],[8.892512,46.814766],[8.902899,46.812156],[8.907705,46.811562],[8.909565,46.8089],[8.91189,46.80226],[8.915766,46.800399],[8.925223,46.800555],[8.980465,46.812285],[9.003151,46.819623],[9.017414,46.828796],[9.0247,46.835384],[9.029661,46.842516],[9.032607,46.847477],[9.035397,46.851533],[9.038188,46.854608],[9.039428,46.858045],[9.039273,46.865718],[9.040048,46.869388],[9.042373,46.871765],[9.04904,46.873987],[9.058858,46.875434],[9.075446,46.8744],[9.085058,46.872075],[9.092345,46.868457],[9.09684,46.864117],[9.105057,46.862049],[9.115031,46.863961],[9.149137,46.880007],[9.163606,46.882152],[9.18252,46.882332],[9.190737,46.884813],[9.196008,46.887138],[9.213061,46.903287],[9.240863,46.92034],[9.256676,46.907576],[9.260241,46.906905],[9.265512,46.90693],[9.269853,46.90861],[9.403798,46.895226],[9.424262,46.888146],[9.435424,46.882332],[9.442556,46.88179],[9.445708,46.88272],[9.448654,46.890937],[9.461211,46.893779],[9.474388,46.909721],[9.477179,46.915121],[9.478264,46.920289],[9.477799,46.925043],[9.4809,46.936929],[9.486016,46.94468],[9.492837,46.953207],[9.497953,46.957496],[9.507306,46.962483],[9.510097,46.966643],[9.513818,46.97597],[9.518468,46.97951],[9.52436,46.981939],[9.531956,46.983334],[9.526375,46.991137],[9.495886,47.026561],[9.484775,47.043227],[9.477179,47.059996],[9.477023,47.063898],[9.499554,47.059351],[9.533134,47.05553],[9.560636,47.0524],[9.581203,47.05687],[9.59991,47.053486],[9.65231,47.05793],[9.669053,47.056199],[9.857982,47.015478],[9.856328,47.004083],[9.860566,47.001602],[9.866767,47.001938],[9.870591,46.998838],[9.870591,46.992947],[9.866457,46.983387],[9.863976,46.959925],[9.860772,46.949151],[9.862426,46.939772],[9.875138,46.927421],[9.899943,46.914398],[10.006913,46.890757],[10.045567,46.865564],[10.068098,46.856624],[10.1113,46.847116],[10.125188,46.846751],[10.13197,46.846573],[10.157808,46.851612],[10.201423,46.86683],[10.211655,46.877036],[10.214342,46.884685],[10.215169,46.893108],[10.219924,46.905769],[10.235116,46.923313],[10.251343,46.92538],[10.270773,46.921892],[10.295681,46.922693],[10.296198,46.941374],[10.313665,46.964318],[10.338883,46.98411],[10.367925,46.995505],[10.373403,46.996254],[10.378984,46.995505],[10.384255,46.993153],[10.384358,46.993153],[10.384358,46.992998],[10.394693,46.985402],[10.415571,46.962406],[10.449574,46.943906],[10.458462,46.936619],[10.463836,46.919747],[10.451434,46.88577],[10.453811,46.864427],[10.44854,46.832233],[10.444923,46.823241],[10.439032,46.816885],[10.417224,46.79885],[10.419085,46.783967],[10.426216,46.76942],[10.428696,46.755648],[10.416604,46.743014],[10.399654,46.735546],[10.395623,46.7264],[10.396554,46.715005],[10.394383,46.70082],[10.384771,46.689012],[10.373919,46.681906],[10.369165,46.672398],[10.377537,46.653277],[10.395623,46.638808],[10.438205,46.635656],[10.459082,46.623564],[10.466627,46.604288],[10.465903,46.578476],[10.457945,46.553697],[10.451829,46.546704],[10.443993,46.537729],[10.425906,46.535326],[10.354282,46.548323],[10.319452,46.546049],[10.306637,46.547496],[10.295371,46.551087],[10.289067,46.555687],[10.283796,46.560725],[10.275941,46.565531],[10.234703,46.575298],[10.230259,46.58615],[10.235737,46.606691],[10.233773,46.617982],[10.217856,46.626974],[10.192122,46.626819],[10.09745,46.608035],[10.087839,46.604392],[10.083498,46.597002],[10.071199,46.564394],[10.062931,46.556746],[10.04133,46.541863],[10.032752,46.532975],[10.031408,46.525792],[10.031201,46.503829],[10.02686,46.493184],[10.028101,46.483934],[10.030478,46.476673],[10.035335,46.471066],[10.044017,46.466984],[10.026344,46.446262],[10.042053,46.432722],[10.071405,46.424816],[10.116157,46.418822],[10.133417,46.414016],[10.140755,46.402905],[10.13321,46.381098],[10.125976,46.37438],[10.104995,46.361357],[10.09745,46.351642],[10.092386,46.338103],[10.091766,46.328956],[10.095797,46.320533],[10.104892,46.309371],[10.14613,46.280277],[10.158945,46.262449],[10.14582,46.243328],[10.117914,46.231133],[10.075746,46.220022],[10.042673,46.220487],[10.041847,46.24307],[10.031718,46.260072],[9.992237,46.284359],[9.977561,46.298105],[9.97105,46.320016],[9.970636,46.339808],[9.964022,46.356086],[9.93901,46.367455],[9.918443,46.37115],[9.899013,46.372158],[9.855398,46.366964],[9.788839,46.343296],[9.768065,46.33862],[9.755249,46.340532],[9.730858,46.350712],[9.720109,46.350893],[9.709257,46.342392],[9.707293,46.330972],[9.708844,46.319629],[9.70843,46.311748],[9.693134,46.297072],[9.674324,46.291801],[9.559705,46.292731],[9.536451,46.298622],[9.515264,46.308596],[9.502551,46.32074],[9.482604,46.35681],[9.473716,46.361874],[9.451598,46.370375],[9.444364,46.375284],[9.4424,46.380891],[9.443847,46.396136],[9.437852,46.492047],[9.434648,46.498326],[9.426794,46.497111],[9.410671,46.488895],[9.403849,46.482513],[9.400335,46.475407],[9.395478,46.469413],[9.384626,46.466416],[9.377081,46.468689],[9.351553,46.485484],[9.350829,46.497861],[9.330986,46.501504],[9.282306,46.49737],[9.263186,46.485122],[9.245823,46.461041],[9.237968,46.436547],[9.24758,46.423033],[9.260912,46.416651],[9.262876,46.406626],[9.260292,46.394017],[9.260396,46.379728],[9.273831,46.344252],[9.275175,46.331385],[9.268974,46.309371],[9.239725,46.266996],[9.224831,46.231188]]]}},{"type":"Feature","properties":{"id":"CH-AG","country":"CH","name_en":"Aargau"},"geometry":{"type":"Polygon","coordinates":[[[8.251051,47.622004],[8.276993,47.61663],[8.288569,47.615803],[8.293943,47.611462],[8.299317,47.601824],[8.306345,47.592187],[8.316164,47.587846],[8.354094,47.581024],[8.41807,47.580766],[8.4211,47.581112],[8.419362,47.575029],[8.396418,47.549863],[8.374817,47.535032],[8.358074,47.516842],[8.353113,47.497876],[8.352648,47.487644],[8.357919,47.473769],[8.379985,47.441859],[8.387426,47.426408],[8.401069,47.41416],[8.403549,47.41044],[8.399364,47.402172],[8.372802,47.383723],[8.370787,47.378297],[8.373732,47.376075],[8.37952,47.372871],[8.399054,47.366101],[8.403549,47.36251],[8.403394,47.356231],[8.401379,47.345431],[8.401069,47.342175],[8.401999,47.33892],[8.40417,47.335096],[8.415952,47.326414],[8.445614,47.33277],[8.442668,47.323158],[8.433522,47.312255],[8.414867,47.295873],[8.397658,47.288638],[8.390992,47.286778],[8.388357,47.286571],[8.385256,47.28652],[8.382465,47.286106],[8.384946,47.278019],[8.407425,47.245514],[8.394403,47.228435],[8.393783,47.225722],[8.393007,47.219521],[8.398123,47.177379],[8.405565,47.142317],[8.40479,47.142317],[8.376523,47.143118],[8.36412,47.1472],[8.358694,47.150611],[8.351408,47.15676],[8.340401,47.168491],[8.336835,47.173348],[8.303452,47.238409],[8.295856,47.249829],[8.29167,47.258304],[8.288569,47.268071],[8.282988,47.273833],[8.277097,47.277631],[8.260612,47.282282],[8.243714,47.281094],[8.226971,47.267761],[8.222475,47.259648],[8.199789,47.23213],[8.183511,47.223862],[8.174519,47.223216],[8.167698,47.225257],[8.163047,47.227454],[8.159327,47.229934],[8.157466,47.231588],[8.156226,47.234921],[8.154521,47.23691],[8.154521,47.238331],[8.155916,47.239287],[8.163202,47.241303],[8.160412,47.242879],[8.151368,47.245359],[8.124238,47.246057],[8.10424,47.250553],[8.089305,47.26125],[8.02042,47.243008],[7.998096,47.273032],[7.982697,47.277399],[7.961303,47.277089],[7.957117,47.276649],[7.955566,47.275358],[7.954791,47.27267],[7.954946,47.264712],[7.956032,47.256211],[7.955566,47.252775],[7.954791,47.250785],[7.954171,47.249829],[7.952621,47.248615],[7.948745,47.246574],[7.923269,47.240347],[7.900479,47.240321],[7.839346,47.231846],[7.826324,47.247039],[7.825394,47.249468],[7.822913,47.268976],[7.830354,47.275358],[7.854539,47.308017],[7.857485,47.310653],[7.901875,47.338299],[7.909161,47.337137],[7.917843,47.334837],[7.981611,47.328274],[7.988794,47.330858],[7.996856,47.334475],[8.010498,47.356154],[8.021816,47.367781],[8.029102,47.37915],[8.028017,47.398141],[8.015459,47.40057],[8.005693,47.40429],[7.997011,47.409923],[7.99236,47.414522],[7.988019,47.428346],[7.981301,47.431162],[7.980216,47.440154],[7.981146,47.442221],[7.980836,47.445476],[7.979131,47.44868],[7.970449,47.455812],[7.954946,47.457724],[7.942389,47.463356],[7.941459,47.465346],[7.940374,47.469428],[7.940219,47.483614],[7.909626,47.485836],[7.900479,47.490435],[7.896914,47.49798],[7.867717,47.528081],[7.863066,47.53498],[7.85733,47.537977],[7.849423,47.545341],[7.83516,47.548157],[7.829114,47.547486],[7.826324,47.545961],[7.825083,47.541905],[7.824618,47.535652],[7.823843,47.532422],[7.821363,47.529657],[7.796196,47.514154],[7.782709,47.512837],[7.779918,47.516325],[7.777748,47.522009],[7.777128,47.527771],[7.777748,47.532603],[7.774027,47.535032],[7.771702,47.536065],[7.767051,47.536608],[7.730567,47.548778],[7.72732,47.550423],[7.76674,47.555961],[7.78555,47.563196],[7.801467,47.576089],[7.819657,47.595339],[7.833713,47.590481],[7.898205,47.587846],[7.904303,47.583557],[7.907507,47.574177],[7.90947,47.564798],[7.912157,47.560561],[8.042279,47.560561],[8.087237,47.567382],[8.096952,47.571852],[8.101397,47.576193],[8.105427,47.581257],[8.113902,47.587846],[8.122067,47.592135],[8.143771,47.600067],[8.162065,47.603762],[8.168886,47.608646],[8.173847,47.613529],[8.179015,47.615803],[8.232965,47.621952],[8.251051,47.622004]]]}},{"type":"Feature","properties":{"id":"CH-TG","country":"CH","name_en":"Thurgau"},"geometry":{"type":"Polygon","coordinates":[[[8.851935,47.671282],[8.852668,47.670786],[8.881711,47.656136],[8.906205,47.651795],[8.945376,47.654302],[8.981756,47.662156],[8.997673,47.673835],[9.016586,47.6789],[9.128104,47.670425],[9.183398,47.670425],[9.196937,47.656136],[9.234351,47.656162],[9.273211,47.65009],[9.547482,47.534547],[9.553059,47.516891],[9.552833,47.516842],[9.473458,47.499297],[9.464467,47.496998],[9.459661,47.496378],[9.45594,47.496636],[9.446018,47.50015],[9.445088,47.501649],[9.444003,47.502941],[9.448499,47.512191],[9.43837,47.516738],[9.387365,47.490693],[9.380492,47.481417],[9.373981,47.483097],[9.3653,47.487954],[9.342975,47.507514],[9.34065,47.512242],[9.343905,47.517643],[9.344371,47.521337],[9.344371,47.52542],[9.335069,47.535445],[9.320909,47.535135],[9.315949,47.534101],[9.311298,47.532655],[9.306337,47.529476],[9.303391,47.528701],[9.295175,47.528365],[9.289439,47.527539],[9.283237,47.525988],[9.279362,47.524025],[9.276261,47.521389],[9.273729,47.520356],[9.272024,47.520407],[9.269853,47.521182],[9.267993,47.520717],[9.266287,47.519425],[9.266442,47.516842],[9.270163,47.515188],[9.280757,47.514154],[9.286958,47.514981],[9.292384,47.51648],[9.296725,47.516402],[9.299825,47.515756],[9.304941,47.50077],[9.301221,47.493045],[9.298895,47.48997],[9.295175,47.486094],[9.289749,47.483407],[9.282927,47.481908],[9.274556,47.483252],[9.268768,47.482942],[9.259621,47.479505],[9.255745,47.477412],[9.238072,47.479066],[9.199108,47.484957],[9.166397,47.495603],[9.151462,47.507591],[9.142471,47.496533],[9.13782,47.492709],[9.129913,47.489608],[9.113325,47.487851],[9.100871,47.487774],[9.088314,47.490073],[9.084438,47.490073],[9.075601,47.489091],[9.072656,47.489608],[9.07033,47.491339],[9.068315,47.493846],[9.06568,47.495706],[9.062424,47.496119],[9.045164,47.494259],[9.039118,47.494414],[9.031211,47.496378],[9.027646,47.495706],[9.019274,47.48966],[9.015088,47.488626],[9.009662,47.487851],[9.003616,47.486249],[9.000361,47.481857],[9.001291,47.476792],[9.003461,47.473537],[9.031211,47.460101],[9.031211,47.456535],[9.032607,47.446355],[9.032142,47.442996],[9.030281,47.44049],[9.026716,47.438913],[9.019739,47.438448],[9.014313,47.437492],[9.009352,47.436071],[9.004701,47.434211],[9.000826,47.433539],[8.997415,47.433591],[8.993643,47.434573],[8.989147,47.433487],[8.985426,47.42987],[8.974264,47.412662],[8.964497,47.404859],[8.950699,47.387883],[8.942483,47.380416],[8.932354,47.379951],[8.892512,47.408579],[8.900108,47.415556],[8.902279,47.418837],[8.904139,47.423307],[8.905534,47.430335],[8.911425,47.435038],[8.911425,47.436433],[8.903364,47.439482],[8.893442,47.446097],[8.888636,47.46656],[8.878818,47.470824],[8.876647,47.473692],[8.874322,47.479505],[8.874632,47.482735],[8.875407,47.484544],[8.877112,47.485732],[8.881608,47.487851],[8.883675,47.489505],[8.885536,47.492089],[8.885536,47.494001],[8.885536,47.495292],[8.884915,47.496584],[8.88445,47.498445],[8.884915,47.500848],[8.890651,47.521906],[8.891117,47.524903],[8.888481,47.52821],[8.881453,47.532034],[8.851842,47.540199],[8.841766,47.544127],[8.835874,47.548778],[8.831999,47.557795],[8.83665,47.564487],[8.83851,47.566244],[8.833084,47.571515],[8.827503,47.575649],[8.763838,47.596837],[8.751745,47.599524],[8.742754,47.606991],[8.739343,47.610583],[8.739033,47.612753],[8.741203,47.614923],[8.747249,47.618308],[8.754381,47.620014],[8.761512,47.619264],[8.775981,47.614277],[8.781408,47.610402],[8.785903,47.60805],[8.790089,47.607534],[8.793345,47.607534],[8.799546,47.615337],[8.808228,47.6219],[8.815824,47.631873],[8.82001,47.636162],[8.821715,47.641123],[8.820165,47.645257],[8.808848,47.654146],[8.804972,47.667427],[8.788539,47.662621],[8.800321,47.681793],[8.801096,47.681793],[8.809933,47.678847],[8.821508,47.682258],[8.851935,47.671282]]]}},{"type":"Feature","properties":{"id":"CH-VS","country":"CH","name_en":"Valais"},"geometry":{"type":"Polygon","coordinates":[[[7.84962,45.939712],[7.848389,45.938076],[7.845288,45.927792],[7.846115,45.922573],[7.843738,45.919214],[7.831232,45.91446],[7.825444,45.914666],[7.807564,45.91849],[7.780072,45.918129],[7.732013,45.930376],[7.722195,45.929601],[7.71465,45.92712],[7.706279,45.925725],[7.69398,45.928671],[7.692533,45.931203],[7.673722,45.950323],[7.658736,45.960038],[7.643027,45.966343],[7.541121,45.984119],[7.524377,45.978073],[7.514662,45.966704],[7.503707,45.956731],[7.482726,45.954871],[7.452961,45.945879],[7.393843,45.9157],[7.361803,45.907845],[7.286666,45.913426],[7.27354,45.910274],[7.245428,45.89813],[7.183726,45.880456],[7.153547,45.876529],[7.120888,45.876116],[7.090192,45.880508],[7.066938,45.890223],[7.022083,45.92526],[7.015158,45.933321],[7.009784,45.943398],[7.002756,45.961692],[6.991283,45.982466],[6.987666,45.993111],[6.982808,45.995385],[6.915112,46.048612],[6.892375,46.055588],[6.884003,46.053211],[6.876872,46.048095],[6.869224,46.044064],[6.859715,46.044994],[6.85093,46.049645],[6.85031,46.052746],[6.852377,46.056931],[6.851964,46.064683],[6.853411,46.065665],[6.853101,46.076103],[6.851344,46.086025],[6.848553,46.085043],[6.853101,46.090211],[6.861162,46.097032],[6.86819,46.10468],[6.869224,46.112329],[6.853927,46.122612],[6.774346,46.134808],[6.765664,46.151603],[6.774863,46.185864],[6.792226,46.221676],[6.827676,46.269477],[6.804938,46.296607],[6.769488,46.322678],[6.750368,46.345518],[6.755742,46.357068],[6.782097,46.378462],[6.789229,46.395205],[6.788107,46.405008],[6.807006,46.404248],[6.8546,46.397737],[6.866589,46.402698],[6.873307,46.395463],[6.888138,46.383319],[6.894494,46.374767],[6.894339,46.369625],[6.891859,46.362958],[6.890774,46.355517],[6.894494,46.348076],[6.906897,46.342185],[6.920332,46.340221],[6.931029,46.33433],[6.935474,46.316708],[6.940125,46.307613],[7.003687,46.230874],[7.026062,46.20997],[7.033452,46.200152],[7.044873,46.189868],[7.083165,46.204854],[7.116083,46.219815],[7.139647,46.240124],[7.151171,46.243586],[7.17024,46.257022],[7.184192,46.270639],[7.195975,46.284927],[7.199747,46.292472],[7.19799,46.305701],[7.198455,46.308853],[7.215715,46.321927],[7.227807,46.331436],[7.262585,46.345673],[7.270337,46.354742],[7.270647,46.358308],[7.271112,46.36115],[7.272507,46.362623],[7.275918,46.363992],[7.308319,46.371588],[7.314262,46.371588],[7.317052,46.369366],[7.317673,46.362338],[7.316742,46.357377],[7.316587,46.354225],[7.317673,46.3519],[7.323719,46.350608],[7.32961,46.348541],[7.367282,46.357222],[7.390123,46.368178],[7.399735,46.376239],[7.401905,46.377635],[7.404231,46.378565],[7.418648,46.380735],[7.462263,46.381045],[7.486189,46.376084],[7.488825,46.375051],[7.494716,46.373991],[7.500917,46.374146],[7.509599,46.375671],[7.545307,46.386213],[7.55988,46.395205],[7.546858,46.400269],[7.540966,46.405643],[7.563911,46.415539],[7.597759,46.422645],[7.600859,46.425022],[7.611556,46.430913],[7.613727,46.433032],[7.614967,46.436752],[7.616517,46.439698],[7.619618,46.44161],[7.624424,46.443367],[7.645198,46.441403],[7.711344,46.419441],[7.723126,46.420164],[7.844927,46.481298],[7.856554,46.478843],[7.871747,46.478869],[7.880791,46.479954],[7.901875,46.485587],[7.938513,46.503518],[7.966108,46.515714],[7.969209,46.518608],[7.97293,46.523621],[7.972775,46.526824],[7.971379,46.530183],[7.969209,46.533465],[7.966574,46.536385],[7.965023,46.538581],[7.965178,46.53995],[7.967039,46.541449],[7.970449,46.543516],[8.003057,46.557443],[8.028792,46.558399],[8.114161,46.547159],[8.122688,46.542069],[8.146718,46.534783],[8.173434,46.532819],[8.17483,46.532199],[8.17514,46.530338],[8.17514,46.527755],[8.17607,46.524551],[8.179325,46.522845],[8.184441,46.52176],[8.190332,46.521915],[8.242474,46.529305],[8.2664,46.535196],[8.312444,46.553024],[8.323038,46.559303],[8.338696,46.566254],[8.349082,46.573488],[8.354198,46.578501],[8.358384,46.584185],[8.3635,46.606096],[8.369546,46.621754],[8.373577,46.629712],[8.37952,46.638084],[8.398588,46.654517],[8.409441,46.655654],[8.417657,46.652941],[8.419983,46.650331],[8.421688,46.645939],[8.421223,46.637412],[8.419052,46.625061],[8.415642,46.614209],[8.40851,46.597983],[8.40758,46.593177],[8.40882,46.587389],[8.411611,46.581188],[8.422153,46.562998],[8.437397,46.546617],[8.47693,46.531837],[8.447629,46.504552],[8.43099,46.496955],[8.408045,46.495043],[8.399209,46.493157],[8.395953,46.490858],[8.395488,46.488481],[8.396728,46.486517],[8.397038,46.484553],[8.396418,46.482383],[8.391302,46.475665],[8.387116,46.468533],[8.384636,46.462074],[8.385566,46.454581],[8.385876,46.450602],[8.385907,46.450206],[8.343449,46.443885],[8.316267,46.433653],[8.294976,46.418046],[8.286605,46.40536],[8.290429,46.401122],[8.297043,46.397634],[8.297457,46.387506],[8.291462,46.378359],[8.281541,46.370116],[8.270068,46.364044],[8.24175,46.354123],[8.192554,46.309164],[8.171883,46.299191],[8.128475,46.292473],[8.106874,46.285548],[8.087341,46.271802],[8.077315,46.262035],[8.073078,46.253612],[8.076592,46.249736],[8.09995,46.235629],[8.129509,46.196044],[8.132299,46.159354],[8.110595,46.126953],[8.066877,46.100598],[8.056025,46.098066],[8.035354,46.096516],[8.025329,46.091141],[8.018197,46.080858],[8.016027,46.069385],[8.015924,46.058172],[8.010653,46.029698],[8.008792,46.027683],[7.999077,46.0128],[7.998354,46.010629],[7.985848,45.999312],[7.978717,45.995178],[7.969105,45.993111],[7.898205,45.981949],[7.883782,45.973869],[7.872917,45.959383],[7.870201,45.94037],[7.84962,45.939712]]]}},{"type":"Feature","properties":{"id":"BE-WLG","country":"BE","name_en":"Liège"},"geometry":{"type":"Polygon","coordinates":[[[6.038628,50.148413],[6.027363,50.149447],[6.022967,50.15082],[6.022971,50.150893],[6.024935,50.181614],[6.024056,50.183862],[6.019871,50.194688],[6.033823,50.204843],[6.011912,50.207659],[6.007468,50.218744],[6.012998,50.311761],[5.981062,50.322303],[5.979305,50.330882],[5.858072,50.347883],[5.849287,50.329538],[5.867787,50.319461],[5.845463,50.28458],[5.880293,50.281324],[5.873781,50.271505],[5.810426,50.265873],[5.803915,50.256106],[5.797249,50.265718],[5.780867,50.269025],[5.720716,50.263082],[5.747588,50.299824],[5.720612,50.304113],[5.704489,50.321632],[5.703404,50.332639],[5.720767,50.357547],[5.67028,50.35765],[5.675034,50.369587],[5.641858,50.368244],[5.587701,50.400593],[5.553698,50.390284],[5.537109,50.391912],[5.53158,50.395115],[5.534681,50.404107],[5.517782,50.406278],[5.508636,50.425966],[5.468483,50.409068],[5.425075,50.430772],[5.411794,50.430307],[5.405696,50.423382],[5.425747,50.400593],[5.392415,50.380465],[5.349937,50.389741],[5.295109,50.366177],[5.281259,50.37845],[5.282396,50.39695],[5.232787,50.405554],[5.220488,50.418422],[5.236094,50.438059],[5.217594,50.464672],[5.195942,50.478625],[5.162094,50.469943],[5.151035,50.48188],[5.156047,50.490614],[5.136255,50.488753],[5.129279,50.504566],[5.142818,50.512886],[5.119047,50.505755],[5.105353,50.507357],[5.090367,50.530921],[5.034556,50.532885],[5.053366,50.541928],[5.027735,50.589936],[4.979107,50.619288],[4.98257,50.643369],[5.001793,50.666158],[5.00076,50.695795],[5.016573,50.702952],[4.991975,50.725328],[5.015849,50.733493],[5.019103,50.751932],[5.043547,50.742835],[5.043041,50.725107],[5.059526,50.711567],[5.074718,50.706917],[5.101103,50.709756],[5.167736,50.697253],[5.180439,50.707164],[5.16939,50.723556],[5.228921,50.71875],[5.236155,50.728233],[5.243381,50.716879],[5.275585,50.729447],[5.307366,50.718389],[5.312275,50.729706],[5.332119,50.740971],[5.378214,50.750841],[5.391753,50.747121],[5.404095,50.727498],[5.430976,50.720869],[5.453248,50.722264],[5.461155,50.739964],[5.480843,50.726399],[5.496811,50.728853],[5.523838,50.743762],[5.521926,50.76004],[5.608484,50.776421],[5.657432,50.807641],[5.663251,50.805065],[5.684852,50.798503],[5.700458,50.795557],[5.698701,50.783775],[5.688366,50.76083],[5.706556,50.754216],[5.717408,50.752821],[5.727846,50.754164],[5.732777,50.758851],[5.735298,50.756371],[5.750284,50.746862],[5.775968,50.751203],[5.818291,50.715598],[5.854154,50.718854],[5.878184,50.710999],[5.886917,50.71335],[5.910158,50.73597],[5.891288,50.751246],[5.902203,50.749048],[5.974756,50.74755],[5.99491,50.749927],[5.993256,50.748066],[5.992636,50.746258],[5.99274,50.744449],[5.994187,50.742589],[6.010826,50.737059],[6.011343,50.727447],[6.007623,50.716905],[6.01155,50.708534],[6.024779,50.707552],[6.064363,50.714477],[6.081003,50.713495],[6.100227,50.701299],[6.161102,50.642181],[6.147769,50.636755],[6.159448,50.622389],[6.180015,50.615516],[6.249055,50.614431],[6.251329,50.608437],[6.244301,50.599548],[6.232932,50.590763],[6.232932,50.587146],[6.210608,50.578671],[6.179085,50.561979],[6.160688,50.543583],[6.177328,50.530198],[6.169473,50.522499],[6.170817,50.517951],[6.178878,50.515781],[6.190557,50.515212],[6.182599,50.506582],[6.19066,50.501828],[6.199239,50.490408],[6.207197,50.486325],[6.217119,50.486015],[6.250915,50.492681],[6.253086,50.494077],[6.255566,50.494593],[6.25784,50.494077],[6.260114,50.492681],[6.27541,50.48803],[6.318715,50.481674],[6.336905,50.481003],[6.325743,50.474026],[6.323262,50.466016],[6.326156,50.457025],[6.331634,50.446896],[6.340212,50.437853],[6.347343,50.436974],[6.351167,50.433564],[6.350444,50.416872],[6.343313,50.393308],[6.336388,50.379923],[6.337732,50.368089],[6.372458,50.329436],[6.3734,50.32308],[6.374525,50.315483],[6.362019,50.306956],[6.335458,50.303856],[6.322022,50.305406],[6.310653,50.308248],[6.299491,50.308868],[6.285952,50.303856],[6.27603,50.296104],[6.269415,50.286492],[6.267348,50.276416],[6.271792,50.267424],[6.253396,50.256778],[6.210401,50.249027],[6.189627,50.242722],[6.179808,50.233007],[6.157174,50.222724],[6.146839,50.214042],[6.160171,50.204534],[6.165752,50.193165],[6.165132,50.181899],[6.159138,50.172443],[6.151696,50.169342],[6.131749,50.168308],[6.123171,50.164898],[6.121311,50.16159],[6.118003,50.150377],[6.115833,50.145467],[6.125962,50.140196],[6.129476,50.134047],[6.126582,50.127329],[6.117487,50.120456],[6.102604,50.124745],[6.10033,50.132652],[6.101467,50.142108],[6.097126,50.151307],[6.084207,50.159317],[6.076456,50.158645],[6.070048,50.154201],[6.061366,50.150738],[6.038628,50.148413]]]}},{"type":"Feature","properties":{"id":"IT-BZ","country":"IT","name_en":"Trentino-South Tyrol"},"geometry":{"type":"Polygon","coordinates":[[[10.451829,46.546704],[10.457945,46.553697],[10.465903,46.578476],[10.466627,46.604288],[10.459082,46.623564],[10.438205,46.635656],[10.395623,46.638808],[10.377537,46.653277],[10.369165,46.672398],[10.373919,46.681906],[10.384771,46.689012],[10.394383,46.70082],[10.396554,46.715005],[10.395623,46.7264],[10.399654,46.735546],[10.416604,46.743014],[10.428696,46.755648],[10.426216,46.76942],[10.419085,46.783967],[10.417224,46.79885],[10.439032,46.816885],[10.444923,46.823241],[10.44854,46.832233],[10.453811,46.864427],[10.486264,46.846366],[10.527708,46.843214],[10.629408,46.862412],[10.647081,46.863756],[10.662481,46.860965],[10.738962,46.829546],[10.748677,46.819443],[10.743819,46.812518],[10.721598,46.800142],[10.716947,46.795207],[10.722942,46.786448],[10.733691,46.786189],[10.754775,46.790763],[10.76635,46.788101],[10.795082,46.776888],[10.804901,46.776629],[10.823918,46.78035],[10.83415,46.780246],[10.843141,46.777043],[10.860195,46.766991],[10.870426,46.764072],[10.880348,46.764589],[10.913731,46.77234],[10.930888,46.773994],[10.965718,46.771642],[10.982668,46.767741],[10.99693,46.76911],[11.010883,46.779213],[11.033311,46.805568],[11.037445,46.808255],[11.048503,46.811692],[11.052844,46.814921],[11.054601,46.819934],[11.053464,46.830321],[11.054291,46.834145],[11.073101,46.86497],[11.083643,46.900136],[11.091912,46.912435],[11.156611,46.956515],[11.174491,46.963853],[11.243737,46.979252],[11.31381,46.987262],[11.349467,46.98194],[11.380576,46.971553],[11.411169,46.970493],[11.445172,46.992998],[11.445275,46.993102],[11.452923,47.000879],[11.461812,47.005504],[11.471837,47.00708],[11.489407,47.004212],[11.495918,47.001602],[11.501706,46.997856],[11.506977,46.992998],[11.515348,46.989484],[11.524443,46.988347],[11.533849,46.989536],[11.543254,46.992998],[11.543357,46.992998],[11.543564,46.993102],[11.543667,46.993102],[11.572709,46.998915],[11.59648,47.00044],[11.64795,46.993257],[11.648467,46.993257],[11.649707,46.992998],[11.657252,46.992533],[11.664797,46.993257],[11.683814,46.991913],[11.716163,46.97548],[11.73487,46.970622],[11.746445,46.972457],[11.766082,46.983438],[11.777141,46.988296],[11.822513,46.993257],[11.857033,47.012015],[11.899511,47.027725],[11.943643,47.038164],[12.014956,47.040489],[12.116242,47.076559],[12.133146,47.078832],[12.180631,47.085215],[12.204195,47.079686],[12.203897,47.067012],[12.203575,47.053331],[12.182284,47.033616],[12.12172,47.010517],[12.111178,46.992998],[12.117792,46.983076],[12.122133,46.971656],[12.128231,46.948582],[12.134742,46.937446],[12.141667,46.927989],[12.141563,46.918843],[12.126887,46.908869],[12.137429,46.905924],[12.160994,46.90303],[12.172156,46.89918],[12.183525,46.891222],[12.189002,46.884943],[12.1951,46.880085],[12.208743,46.876623],[12.250807,46.875615],[12.26662,46.868148],[12.275819,46.846289],[12.276129,46.83399],[12.273338,46.826755],[12.269618,46.819831],[12.26693,46.808255],[12.266724,46.795336],[12.269101,46.788566],[12.274785,46.784639],[12.284397,46.779988],[12.305274,46.774459],[12.326048,46.772495],[12.342688,46.765131],[12.351473,46.743246],[12.370387,46.711155],[12.40501,46.690123],[12.445627,46.678702],[12.469632,46.675799],[12.444551,46.665423],[12.432136,46.657622],[12.426863,46.651931],[12.423765,46.649449],[12.418491,46.646812],[12.399221,46.639737],[12.394102,46.636122],[12.392102,46.632398],[12.393333,46.625323],[12.39241,46.621807],[12.388674,46.619434],[12.382478,46.618138],[12.371316,46.619115],[12.364966,46.620873],[12.359802,46.623202],[12.356375,46.625476],[12.352354,46.627366],[12.347695,46.628673],[12.34073,46.628157],[12.333281,46.626048],[12.322427,46.620511],[12.313286,46.617259],[12.302432,46.614622],[12.253081,46.610854],[12.237217,46.605888],[12.21397,46.596066],[12.208081,46.594934],[12.204192,46.598417],[12.201709,46.606151],[12.200171,46.609403],[12.177935,46.634804],[12.174375,46.636968],[12.169739,46.638396],[12.147239,46.641077],[12.13856,46.644285],[12.099141,46.667829],[12.094636,46.66829],[12.08967,46.666818],[12.084265,46.660017],[12.081563,46.654876],[12.080332,46.649866],[12.078992,46.636353],[12.077124,46.628157],[12.071191,46.613128],[12.063896,46.599691],[12.054756,46.586772],[12.041572,46.575214],[12.038474,46.571314],[12.036299,46.567128],[12.033816,46.554681],[12.032278,46.55078],[12.030256,46.547495],[12.027927,46.544496],[12.025137,46.541783],[12.022039,46.53941],[12.005867,46.535454],[11.851926,46.514163],[11.832239,46.504034],[11.824373,46.522688],[11.81176,46.530313],[11.801697,46.525677],[11.791458,46.516415],[11.778406,46.510109],[11.715828,46.5138],[11.684099,46.507681],[11.659929,46.493805],[11.641187,46.472722],[11.595308,46.386205],[11.587266,46.376043],[11.5774,46.368089],[11.554197,46.357014],[11.537849,46.353675],[11.490146,46.36109],[11.476567,46.359629],[11.469382,46.35295],[11.463735,46.343765],[11.454858,46.334844],[11.443762,46.330548],[11.419658,46.328076],[11.408474,46.324462],[11.398169,46.315069],[11.39439,46.30417],[11.392434,46.292591],[11.387556,46.281132],[11.370725,46.269036],[11.356047,46.275485],[11.342292,46.287856],[11.328186,46.293503],[11.31821,46.288471],[11.287119,46.259093],[11.242009,46.231177],[11.217246,46.223893],[11.191011,46.227079],[11.175212,46.235857],[11.161457,46.249546],[11.153767,46.266234],[11.156184,46.284021],[11.201755,46.339239],[11.201162,46.347028],[11.214456,46.469317],[11.209687,46.492025],[11.202063,46.50399],[11.192725,46.505638],[11.15915,46.489685],[11.145395,46.48718],[11.131816,46.488565],[11.117578,46.493794],[11.085894,46.523556],[11.055286,46.515613],[11.056934,46.487499],[11.064338,46.458012],[11.051067,46.445982],[11.037971,46.451244],[11.011428,46.472415],[10.997388,46.479182],[10.839932,46.430722],[10.797546,46.446938],[10.776211,46.475403],[10.76272,46.484302],[10.745229,46.484939],[10.657493,46.449497],[10.624709,46.454452],[10.616755,46.460055],[10.569316,46.480885],[10.541345,46.489466],[10.493862,46.494475],[10.488435,46.497365],[10.482393,46.501507],[10.472461,46.512713],[10.467978,46.518733],[10.457585,46.542639],[10.451829,46.546704]]]}},{"type":"Feature","properties":{"id":"FR-57","country":"FR","name_en":"Moselle"},"geometry":{"type":"Polygon","coordinates":[[[6.345307,49.455349],[6.353855,49.45476],[6.3645,49.456104],[6.383517,49.46463],[6.391682,49.466697],[6.402741,49.465457],[6.494518,49.435537],[6.511674,49.424736],[6.517876,49.416416],[6.520563,49.408148],[6.520769,49.402567],[6.518806,49.402154],[6.52573,49.395487],[6.574306,49.361794],[6.577717,49.3558],[6.573376,49.347738],[6.555599,49.34717],[6.550122,49.338023],[6.556426,49.326396],[6.573169,49.313115],[6.639677,49.271154],[6.641227,49.266916],[6.63916,49.256788],[6.640297,49.252757],[6.645671,49.250018],[6.659521,49.246763],[6.663758,49.243869],[6.671613,49.225317],[6.674817,49.221131],[6.675954,49.218909],[6.677918,49.211054],[6.680605,49.207489],[6.685049,49.207799],[6.698485,49.213586],[6.702516,49.213638],[6.70882,49.197773],[6.703756,49.185113],[6.700965,49.172865],[6.713781,49.158861],[6.725563,49.155554],[6.770108,49.155295],[6.809072,49.145839],[6.821785,49.147751],[6.839045,49.162788],[6.835221,49.179377],[6.827676,49.195551],[6.833464,49.209452],[6.843489,49.211054],[6.885243,49.204801],[6.914389,49.206662],[6.925448,49.205576],[6.987873,49.182425],[7.009474,49.181702],[7.008957,49.146407],[7.020532,49.118967],[7.042546,49.107598],[7.073242,49.12031],[7.074793,49.125375],[7.071589,49.130594],[7.070762,49.136123],[7.079857,49.142014],[7.085335,49.141549],[7.123575,49.123308],[7.139285,49.117933],[7.154994,49.114419],[7.241191,49.113902],[7.268062,49.105634],[7.274367,49.105014],[7.280258,49.108993],[7.2908,49.123101],[7.297105,49.128114],[7.305993,49.130129],[7.326457,49.131834],[7.334002,49.13416],[7.339066,49.139689],[7.3463,49.15421],[7.350951,49.159171],[7.367591,49.165372],[7.371634,49.166174],[7.391052,49.170023],[7.410483,49.168938],[7.414823,49.157776],[7.458025,49.155864],[7.476112,49.151523],[7.482726,49.137054],[7.475285,49.133901],[7.472804,49.131628],[7.471047,49.12832],[7.485103,49.118708],[7.507738,49.094576],[7.520863,49.083672],[7.542671,49.074577],[7.586389,49.069564],[7.60861,49.061968],[7.615948,49.055973],[7.625663,49.043002],[7.634965,49.037783],[7.644932,49.036295],[7.611401,48.996238],[7.589648,48.96117],[7.580969,48.951227],[7.572905,48.94368],[7.564072,48.939648],[7.554602,48.937945],[7.545154,48.937967],[7.536167,48.940472],[7.509294,48.953392],[7.499978,48.956852],[7.490683,48.958852],[7.480598,48.958973],[7.373855,48.944405],[7.341709,48.943372],[7.320154,48.946778],[7.30987,48.95014],[7.301806,48.954743],[7.296841,48.960939],[7.294687,48.967454],[7.291413,48.973343],[7.284448,48.977474],[7.275461,48.980011],[7.234944,48.98724],[7.196294,48.998194],[7.15582,49.005643],[7.145427,49.009905],[7.137319,49.015014],[7.132661,49.020935],[7.12352,49.049928],[7.119192,49.056388],[7.112666,49.06186],[7.097329,49.065683],[7.08643,49.064551],[7.078674,49.060157],[7.077729,49.054114],[7.083157,49.041194],[7.082541,49.035251],[7.077268,49.029461],[7.061623,49.017629],[7.055097,49.011476],[7.047034,49.000237],[7.046418,48.99882],[7.045495,48.995821],[7.04488,48.991064],[7.04488,48.985845],[7.044573,48.981352],[7.042859,48.977342],[7.037278,48.971925],[7.000957,48.951634],[6.991487,48.943888],[6.985137,48.936857],[6.980786,48.930068],[6.978303,48.923684],[6.977073,48.917532],[6.977995,48.911281],[6.981094,48.90492],[6.986213,48.898669],[6.993354,48.893296],[6.999551,48.889363],[7.015217,48.882343],[7.071379,48.864051],[7.090495,48.861458],[7.096384,48.85803],[7.096714,48.852471],[7.080366,48.839914],[7.074939,48.831597],[7.074939,48.824544],[7.081465,48.820018],[7.088496,48.816348],[7.093132,48.810668],[7.098867,48.798078],[7.103218,48.79253],[7.110974,48.789091],[7.120115,48.789399],[7.129255,48.793145],[7.135144,48.798935],[7.14668,48.812679],[7.155051,48.816095],[7.162654,48.818315],[7.175354,48.820281],[7.183879,48.824621],[7.188845,48.830971],[7.188999,48.838617],[7.191636,48.847351],[7.196909,48.85268],[7.204402,48.854174],[7.210906,48.851691],[7.214004,48.846813],[7.215102,48.841001],[7.215102,48.835058],[7.216333,48.829839],[7.222068,48.82539],[7.238965,48.821567],[7.247644,48.81837],[7.304136,48.775468],[7.30987,48.770304],[7.314265,48.7648],[7.316748,48.75945],[7.317671,48.75589],[7.317209,48.750793],[7.316594,48.747673],[7.313342,48.740795],[7.28893,48.710671],[7.272671,48.695839],[7.264914,48.684886],[7.264761,48.677701],[7.268782,48.672043],[7.276692,48.668088],[7.286623,48.665088],[7.294841,48.661375],[7.300422,48.65564],[7.297478,48.644884],[7.285832,48.621736],[7.277307,48.597292],[7.270495,48.584218],[7.262893,48.575791],[7.253379,48.568431],[7.213696,48.55316],[7.208423,48.547787],[7.201457,48.536625],[7.19302,48.533527],[7.098098,48.529231],[7.08865,48.523442],[6.970437,48.610992],[6.925437,48.626361],[6.911726,48.62601],[6.883052,48.620528],[6.868418,48.620121],[6.706897,48.668099],[6.666489,48.694839],[6.624367,48.704595],[6.598923,48.715735],[6.589958,48.723107],[6.565964,48.751913],[6.557615,48.755022],[6.520679,48.754451],[6.497278,48.761087],[6.453728,48.783147],[6.433183,48.78908],[6.411826,48.786103],[6.391413,48.779819],[6.371506,48.780203],[6.312707,48.833091],[6.302292,48.847077],[6.298337,48.859085],[6.298711,48.87061],[6.302951,48.881453],[6.31062,48.891418],[6.319958,48.89835],[6.322639,48.902195],[6.322793,48.908974],[6.317937,48.918257],[6.308664,48.924607],[6.287527,48.931276],[6.143166,48.934561],[6.128489,48.94212],[6.117239,48.960236],[6.108493,48.966322],[6.063449,48.975979],[6.05176,48.981143],[6.048069,48.987427],[6.045036,49.00762],[6.040708,49.014805],[6.034358,49.020144],[5.967385,49.041491],[5.954333,49.052598],[5.935041,49.084008],[5.93469,49.098565],[5.949455,49.107695],[5.99206,49.118549],[6.009397,49.130942],[6.015549,49.15198],[6.007969,49.16712],[5.994455,49.184313],[5.986545,49.20065],[5.995752,49.213229],[6.011946,49.222392],[6.01968,49.232258],[6.019724,49.244331],[6.008957,49.268743],[6.004035,49.293089],[5.996059,49.304811],[5.97011,49.317764],[5.961123,49.331585],[5.956882,49.347109],[5.953037,49.352964],[5.94561,49.359084],[5.932976,49.365829],[5.927549,49.370081],[5.924099,49.376497],[5.92489,49.389637],[5.938491,49.417037],[5.942204,49.43033],[5.937612,49.455972],[5.928142,49.482306],[5.946954,49.469953],[5.9607,49.441324],[5.978064,49.445097],[6.06333,49.448456],[6.078006,49.452021],[6.087721,49.461633],[6.099813,49.46463],[6.102087,49.470005],[6.101984,49.476413],[6.107255,49.48251],[6.114386,49.484371],[6.142601,49.486076],[6.13609,49.495275],[6.193554,49.499409],[6.221976,49.497445],[6.249365,49.490314],[6.251117,49.48946],[6.298768,49.466232],[6.325329,49.456724],[6.345307,49.455349]]]}},{"type":"Feature","properties":{"id":"FR-67","country":"FR","name_en":"Bas-Rhin"},"geometry":{"type":"Polygon","coordinates":[[[7.644932,49.036295],[7.648814,49.035716],[7.660803,49.037731],[7.672482,49.041039],[7.685091,49.042796],[7.69615,49.041555],[7.717337,49.036595],[7.726949,49.035664],[7.739145,49.037731],[7.762606,49.046155],[7.773665,49.048118],[7.856864,49.032254],[7.913811,49.036181],[7.931898,49.034838],[8.090441,48.979182],[8.18873,48.965746],[8.200305,48.958563],[8.199892,48.95825],[8.179325,48.942698],[8.148112,48.903734],[8.10274,48.821311],[8.090338,48.807513],[8.08424,48.804051],[8.04755,48.791028],[8.038765,48.79077],[8.036594,48.788289],[8.031943,48.785344],[8.027293,48.780021],[8.025122,48.770616],[8.022952,48.765087],[8.017267,48.761831],[8.009619,48.760074],[7.981507,48.759764],[7.970138,48.757283],[7.964867,48.748343],[7.963627,48.729275],[7.959183,48.721368],[7.948434,48.71186],[7.935205,48.703333],[7.92332,48.698217],[7.895931,48.676513],[7.880635,48.667728],[7.864098,48.664162],[7.852419,48.658685],[7.810252,48.615018],[7.801777,48.582359],[7.801673,48.54758],[7.813455,48.526341],[7.813455,48.519468],[7.788444,48.506343],[7.776455,48.498178],[7.771287,48.489109],[7.76922,48.470066],[7.764156,48.460351],[7.757645,48.453891],[7.75072,48.444408],[7.745656,48.433014],[7.738318,48.406607],[7.737181,48.393481],[7.740385,48.381441],[7.746896,48.368677],[7.75196,48.355344],[7.75072,48.341366],[7.736974,48.326664],[7.718578,48.319997],[7.702454,48.311187],[7.69553,48.29018],[7.693463,48.269871],[7.687158,48.252921],[7.676616,48.2384],[7.613364,48.179205],[7.60675,48.166984],[7.604786,48.152566],[7.599722,48.144711],[7.5929,48.138665],[7.585666,48.129725],[7.581976,48.121353],[7.543286,48.122902],[7.525928,48.127395],[7.514436,48.151477],[7.500242,48.153883],[7.483323,48.154048],[7.470073,48.160157],[7.46803,48.172769],[7.473435,48.186062],[7.476159,48.198191],[7.466096,48.207277],[7.303454,48.259956],[7.291567,48.293509],[7.264035,48.300694],[7.20873,48.303407],[7.209038,48.315273],[7.203149,48.3217],[7.188537,48.331005],[7.175815,48.333433],[7.144197,48.332093],[7.134836,48.333169],[7.126772,48.334982],[7.11561,48.338915],[7.109875,48.342266],[7.107392,48.34576],[7.104294,48.352604],[7.107239,48.3618],[7.115764,48.377873],[7.118093,48.387123],[7.118708,48.402054],[7.126772,48.447328],[7.127717,48.4841],[7.133606,48.491823],[7.141208,48.496547],[7.148855,48.499887],[7.139494,48.504688],[7.08865,48.523442],[7.098098,48.529231],[7.19302,48.533527],[7.201457,48.536625],[7.208423,48.547787],[7.213696,48.55316],[7.253379,48.568431],[7.262893,48.575791],[7.270495,48.584218],[7.277307,48.597292],[7.285832,48.621736],[7.297478,48.644884],[7.300422,48.65564],[7.294841,48.661375],[7.286623,48.665088],[7.276692,48.668088],[7.268782,48.672043],[7.264761,48.677701],[7.264914,48.684886],[7.272671,48.695839],[7.28893,48.710671],[7.313342,48.740795],[7.316594,48.747673],[7.317209,48.750793],[7.317671,48.75589],[7.316748,48.75945],[7.314265,48.7648],[7.30987,48.770304],[7.304136,48.775468],[7.247644,48.81837],[7.238965,48.821567],[7.222068,48.82539],[7.216333,48.829839],[7.215102,48.835058],[7.215102,48.841001],[7.214004,48.846813],[7.210906,48.851691],[7.204402,48.854174],[7.196909,48.85268],[7.191636,48.847351],[7.188999,48.838617],[7.188845,48.830971],[7.183879,48.824621],[7.175354,48.820281],[7.162654,48.818315],[7.155051,48.816095],[7.14668,48.812679],[7.135144,48.798935],[7.129255,48.793145],[7.120115,48.789399],[7.110974,48.789091],[7.103218,48.79253],[7.098867,48.798078],[7.093132,48.810668],[7.088496,48.816348],[7.081465,48.820018],[7.074939,48.824544],[7.074939,48.831597],[7.080366,48.839914],[7.096714,48.852471],[7.096384,48.85803],[7.090495,48.861458],[7.071379,48.864051],[7.015217,48.882343],[6.999551,48.889363],[6.993354,48.893296],[6.986213,48.898669],[6.981094,48.90492],[6.977995,48.911281],[6.977073,48.917532],[6.978303,48.923684],[6.980786,48.930068],[6.985137,48.936857],[6.991487,48.943888],[7.000957,48.951634],[7.037278,48.971925],[7.042859,48.977342],[7.044573,48.981352],[7.04488,48.985845],[7.04488,48.991064],[7.045495,48.995821],[7.046418,48.99882],[7.047034,49.000237],[7.055097,49.011476],[7.061623,49.017629],[7.077268,49.029461],[7.082541,49.035251],[7.083157,49.041194],[7.077729,49.054114],[7.078674,49.060157],[7.08643,49.064551],[7.097329,49.065683],[7.112666,49.06186],[7.119192,49.056388],[7.12352,49.049928],[7.132661,49.020935],[7.137319,49.015014],[7.145427,49.009905],[7.15582,49.005643],[7.196294,48.998194],[7.234944,48.98724],[7.275461,48.980011],[7.284448,48.977474],[7.291413,48.973343],[7.294687,48.967454],[7.296841,48.960939],[7.301806,48.954743],[7.30987,48.95014],[7.320154,48.946778],[7.341709,48.943372],[7.373855,48.944405],[7.480598,48.958973],[7.490683,48.958852],[7.499978,48.956852],[7.509294,48.953392],[7.536167,48.940472],[7.545154,48.937967],[7.554602,48.937945],[7.564072,48.939648],[7.572905,48.94368],[7.580969,48.951227],[7.589648,48.96117],[7.611401,48.996238],[7.644932,49.036295]]]}},{"type":"Feature","properties":{"id":"FR-68","country":"FR","name_en":"Haut-Rhin"},"geometry":{"type":"Polygon","coordinates":[[[7.581976,48.121353],[7.578948,48.11448],[7.572643,48.094972],[7.575744,48.053709],[7.618945,48.002652],[7.621116,47.97144],[7.611607,47.959399],[7.584942,47.940408],[7.579568,47.92705],[7.580808,47.910798],[7.578948,47.906328],[7.572643,47.896302],[7.568613,47.891367],[7.561998,47.887052],[7.559001,47.882711],[7.557864,47.878526],[7.558381,47.875994],[7.559207,47.873461],[7.559001,47.869017],[7.564168,47.850414],[7.561998,47.839226],[7.548459,47.834239],[7.542878,47.829433],[7.528615,47.797032],[7.525928,47.783157],[7.53833,47.748146],[7.537813,47.731816],[7.531922,47.725202],[7.515386,47.713316],[7.511872,47.707322],[7.514662,47.685798],[7.517866,47.675024],[7.521794,47.670425],[7.536573,47.665205],[7.550112,47.652441],[7.572643,47.622004],[7.578638,47.61694],[7.585046,47.613167],[7.590317,47.607948],[7.592487,47.598414],[7.59011,47.594822],[7.586028,47.584619],[7.585483,47.584479],[7.550319,47.575495],[7.526341,47.566452],[7.520867,47.563416],[7.482726,47.542267],[7.485103,47.541595],[7.501743,47.532965],[7.505154,47.533017],[7.505464,47.523018],[7.501123,47.517307],[7.493062,47.515499],[7.482726,47.516997],[7.476939,47.514879],[7.475595,47.511726],[7.477765,47.507696],[7.484897,47.5009],[7.485776,47.498768],[7.48593,47.498394],[7.485827,47.495784],[7.484483,47.492942],[7.482726,47.491263],[7.46743,47.481909],[7.454511,47.483201],[7.445996,47.486884],[7.441488,47.488834],[7.425986,47.492503],[7.414307,47.490177],[7.41441,47.484028],[7.419474,47.477852],[7.422782,47.475424],[7.427639,47.470747],[7.429293,47.465114],[7.426089,47.455761],[7.420563,47.450857],[7.406349,47.438242],[7.388219,47.433289],[7.378547,47.430646],[7.33693,47.431854],[7.309093,47.432661],[7.282635,47.428889],[7.244808,47.417727],[7.23809,47.416797],[7.230339,47.419019],[7.226308,47.422636],[7.223517,47.426228],[7.219383,47.428476],[7.190031,47.434728],[7.168327,47.443565],[7.162642,47.459895],[7.180833,47.488265],[7.153651,47.486405],[7.142169,47.487651],[7.142285,47.487958],[7.146526,47.499296],[7.150547,47.507975],[7.151316,47.512754],[7.151492,47.51906],[7.150547,47.525312],[7.148701,47.532035],[7.1429,47.540253],[7.134221,47.549712],[7.079751,47.590922],[7.067358,47.595284],[7.05635,47.596635],[7.046572,47.595778],[7.037278,47.59591],[7.02917,47.599502],[7.023435,47.605984],[7.022336,47.613993],[7.023742,47.619475],[7.026533,47.623606],[7.043628,47.639471],[7.048901,47.646238],[7.053098,47.653061],[7.056042,47.659883],[7.057888,47.666442],[7.058679,47.673473],[7.058833,47.680241],[7.055405,47.703114],[7.050307,47.715584],[7.039914,47.725043],[7.023742,47.735667],[6.882722,47.791038],[6.875427,47.796828],[6.870154,47.802255],[6.868923,47.818998],[6.880393,47.820954],[6.907837,47.830721],[6.917285,47.836455],[6.923855,47.843179],[6.925393,47.852814],[6.922141,47.8609],[6.916977,47.868294],[6.914956,47.875688],[6.916977,47.882972],[6.93438,47.902714],[6.941675,47.917436],[6.944773,47.926554],[6.946333,47.934959],[6.947563,47.948285],[6.95176,47.956964],[6.959824,47.967511],[6.995222,48.000196],[7.008537,48.01027],[7.028071,48.034023],[7.059448,48.084659],[7.081157,48.10461],[7.086738,48.113597],[7.086892,48.125385],[7.08208,48.132724],[7.076653,48.1397],[7.07417,48.14605],[7.074939,48.15251],[7.083157,48.164507],[7.20873,48.303407],[7.264035,48.300694],[7.291567,48.293509],[7.303454,48.259956],[7.466096,48.207277],[7.476159,48.198191],[7.473435,48.186062],[7.46803,48.172769],[7.470073,48.160157],[7.483323,48.154048],[7.500242,48.153883],[7.514436,48.151477],[7.525928,48.127395],[7.543286,48.122902],[7.581976,48.121353]]]}},{"type":"Feature","properties":{"id":"DK-83","country":"DK","name_en":"Southern Denmark"},"geometry":{"type":"MultiPolygon","coordinates":[[[[9.317033,54.801617],[9.244066,54.801772],[9.226392,54.805906],[9.219054,54.817792],[9.216057,54.831745],[9.21151,54.841822],[9.194766,54.8504],[8.982686,54.879339],[8.904138,54.897942],[8.824246,54.9059],[8.800889,54.903833],[8.732779,54.889054],[8.695882,54.889984],[8.660776,54.896311],[8.668793,54.91352],[8.661388,54.920315],[8.674815,54.947943],[8.666352,54.973334],[8.650401,54.997992],[8.640961,55.023383],[8.644786,55.055732],[8.656505,55.082506],[8.670909,55.107123],[8.681895,55.133205],[8.575531,55.14411],[8.56365,55.143378],[8.559906,55.135077],[8.557384,55.096381],[8.551117,55.091376],[8.541352,55.090277],[8.528575,55.081977],[8.514822,55.070787],[8.49936,55.065579],[8.483897,55.067613],[8.470225,55.078599],[8.458832,55.103461],[8.460216,55.127387],[8.466482,55.151597],[8.470225,55.177558],[8.488943,55.19717],[8.530528,55.200751],[8.572602,55.193671],[8.593761,55.180976],[8.580333,55.178941],[8.569509,55.173774],[8.552094,55.160549],[8.555186,55.149359],[8.614757,55.144355],[8.669281,55.136908],[8.689464,55.141588],[8.687185,55.16059],[8.668793,55.194648],[8.655935,55.237494],[8.648448,55.28026],[8.650401,55.291734],[8.659353,55.305813],[8.661388,55.314439],[8.659679,55.327216],[8.648448,55.352281],[8.639415,55.397406],[8.632091,55.418769],[8.617686,55.437934],[8.59254,55.449286],[8.556651,55.454291],[8.490001,55.455308],[8.441905,55.463935],[8.401134,55.485663],[8.310395,55.56269],[8.311209,55.56977],[8.332367,55.572008],[8.332367,55.578274],[8.313162,55.582709],[8.290212,55.583808],[8.267833,55.580512],[8.250499,55.572008],[8.239024,55.557929],[8.242035,55.548529],[8.271739,55.530463],[8.262462,55.529202],[8.256358,55.526801],[8.243663,55.516791],[8.266775,55.51439],[8.293956,55.50434],[8.316742,55.489407],[8.326182,55.472113],[8.313324,55.469306],[8.193614,55.525946],[8.1692,55.534084],[8.110606,55.540229],[8.095225,55.549058],[8.094005,55.56391],[8.150238,55.649237],[8.169119,55.687934],[8.181651,55.729071],[8.18336,55.769599],[8.175607,55.801476],[8.175811,55.801478],[8.368306,55.802537],[8.399209,55.790109],[8.424478,55.783753],[8.459722,55.771066],[8.471969,55.769413],[8.490159,55.77148],[8.503027,55.779283],[8.553308,55.811296],[8.555478,55.813493],[8.555943,55.816077],[8.554238,55.819125],[8.549122,55.825456],[8.548502,55.828686],[8.553618,55.831528],[8.560749,55.834112],[8.569586,55.835404],[8.578733,55.835249],[8.588499,55.831476],[8.598886,55.829202],[8.610875,55.827936],[8.627618,55.829797],[8.644052,55.833905],[8.654594,55.834783],[8.687201,55.829952],[8.757481,55.801788],[8.774586,55.798817],[8.806987,55.804553],[8.82311,55.81034],[8.822955,55.8168],[8.817684,55.83375],[8.828278,55.842845],[8.843471,55.872301],[8.880058,55.882584],[8.929099,55.88],[8.959381,55.864006],[8.999275,55.834732],[9.013073,55.828789],[9.047334,55.830908],[9.058083,55.836618],[9.070951,55.835714],[9.079787,55.848271],[9.085058,55.853542],[9.093895,55.85933],[9.102887,55.863205],[9.121077,55.866048],[9.137975,55.873902],[9.18438,55.907105],[9.211665,55.938343],[9.249389,55.942994],[9.34313,55.925476],[9.374756,55.914365],[9.399923,55.901653],[9.450669,55.865789],[9.458265,55.858451],[9.459661,55.853309],[9.462916,55.846101],[9.468807,55.83685],[9.491132,55.821709],[9.516453,55.797576],[9.530406,55.787551],[9.546219,55.784502],[9.581617,55.786828],[9.600686,55.784528],[9.605492,55.77887],[9.602546,55.772668],[9.59836,55.766906],[9.596345,55.760834],[9.597895,55.753393],[9.608747,55.749466],[9.641665,55.746933],[9.663989,55.742954],[9.675513,55.737063],[9.680629,55.728485],[9.679699,55.719648],[9.675565,55.708719],[9.675521,55.708598],[9.583018,55.708889],[9.559581,55.715399],[9.556407,55.711575],[9.554535,55.708808],[9.553477,55.705797],[9.552745,55.701117],[9.573578,55.695461],[9.645518,55.694892],[9.658539,55.690375],[9.710297,55.660142],[9.720958,55.648261],[9.728201,55.637519],[9.738292,55.629706],[9.758149,55.626654],[9.85377,55.626654],[9.837413,55.61522],[9.785492,55.591946],[9.75766,55.571601],[9.744151,55.566352],[9.720876,55.564602],[9.712413,55.560289],[9.710623,55.55093],[9.710297,55.541571],[9.706879,55.537299],[9.643891,55.528306],[9.621104,55.518948],[9.60727,55.516791],[9.595225,55.518378],[9.572765,55.523912],[9.559581,55.523627],[9.562185,55.519517],[9.566417,55.516791],[9.551931,55.505113],[9.514903,55.498196],[9.498057,55.489447],[9.515636,55.48314],[9.534434,55.483832],[9.583669,55.491156],[9.592784,55.494289],[9.602387,55.495795],[9.660167,55.477973],[9.664236,55.466702],[9.659923,55.45303],[9.648936,55.441067],[9.635265,55.435736],[9.60141,55.43183],[9.586762,55.427436],[9.592052,55.416327],[9.60434,55.40119],[9.607921,55.393256],[9.605154,55.382025],[9.599294,55.373358],[9.600841,55.365912],[9.621104,55.358547],[9.633474,55.351996],[9.645274,55.342719],[9.648285,55.332913],[9.634613,55.325019],[9.634613,55.317572],[9.644867,55.31094],[9.681895,55.274644],[9.694184,55.271633],[9.706065,55.265082],[9.710297,55.248684],[9.706554,55.237006],[9.699474,55.229804],[9.692882,55.221015],[9.689789,55.204901],[9.684418,55.197577],[9.67156,55.19245],[9.655772,55.189439],[9.6421,55.188422],[9.583344,55.194648],[9.569835,55.192532],[9.561534,55.187201],[9.554942,55.180569],[9.545909,55.17414],[9.521821,55.165432],[9.507172,55.161933],[9.494395,55.160549],[9.486339,55.156236],[9.486339,55.147406],[9.49464,55.140082],[9.511892,55.140082],[9.511892,55.133205],[9.482432,55.133775],[9.468761,55.131781],[9.456554,55.125718],[9.466645,55.121405],[9.479177,55.119696],[9.508067,55.119534],[9.521332,55.115871],[9.535818,55.106879],[9.559581,55.085395],[9.533702,55.065823],[9.516612,55.056545],[9.498057,55.050686],[9.452403,55.045356],[9.434337,55.037543],[9.442882,55.023383],[9.455251,55.023179],[9.511892,55.036363],[9.537364,55.035386],[9.545909,55.036363],[9.553233,55.039618],[9.560232,55.04442],[9.568533,55.048774],[9.579926,55.050686],[9.601573,55.045396],[9.641856,55.019721],[9.662608,55.009711],[9.71754,55.001166],[9.730968,54.995429],[9.738617,54.980862],[9.760753,54.904975],[9.763194,54.900458],[9.761567,54.897406],[9.751964,54.893012],[9.737071,54.892768],[9.722992,54.89765],[9.711436,54.898586],[9.703461,54.886176],[9.715994,54.883775],[9.727875,54.879462],[9.737804,54.873521],[9.744477,54.866278],[9.748302,54.857856],[9.750255,54.846259],[9.745942,54.836005],[9.731212,54.831529],[9.719574,54.835842],[9.705333,54.85456],[9.696625,54.858873],[9.65504,54.857082],[9.6421,54.858873],[9.623302,54.865302],[9.624685,54.869289],[9.632823,54.873114],[9.634613,54.87934],[9.616954,54.894232],[9.610362,54.903225],[9.617524,54.907294],[9.644216,54.913275],[9.638845,54.92475],[9.615001,54.932685],[9.586762,54.92772],[9.581228,54.92178],[9.568044,54.901435],[9.556814,54.890326],[9.550548,54.882717],[9.545909,54.87934],[9.538341,54.877916],[9.522146,54.879299],[9.515147,54.875922],[9.498057,54.864325],[9.456391,54.843817],[9.442882,54.831529],[9.43629,54.810452],[9.437503,54.810411],[9.436922,54.810144],[9.422143,54.80725],[9.405193,54.808387],[9.385039,54.819394],[9.366952,54.817017],[9.355997,54.811332],[9.341734,54.809059],[9.332019,54.803219],[9.317033,54.801617]]],[[[10.450206,54.899807],[10.466645,54.89057],[10.485688,54.883694],[10.499197,54.874579],[10.498709,54.858873],[10.508149,54.854926],[10.518565,54.851996],[10.440115,54.841498],[10.41863,54.827826],[10.406261,54.824693],[10.383474,54.830756],[10.211436,54.939358],[10.19516,54.961859],[10.18922,54.977484],[10.203868,54.968085],[10.288748,54.940741],[10.313731,54.92772],[10.33725,54.905911],[10.34962,54.896715],[10.364268,54.893012],[10.379405,54.893052],[10.391368,54.895453],[10.395844,54.903469],[10.388845,54.920315],[10.403087,54.908393],[10.415212,54.878485],[10.426036,54.872504],[10.446788,54.872382],[10.460948,54.874498],[10.463634,54.882473],[10.450206,54.899807]]],[[[10.011404,54.975531],[10.02589,54.959784],[10.065115,54.890815],[10.064464,54.881008],[10.050466,54.878852],[10.021983,54.87934],[10.007091,54.874823],[9.987559,54.865912],[9.968028,54.859524],[9.953624,54.862616],[9.937185,54.870917],[9.891124,54.879299],[9.874278,54.886176],[9.874278,54.893012],[9.90089,54.900702],[9.932302,54.892808],[9.963878,54.87995],[9.991547,54.872504],[9.991547,54.87934],[9.943696,54.903632],[9.898285,54.912991],[9.88795,54.91352],[9.87794,54.911322],[9.863536,54.903062],[9.85377,54.899807],[9.814708,54.901068],[9.780935,54.916815],[9.761241,54.943061],[9.764415,54.975531],[9.758149,54.975531],[9.758149,54.981757],[9.780284,54.972846],[9.804047,54.95718],[9.827403,54.945461],[9.847504,54.948188],[9.843272,54.951728],[9.836681,54.958564],[9.832774,54.965155],[9.836681,54.968085],[9.842133,54.970282],[9.835216,54.975165],[9.793712,54.992174],[9.786794,55.000149],[9.799083,55.009711],[9.799083,55.016547],[9.720551,55.012274],[9.706879,55.013129],[9.696951,55.017524],[9.684825,55.018541],[9.674164,55.021064],[9.668793,55.030219],[9.672374,55.034654],[9.691254,55.042792],[9.696625,55.050686],[9.678233,55.050198],[9.661632,55.046536],[9.645518,55.044867],[9.628429,55.050686],[9.628429,55.058051],[9.716645,55.082221],[9.751964,55.085395],[9.793468,55.080756],[9.853038,55.040107],[9.884776,55.030219],[9.929047,55.02619],[9.960948,55.015041],[9.986583,54.997748],[10.011404,54.975531]]],[[[10.854991,55.04385],[10.86199,55.072089],[10.895518,55.121527],[10.934255,55.159654],[10.956716,55.153713],[10.908946,55.030219],[10.889903,54.997382],[10.837738,54.937242],[10.741059,54.752387],[10.731293,54.740058],[10.71754,54.735785],[10.693858,54.735297],[10.681895,54.744818],[10.656423,54.803656],[10.645518,54.814602],[10.632091,54.823432],[10.601085,54.838324],[10.625336,54.839301],[10.64088,54.843207],[10.653494,54.85163],[10.669281,54.866278],[10.678559,54.883043],[10.684418,54.887844],[10.693858,54.882758],[10.698904,54.881171],[10.724457,54.886176],[10.722179,54.896064],[10.717784,54.907294],[10.708995,54.902981],[10.700369,54.901557],[10.691905,54.902981],[10.682953,54.907294],[10.697032,54.931342],[10.718272,54.949164],[10.774099,54.986558],[10.798188,54.996568],[10.854991,55.04385]]],[[[8.47641,55.345445],[8.451671,55.339748],[8.425304,55.355536],[8.402354,55.380032],[8.370942,55.427436],[8.364268,55.449042],[8.37436,55.463284],[8.408214,55.468411],[8.411957,55.438707],[8.428559,55.433539],[8.448904,55.435533],[8.46339,55.427436],[8.463064,55.415717],[8.450206,55.393378],[8.452891,55.383368],[8.46046,55.372382],[8.467459,55.353705],[8.47641,55.345445]]],[[[10.66627,55.064276],[10.62143,55.064276],[10.604747,55.062567],[10.586111,55.057522],[10.568858,55.049872],[10.556407,55.040107],[10.538259,55.029731],[10.516856,55.031317],[10.47755,55.04385],[10.410655,55.046942],[10.388845,55.050686],[10.379161,55.054511],[10.371349,55.059027],[10.362559,55.06273],[10.350922,55.064276],[10.325938,55.062893],[10.312755,55.063666],[10.234223,55.092231],[10.205251,55.093695],[10.197602,55.086086],[10.197032,55.064276],[10.181895,55.070868],[10.158376,55.086656],[10.141775,55.092231],[10.121267,55.092475],[10.083507,55.086982],[10.065929,55.092231],[10.142589,55.1258],[10.156016,55.140082],[10.138682,55.154283],[10.12615,55.17064],[10.112966,55.183783],[10.094005,55.188422],[10.078949,55.18594],[10.067556,55.182278],[10.055837,55.179755],[10.039317,55.180976],[10.016612,55.194281],[10.003591,55.197333],[9.991547,55.188422],[9.994477,55.172797],[10.029145,55.142401],[10.025645,55.125718],[10.020681,55.124457],[9.985525,55.127753],[9.982921,55.130601],[9.984386,55.13467],[9.984141,55.140082],[9.98699,55.13935],[9.989757,55.143378],[9.98878,55.151842],[9.974294,55.174018],[9.972016,55.184719],[9.974294,55.195258],[9.980724,55.204901],[9.979503,55.212836],[9.964122,55.218166],[9.924001,55.223944],[9.911388,55.228502],[9.900157,55.234117],[9.895356,55.239],[9.89324,55.244452],[9.883962,55.253485],[9.881684,55.259508],[9.883962,55.265611],[9.89324,55.274644],[9.895356,55.28026],[9.89324,55.291246],[9.883962,55.308783],[9.881684,55.314439],[9.884776,55.348863],[9.874522,55.353339],[9.858897,55.354071],[9.829845,55.352281],[9.81658,55.355211],[9.802419,55.362372],[9.778087,55.380276],[9.794932,55.383857],[9.81365,55.385159],[9.830089,55.388902],[9.840099,55.400092],[9.785492,55.413764],[9.793712,55.412787],[9.819591,55.413764],[9.809255,55.425482],[9.791026,55.43183],[9.751313,55.434882],[9.737315,55.438178],[9.703461,55.462144],[9.703461,55.468411],[9.730235,55.461493],[9.758474,55.447496],[9.786306,55.437201],[9.812185,55.441067],[9.71339,55.491034],[9.67628,55.495673],[9.68393,55.506049],[9.693533,55.510199],[9.704763,55.512397],[9.717784,55.516791],[9.755138,55.544135],[9.809093,55.550279],[9.827403,55.548407],[9.830821,55.543118],[9.831309,55.534735],[9.840099,55.523627],[9.888194,55.508694],[9.940278,55.519232],[10.039317,55.557766],[10.16863,55.582261],[10.212657,55.600653],[10.237315,55.605536],[10.264171,55.606635],[10.272146,55.605536],[10.272797,55.602525],[10.279063,55.588324],[10.279552,55.58511],[10.29363,55.58808],[10.29713,55.595649],[10.293793,55.616116],[10.307628,55.618232],[10.33839,55.610093],[10.4074,55.582953],[10.423025,55.572008],[10.435395,55.559719],[10.444184,55.553168],[10.453624,55.550279],[10.471934,55.549018],[10.488536,55.545478],[10.518809,55.533433],[10.502452,55.537177],[10.486827,55.537177],[10.475271,55.531968],[10.470714,55.520209],[10.474376,55.515815],[10.489106,55.509101],[10.491222,55.503119],[10.486013,55.494778],[10.477794,55.492499],[10.467784,55.492133],[10.457042,55.489447],[10.419607,55.458808],[10.436046,55.442125],[10.471528,55.443061],[10.491222,55.465277],[10.502452,55.463568],[10.566905,55.482652],[10.604747,55.489447],[10.609141,55.49258],[10.607188,55.499416],[10.602306,55.506252],[10.597667,55.509345],[10.588715,55.510688],[10.579112,55.514106],[10.571056,55.518704],[10.566905,55.523627],[10.569835,55.532416],[10.582286,55.52912],[10.595551,55.521389],[10.601085,55.516791],[10.61378,55.527899],[10.610525,55.543647],[10.600841,55.561225],[10.594249,55.578274],[10.599132,55.573676],[10.614594,55.564602],[10.615001,55.581448],[10.608409,55.606269],[10.608572,55.612982],[10.627615,55.613593],[10.656912,55.594875],[10.704112,55.550279],[10.706065,55.543891],[10.707042,55.53498],[10.709239,55.527045],[10.714366,55.523627],[10.716807,55.52143],[10.738129,55.509345],[10.744477,55.495551],[10.742361,55.487494],[10.733084,55.481879],[10.703949,55.471137],[10.657481,55.459703],[10.58839,55.463365],[10.5713,55.461249],[10.559418,55.455308],[10.554047,55.442572],[10.563324,55.436225],[10.579438,55.435858],[10.594249,55.441067],[10.58961,55.446234],[10.588552,55.449408],[10.595958,55.459662],[10.615733,55.456855],[10.682953,55.447903],[10.697927,55.440253],[10.796641,55.358547],[10.803071,55.349758],[10.82838,55.306586],[10.834321,55.290269],[10.826915,55.290269],[10.815115,55.300849],[10.796886,55.307685],[10.780284,55.304918],[10.77296,55.287095],[10.778656,55.274848],[10.805349,55.250434],[10.813324,55.235582],[10.815196,55.214057],[10.812673,55.194281],[10.806,55.177395],[10.790782,55.156928],[10.787852,55.149482],[10.786632,55.129462],[10.783376,55.124213],[10.7588,55.105292],[10.74936,55.093085],[10.742686,55.081692],[10.733653,55.071845],[10.717784,55.064276],[10.705577,55.062567],[10.66627,55.064276]]]]}}]}
