{"type":"FeatureCollection","features":[{"type":"Feature","properties":{"id":"CA-QC","country":"CA","name_en":"Quebec"},"geometry":{"type":"MultiPolygon","coordinates":[[[[-73.351341,45.004634],[-73.399158,45.004386],[-73.49892,45.003921],[-73.598655,45.003404],[-73.698417,45.002939],[-73.798152,45.002474],[-73.897888,45.001957],[-73.997649,45.00144],[-74.097385,45.000975],[-74.197146,45.000458],[-74.296881,44.999993],[-74.396617,44.999477],[-74.496352,44.999012],[-74.596114,44.998495],[-74.695875,44.99803],[-74.712961,44.999254],[-74.634918,45.014024],[-74.473541,45.067125],[-74.436838,45.08633],[-74.407135,45.114651],[-74.404286,45.123887],[-74.403147,45.135159],[-74.399566,45.144761],[-74.38915,45.14879],[-74.379221,45.150295],[-74.36734,45.154364],[-74.356272,45.159817],[-74.329498,45.178087],[-74.308176,45.183987],[-74.219472,45.197577],[-74.199452,45.203843],[-74.164418,45.228624],[-74.145619,45.233954],[-74.048451,45.23253],[-74.004384,45.245185],[-73.964345,45.267808],[-73.889231,45.337144],[-73.879954,45.341132],[-73.857533,45.340074],[-73.848256,45.34398],[-73.831899,45.355618],[-73.77595,45.381496],[-73.767201,45.388332],[-73.744944,45.412258],[-73.73469,45.418606],[-73.71288,45.421373],[-73.704579,45.426256],[-73.687367,45.43122],[-73.604604,45.422512],[-73.581776,45.42829],[-73.569163,45.428046],[-73.563629,45.419094],[-73.557281,45.414293],[-73.54304,45.416327],[-73.527903,45.421454],[-73.518951,45.426256],[-73.502553,45.447903],[-73.502594,45.463446],[-73.522694,45.504462],[-73.523752,45.513821],[-73.523549,45.527574],[-73.522043,45.539944],[-73.490387,45.584093],[-73.468861,45.599718],[-73.460601,45.608059],[-73.456288,45.618232],[-73.451894,45.635606],[-73.446929,45.642239],[-73.456858,45.672431],[-73.448842,45.704495],[-73.431304,45.732733],[-73.412831,45.751532],[-73.259348,45.854112],[-73.217275,45.89883],[-73.206532,45.915595],[-73.205963,45.932725],[-73.208608,45.950832],[-73.207387,45.970567],[-73.200347,45.981757],[-73.178049,46.004014],[-73.173207,46.01496],[-73.171864,46.026842],[-73.16808,46.035793],[-73.162668,46.043077],[-73.156117,46.049709],[-73.139801,46.058336],[-73.040598,46.073594],[-73.03189,46.082343],[-73.015736,46.093492],[-72.998402,46.10342],[-72.978505,46.115831],[-72.954945,46.130723],[-72.932607,46.144395],[-72.909413,46.135647],[-72.876047,46.136623],[-72.843658,46.141913],[-72.75829,46.172512],[-72.731028,46.176622],[-72.669423,46.215155],[-72.669423,46.230048],[-72.670644,46.247382],[-72.652089,46.258612],[-72.609853,46.276597],[-72.556264,46.305732],[-72.495961,46.3605],[-72.477773,46.368476],[-72.454945,46.371731],[-72.398061,46.396389],[-72.274322,46.420559],[-72.241567,46.443508],[-72.216135,46.47956],[-72.204742,46.500637],[-72.200022,46.515855],[-72.189931,46.526231],[-72.102447,46.560207],[-72.057607,46.566026],[-72.032379,46.566474],[-72.007395,46.571397],[-71.991526,46.583645],[-71.978139,46.599433],[-71.960439,46.614854],[-71.905019,46.63996],[-71.867096,46.666653],[-71.845693,46.66828],[-71.82429,46.661363],[-71.802724,46.649563],[-71.76061,46.634182],[-71.714182,46.632188],[-71.30248,46.745185],[-71.302602,46.745185],[-71.282053,46.753282],[-71.243723,46.775458],[-71.223744,46.779934],[-71.205068,46.787014],[-71.176259,46.823961],[-71.157948,46.840806],[-71.115346,46.85338],[-71.019114,46.851549],[-70.973622,46.861884],[-70.919667,46.897569],[-70.901926,46.902899],[-70.889638,46.901679],[-70.867055,46.896593],[-70.856923,46.895413],[-70.844228,46.898261],[-70.825795,46.911689],[-70.815338,46.91649],[-70.805491,46.916897],[-70.783599,46.9147],[-70.774322,46.91649],[-70.765289,46.922838],[-70.743967,46.946926],[-70.727162,46.956448],[-70.60025,46.997056],[-70.555043,47.002346],[-70.534901,47.010565],[-70.388173,47.115871],[-70.28661,47.209133],[-70.226308,47.286444],[-70.194895,47.315294],[-70.07608,47.368964],[-70.050364,47.40001],[-70.031077,47.469591],[-70.000356,47.499376],[-69.990305,47.503607],[-69.969553,47.508653],[-69.959381,47.512397],[-69.94929,47.520331],[-69.942291,47.529486],[-69.934234,47.537177],[-69.900746,47.5456],[-69.802235,47.622382],[-69.689687,47.728339],[-69.588775,47.814032],[-69.561879,47.82807],[-69.555287,47.834459],[-69.55016,47.843858],[-69.550689,47.849555],[-69.553578,47.857164],[-69.555287,47.872382],[-69.548004,47.889594],[-69.445465,47.991889],[-69.42809,47.998969],[-69.408355,48.001044],[-69.361318,48.013007],[-69.342437,48.020087],[-69.323964,48.030585],[-69.253651,48.092353],[-69.152333,48.146674],[-69.054433,48.232367],[-68.964711,48.287787],[-68.844553,48.342719],[-68.824778,48.365831],[-68.80606,48.372423],[-68.748362,48.372911],[-68.726064,48.37641],[-68.661733,48.412299],[-68.65038,48.420762],[-68.638539,48.431952],[-68.561594,48.451483],[-68.523346,48.470771],[-68.463287,48.528917],[-68.425038,48.547065],[-68.37682,48.550523],[-68.353586,48.555976],[-68.313873,48.586982],[-68.205637,48.641913],[-68.184316,48.647895],[-68.132721,48.652533],[-68.115712,48.659491],[-68.082428,48.684882],[-68.060292,48.693834],[-68.033599,48.697821],[-67.982167,48.698554],[-67.962026,48.701646],[-67.718088,48.796129],[-67.711903,48.800971],[-67.671254,48.817857],[-67.646881,48.825426],[-67.603342,48.832384],[-67.546783,48.862372],[-67.42516,48.873603],[-67.361806,48.903998],[-67.292388,48.924506],[-67.117543,48.96308],[-66.879628,49.046495],[-66.62206,49.122626],[-66.526519,49.133368],[-66.219309,49.207872],[-66.054921,49.224677],[-65.882802,49.224677],[-65.684153,49.24254],[-65.615142,49.26024],[-65.565785,49.266466],[-65.39623,49.261054],[-65.277008,49.244452],[-65.19107,49.237047],[-64.96349,49.219306],[-64.877797,49.195421],[-64.822621,49.189032],[-64.801422,49.18122],[-64.758656,49.157172],[-64.71345,49.138861],[-64.688629,49.132392],[-64.613393,49.123033],[-64.602691,49.118842],[-64.579457,49.105455],[-64.552561,49.097357],[-64.497914,49.061632],[-64.486318,49.05744],[-64.478261,49.055976],[-64.470611,49.052965],[-64.448801,49.034613],[-64.438832,49.02912],[-64.396474,49.011827],[-64.380198,49.001573],[-64.350494,48.975653],[-64.340077,48.970201],[-64.310902,48.964423],[-64.298736,48.959215],[-64.295155,48.95482],[-64.28661,48.940497],[-64.281646,48.934394],[-64.221181,48.894355],[-64.206451,48.869574],[-64.216786,48.828233],[-64.191965,48.799628],[-64.174875,48.784491],[-64.155344,48.774237],[-64.168813,48.761827],[-64.190094,48.772813],[-64.212026,48.791205],[-64.227366,48.800971],[-64.253082,48.806342],[-64.303334,48.830268],[-64.529652,48.882392],[-64.559397,48.88288],[-64.537587,48.876329],[-64.477447,48.841905],[-64.477447,48.835679],[-64.539215,48.830024],[-64.53893,48.821397],[-64.521596,48.817003],[-64.460072,48.828233],[-64.418446,48.826402],[-64.397206,48.821357],[-64.388051,48.811143],[-64.383901,48.808051],[-64.376576,48.799994],[-64.374094,48.791693],[-64.384389,48.787909],[-64.407867,48.79267],[-64.418324,48.791205],[-64.429067,48.780463],[-64.417388,48.774604],[-64.407948,48.775824],[-64.398834,48.779364],[-64.388051,48.780463],[-64.376332,48.776231],[-64.353668,48.762885],[-64.327952,48.755845],[-64.278188,48.725816],[-64.235422,48.678087],[-64.22053,48.6706],[-64.20519,48.666978],[-64.189687,48.657579],[-64.175038,48.644477],[-64.16218,48.629625],[-64.193105,48.622992],[-64.227162,48.625067],[-64.25768,48.619208],[-64.278188,48.58869],[-64.282135,48.569037],[-64.278879,48.561265],[-64.250885,48.550767],[-64.221547,48.533677],[-64.206451,48.528022],[-64.188832,48.526597],[-64.199534,48.520697],[-64.206451,48.513251],[-64.212514,48.504828],[-64.22053,48.495836],[-64.228871,48.492133],[-64.264556,48.486274],[-64.286,48.479234],[-64.305531,48.469428],[-64.319936,48.455878],[-64.326039,48.437812],[-64.312367,48.431586],[-64.329091,48.419623],[-64.359609,48.413031],[-64.444488,48.406846],[-64.496246,48.393663],[-64.545155,48.387519],[-64.662587,48.350165],[-64.683217,48.340318],[-64.711049,48.339301],[-64.723256,48.335395],[-64.712026,48.32921],[-64.704701,48.323717],[-64.701812,48.317084],[-64.70401,48.307481],[-64.707834,48.301744],[-64.714182,48.294908],[-64.721181,48.289374],[-64.726959,48.287055],[-64.731313,48.284003],[-64.737782,48.268785],[-64.756947,48.239732],[-64.765736,48.21898],[-64.779368,48.204047],[-64.908844,48.177191],[-64.924469,48.176256],[-64.938466,48.177314],[-64.95051,48.180854],[-64.960357,48.18769],[-64.963694,48.185858],[-64.963531,48.174994],[-64.959137,48.160956],[-64.949818,48.149848],[-64.987864,48.125963],[-65.051625,48.10163],[-65.18102,48.042833],[-65.285553,48.012641],[-65.384918,48.009263],[-65.404449,48.001451],[-65.4322,48.003282],[-65.459381,48.01081],[-65.477406,48.020087],[-65.481516,48.026068],[-65.487172,48.041327],[-65.491689,48.04682],[-65.503407,48.052069],[-65.536,48.059882],[-65.577219,48.064032],[-65.667633,48.095811],[-65.783844,48.115587],[-65.819976,48.12995],[-65.858713,48.159369],[-65.890452,48.1706],[-65.892974,48.18769],[-65.890981,48.208197],[-65.895741,48.225531],[-65.904408,48.208808],[-65.912953,48.200792],[-65.924062,48.19835],[-65.940419,48.198228],[-65.953033,48.19538],[-65.964019,48.1883],[-66.04601,48.11522],[-66.067047,48.101996],[-66.09557,48.097154],[-66.183095,48.115709],[-66.270619,48.116523],[-66.286855,48.114488],[-66.299794,48.108222],[-66.292063,48.105414],[-66.284291,48.10338],[-66.265045,48.101996],[-66.274729,48.073106],[-66.279368,48.067328],[-66.290028,48.065172],[-66.296132,48.069403],[-66.300649,48.076117],[-66.30663,48.081529],[-66.312571,48.082017],[-66.319569,48.081],[-66.325307,48.081163],[-66.327748,48.085273],[-66.329091,48.089911],[-66.332631,48.094835],[-66.337066,48.099189],[-66.34142,48.101996],[-66.376129,48.114203],[-66.473297,48.120103],[-66.51537,48.1081],[-66.533193,48.07099],[-66.542795,48.058661],[-66.585072,48.061265],[-66.599965,48.044745],[-66.61205,48.046698],[-66.632192,48.054267],[-66.64391,48.051866],[-66.65038,48.046251],[-66.655588,48.039496],[-66.663482,48.033759],[-66.698801,48.024034],[-66.748525,48.017808],[-66.77302,48.008043],[-66.785797,48.005845],[-66.817738,48.006334],[-66.83316,48.004503],[-66.84789,47.998969],[-66.843007,47.996812],[-66.843563,47.996735],[-66.867696,47.997742],[-66.89418,47.992084],[-66.91914,47.98149],[-66.938518,47.967822],[-66.949396,47.948598],[-66.945676,47.932113],[-66.939242,47.917127],[-66.941903,47.902296],[-66.961644,47.894545],[-66.987353,47.903407],[-67.012312,47.917851],[-67.02965,47.926997],[-67.050372,47.929064],[-67.073136,47.926636],[-67.095176,47.920977],[-67.113831,47.913406],[-67.124502,47.907412],[-67.133855,47.901676],[-67.144139,47.896379],[-67.157601,47.891599],[-67.173259,47.887465],[-67.188038,47.884984],[-67.202869,47.885295],[-67.218682,47.889377],[-67.234211,47.893744],[-67.246045,47.894054],[-67.257724,47.892426],[-67.272684,47.890927],[-67.288368,47.892581],[-67.304439,47.895836],[-67.319891,47.896147],[-67.333559,47.888938],[-67.343843,47.869792],[-67.350896,47.849586],[-67.363712,47.839277],[-67.391307,47.849896],[-67.396165,47.855736],[-67.398852,47.86328],[-67.40172,47.87098],[-67.407146,47.87713],[-67.414872,47.881264],[-67.422933,47.884106],[-67.431357,47.886276],[-67.439806,47.888395],[-67.454482,47.893304],[-67.468641,47.899557],[-67.482723,47.906068],[-67.497063,47.911934],[-67.521196,47.919814],[-67.543934,47.925705],[-67.566904,47.930356],[-67.591579,47.934335],[-67.605971,47.938056],[-67.608943,47.943327],[-67.606772,47.950924],[-67.605765,47.96175],[-67.607005,47.968752],[-67.609227,47.980948],[-67.611501,47.99242],[-67.612844,47.997536],[-67.628115,47.997536],[-67.688757,47.997536],[-67.749425,47.997536],[-67.810093,47.997536],[-67.870761,47.997536],[-67.931429,47.997536],[-67.992098,47.997536],[-68.052766,47.997536],[-68.11346,47.997536],[-68.11346,47.988906],[-68.11346,47.98025],[-68.11346,47.971594],[-68.11346,47.962964],[-68.11346,47.954283],[-68.11346,47.945653],[-68.11346,47.936997],[-68.11346,47.928341],[-68.146507,47.928341],[-68.179554,47.928341],[-68.212601,47.928341],[-68.245674,47.928341],[-68.278721,47.928341],[-68.311768,47.928341],[-68.344815,47.928341],[-68.377862,47.928341],[-68.377862,47.890927],[-68.377862,47.853565],[-68.377862,47.816151],[-68.377862,47.778764],[-68.377862,47.741376],[-68.377862,47.703962],[-68.377862,47.666574],[-68.377862,47.629212],[-68.377862,47.608076],[-68.379154,47.587948],[-68.386828,47.558286],[-68.408093,47.536298],[-68.436334,47.518392],[-68.464989,47.501003],[-68.493049,47.4801],[-68.522324,47.457414],[-68.552683,47.436872],[-68.583844,47.422248],[-68.629061,47.407288],[-68.674252,47.392405],[-68.719443,47.377574],[-68.764634,47.362639],[-68.836439,47.343777],[-68.91,47.32985],[-68.983303,47.3152],[-69.054384,47.294219],[-69.06356,47.290809],[-69.065134,47.296339],[-69.066193,47.32967],[-69.054333,47.389253],[-69.054023,47.418399],[-69.069655,47.431886],[-69.221972,47.459688],[-69.237268,47.45881],[-69.25091,47.452919],[-69.267628,47.439844],[-69.357906,47.350134],[-69.448159,47.260346],[-69.538464,47.17061],[-69.628794,47.080797],[-69.719099,46.991086],[-69.809403,46.901299],[-69.899708,46.811562],[-69.989961,46.721697],[-70.007763,46.704075],[-70.023628,46.661287],[-70.032723,46.609766],[-70.050086,46.511271],[-70.061817,46.445409],[-70.074323,46.419545],[-70.153052,46.372829],[-70.167418,46.368179],[-70.188398,46.358412],[-70.197028,46.336863],[-70.199509,46.315262],[-70.201886,46.305495],[-70.223693,46.300793],[-70.236173,46.288339],[-70.253407,46.251493],[-70.280899,46.211857],[-70.284801,46.191859],[-70.263329,46.183229],[-70.249247,46.162765],[-70.244002,46.141009],[-70.24948,46.120597],[-70.26444,46.106593],[-70.30033,46.089281],[-70.312629,46.079566],[-70.311362,46.071866],[-70.304774,46.065975],[-70.300795,46.061737],[-70.296092,46.057862],[-70.293017,46.054038],[-70.29201,46.048663],[-70.294309,46.044943],[-70.303637,46.038483],[-70.306143,46.035331],[-70.316892,45.999002],[-70.316298,45.982982],[-70.303947,45.968616],[-70.280434,45.959315],[-70.263148,45.956834],[-70.255939,45.948876],[-70.262528,45.923038],[-70.283173,45.890482],[-70.312654,45.867641],[-70.389807,45.825059],[-70.409935,45.810745],[-70.415232,45.804389],[-70.41717,45.793795],[-70.413682,45.787697],[-70.408282,45.781651],[-70.403941,45.771161],[-70.402442,45.749663],[-70.407351,45.731525],[-70.419315,45.716901],[-70.439132,45.705893],[-70.450424,45.703723],[-70.4728,45.703568],[-70.484763,45.699641],[-70.514735,45.681709],[-70.572406,45.662279],[-70.589614,45.651788],[-70.686792,45.572723],[-70.730329,45.507973],[-70.732009,45.491591],[-70.722836,45.470921],[-70.707385,45.4564],[-70.668162,45.439036],[-70.650257,45.427461],[-70.641316,45.408496],[-70.65359,45.395473],[-70.675785,45.388704],[-70.696739,45.388652],[-70.718004,45.397282],[-70.75255,45.422345],[-70.771877,45.430045],[-70.794873,45.430406],[-70.812986,45.42343],[-70.825982,45.410459],[-70.833837,45.393096],[-70.835465,45.373097],[-70.83208,45.328552],[-70.835258,45.309794],[-70.842389,45.301215],[-70.862621,45.290363],[-70.870243,45.283129],[-70.872491,45.274189],[-70.870605,45.255275],[-70.874351,45.245663],[-70.892412,45.234604],[-70.906908,45.246232],[-70.951608,45.332014],[-70.968118,45.34452],[-70.993155,45.347827],[-71.016539,45.343125],[-71.027598,45.33465],[-71.036667,45.323385],[-71.054418,45.310362],[-71.064211,45.307055],[-71.084952,45.304293],[-71.085553,45.304213],[-71.095242,45.300905],[-71.111029,45.287108],[-71.141725,45.252329],[-71.160329,45.245767],[-71.185133,45.248557],[-71.20937,45.254758],[-71.293396,45.292327],[-71.311534,45.294136],[-71.334323,45.28871],[-71.3521,45.278323],[-71.381245,45.250779],[-71.394888,45.241529],[-71.438813,45.233468],[-71.449045,45.226905],[-71.42269,45.217189],[-71.406567,45.204942],[-71.413026,45.186184],[-71.441604,45.150682],[-71.445996,45.140295],[-71.451215,45.121691],[-71.45659,45.110994],[-71.497259,45.066553],[-71.504752,45.052962],[-71.506613,45.037045],[-71.50408,45.013739],[-71.505848,45.013731],[-71.603816,45.013274],[-71.703551,45.012757],[-71.803287,45.012241],[-71.903074,45.011776],[-72.00281,45.011259],[-72.102545,45.010794],[-72.202229,45.010329],[-72.301964,45.00976],[-72.401752,45.009295],[-72.501487,45.00883],[-72.601274,45.008313],[-72.700958,45.007797],[-72.800694,45.007331],[-72.900481,45.006866],[-73.000268,45.00635],[-73.099952,45.005885],[-73.199687,45.005419],[-73.299423,45.004903],[-73.351341,45.004634]]],[[[-79.520823,50.942898],[-79.423004,50.856635],[-79.414418,50.843451],[-79.401031,50.816962],[-79.391998,50.805121],[-79.358388,50.780463],[-79.354115,50.770982],[-79.354237,50.756537],[-79.352854,50.743354],[-79.347035,50.733018],[-79.334299,50.726915],[-79.334543,50.768419],[-79.339589,50.791815],[-79.357533,50.802069],[-79.369211,50.811387],[-79.409332,50.870307],[-79.44343,50.903795],[-79.463979,50.919135],[-79.481353,50.925605],[-79.497914,50.934027],[-79.520823,50.965481],[-79.5208,50.965778],[-79.5208,51.026808],[-79.5208,51.139463],[-79.5208,51.252117],[-79.5208,51.364798],[-79.520823,51.466702],[-79.519195,51.467393],[-79.519114,51.483507],[-79.529693,51.509711],[-79.545318,51.536729],[-79.56017,51.555528],[-79.516428,51.560289],[-79.468129,51.580186],[-79.346018,51.661811],[-79.323232,51.666978],[-79.278961,51.642035],[-79.255483,51.638739],[-79.244537,51.630927],[-79.258534,51.603949],[-79.281117,51.572089],[-79.285634,51.551988],[-79.275624,51.531602],[-79.265859,51.527777],[-79.184153,51.525702],[-79.169179,51.528266],[-79.157948,51.533149],[-79.14981,51.538642],[-79.141225,51.542548],[-79.128163,51.542548],[-79.109609,51.530707],[-79.094065,51.518297],[-79.082753,51.506659],[-79.029124,51.479926],[-79.011545,51.467393],[-79.006581,51.455756],[-79.007192,51.431871],[-79.005279,51.419013],[-78.998362,51.406806],[-78.978627,51.389146],[-78.97057,51.377427],[-78.952463,51.311591],[-78.939809,51.29267],[-78.935048,51.281602],[-78.940907,51.272284],[-78.960601,51.257921],[-78.963368,51.247382],[-78.959828,51.232489],[-78.953196,51.219224],[-78.912506,51.182481],[-78.90095,51.177069],[-78.847035,51.164496],[-78.858713,51.176378],[-78.870188,51.192816],[-78.882924,51.207261],[-78.914296,51.219184],[-78.919789,51.232978],[-78.919057,51.250596],[-78.912221,51.289171],[-78.909047,51.296088],[-78.90331,51.304389],[-78.884877,51.319688],[-78.862375,51.344184],[-78.848053,51.350898],[-78.826568,51.350084],[-78.840077,51.362901],[-78.879709,51.374498],[-78.88801,51.387641],[-78.882151,51.403266],[-78.867747,51.413682],[-78.849924,51.422349],[-78.833363,51.432685],[-78.809722,51.460517],[-78.793813,51.474473],[-78.75357,51.486192],[-78.744293,51.487291],[-78.690012,51.487291],[-78.713124,51.506537],[-78.782297,51.503607],[-78.812856,51.514594],[-78.822662,51.537706],[-78.819732,51.567979],[-78.808217,51.595649],[-78.792388,51.610785],[-78.804026,51.613511],[-78.829335,51.614244],[-78.84081,51.617011],[-78.848256,51.624091],[-78.867502,51.646837],[-78.878407,51.651719],[-78.9051,51.65351],[-78.92927,51.660468],[-78.942494,51.675116],[-78.936391,51.700141],[-78.965688,51.711127],[-78.98058,51.718573],[-78.991689,51.726874],[-79.009104,51.753526],[-79.019399,51.76317],[-79.038808,51.7685],[-79.029042,51.785712],[-79.014963,51.796129],[-78.997467,51.801256],[-78.977366,51.802558],[-78.967885,51.801459],[-78.947987,51.796576],[-78.936391,51.795722],[-78.923818,51.798204],[-78.901723,51.807929],[-78.876373,51.814887],[-78.857086,51.82689],[-78.840566,51.842271],[-78.833363,51.857164],[-78.83967,51.868272],[-78.868398,51.890326],[-78.874989,51.908677],[-78.89151,51.932074],[-78.892568,51.946763],[-78.871205,51.953437],[-78.82726,51.957872],[-78.747182,51.976874],[-78.730824,51.987413],[-78.719716,52.013983],[-78.710113,52.015001],[-78.700592,52.01435],[-78.696197,52.018256],[-78.696197,52.029731],[-78.697418,52.039496],[-78.701527,52.048204],[-78.709869,52.056464],[-78.66926,52.055121],[-78.649729,52.058661],[-78.634755,52.069444],[-78.64094,52.07213],[-78.649729,52.079901],[-78.655263,52.083726],[-78.63329,52.093573],[-78.611643,52.098456],[-78.591298,52.106147],[-78.573313,52.124701],[-78.569488,52.13349],[-78.56314,52.155626],[-78.55899,52.165717],[-78.55248,52.174058],[-78.537221,52.18891],[-78.531728,52.199774],[-78.552968,52.236396],[-78.546742,52.246649],[-78.518056,52.255072],[-78.48998,52.2567],[-78.408193,52.24079],[-78.408193,52.248236],[-78.424672,52.255845],[-78.436391,52.264838],[-78.44872,52.272406],[-78.467152,52.27558],[-78.512278,52.277574],[-78.535064,52.275743],[-78.552846,52.268134],[-78.558949,52.288804],[-78.546864,52.304429],[-78.51183,52.330186],[-78.499582,52.355821],[-78.508127,52.367499],[-78.523508,52.376776],[-78.531728,52.395331],[-78.526112,52.399766],[-78.515696,52.410468],[-78.509877,52.421373],[-78.518381,52.426378],[-78.535146,52.43065],[-78.54308,52.44005],[-78.540354,52.449408],[-78.51358,52.457953],[-78.512034,52.467353],[-78.515981,52.476752],[-78.521474,52.480943],[-78.566477,52.48786],[-78.558949,52.497382],[-78.551015,52.50141],[-78.5454,52.505479],[-78.5454,52.515123],[-78.551666,52.524848],[-78.563059,52.533271],[-78.575795,52.539374],[-78.586334,52.542426],[-78.63268,52.531684],[-78.652821,52.531724],[-78.649037,52.549262],[-78.667714,52.555976],[-78.683461,52.552558],[-78.699045,52.545844],[-78.717275,52.542426],[-78.715159,52.546942],[-78.711822,52.558214],[-78.709869,52.562934],[-78.724843,52.562445],[-78.750722,52.568549],[-78.765126,52.57038],[-78.765126,52.577216],[-78.744456,52.577501],[-78.710317,52.594428],[-78.690012,52.597724],[-78.699452,52.605414],[-78.709096,52.61107],[-78.71939,52.614976],[-78.730946,52.61754],[-78.730946,52.624986],[-78.709869,52.624986],[-78.718861,52.638251],[-78.724192,52.652289],[-78.740346,52.646674],[-78.756012,52.64647],[-78.771108,52.650824],[-78.785553,52.659125],[-78.761464,52.683783],[-78.762441,52.696031],[-78.783559,52.700263],[-78.819732,52.70067],[-78.819732,52.706895],[-78.796864,52.708441],[-78.778391,52.713813],[-78.772043,52.724189],[-78.785553,52.741034],[-78.803782,52.745673],[-78.830556,52.749335],[-78.850168,52.757392],[-78.847035,52.775214],[-78.8308,52.782538],[-78.757639,52.78266],[-78.735015,52.789171],[-78.726471,52.798082],[-78.726877,52.811143],[-78.730946,52.83043],[-78.750152,52.820868],[-78.76061,52.817857],[-78.771596,52.816759],[-78.780385,52.819648],[-78.774973,52.826158],[-78.690012,52.885077],[-78.704945,52.885688],[-78.78307,52.871527],[-78.79601,52.870917],[-78.828359,52.874213],[-78.842356,52.877997],[-78.855295,52.883897],[-78.867502,52.892524],[-78.880971,52.911973],[-78.889963,52.922065],[-78.901682,52.926622],[-78.874501,52.939805],[-78.866933,52.949571],[-78.867502,52.967597],[-78.852406,52.960517],[-78.821889,52.967149],[-78.80606,52.96015],[-78.798818,52.964179],[-78.79304,52.968858],[-78.788686,52.974595],[-78.785553,52.981879],[-78.813222,52.981391],[-78.825836,52.983873],[-78.837148,52.991156],[-78.844146,53.002021],[-78.848744,53.011664],[-78.857045,53.017157],[-78.874989,53.015448],[-78.87267,53.012193],[-78.872385,53.011298],[-78.87149,53.010688],[-78.867502,53.008612],[-78.893056,53.001654],[-78.927154,53.004991],[-78.960683,53.015123],[-78.984202,53.028428],[-78.966461,53.031317],[-78.945383,53.03852],[-78.926625,53.049547],[-78.915924,53.063829],[-78.929433,53.072211],[-78.943959,53.072699],[-78.959869,53.070258],[-78.977366,53.070014],[-78.915924,53.166205],[-78.93928,53.180365],[-78.937367,53.186713],[-78.921213,53.191392],[-78.901682,53.200995],[-78.906484,53.208564],[-78.912465,53.214301],[-78.91983,53.21837],[-78.928944,53.220893],[-78.919667,53.224799],[-78.893422,53.229844],[-78.88801,53.231757],[-78.891184,53.242621],[-78.899281,53.248236],[-78.910512,53.249701],[-78.922719,53.248155],[-78.90331,53.259589],[-78.895416,53.261786],[-78.895416,53.268622],[-78.905914,53.269599],[-78.920277,53.272813],[-78.934193,53.277655],[-78.943227,53.282945],[-78.952016,53.29149],[-78.953725,53.295111],[-78.939809,53.30622],[-78.937367,53.317003],[-78.946278,53.327338],[-78.958119,53.336615],[-78.964345,53.344428],[-78.962026,53.357123],[-78.946889,53.370347],[-78.943227,53.381903],[-78.944936,53.392279],[-78.949818,53.402289],[-78.957387,53.409735],[-78.967437,53.412665],[-78.97289,53.418524],[-78.985666,53.445746],[-78.991689,53.453599],[-79.003814,53.455797],[-79.018788,53.454047],[-79.032867,53.449571],[-79.042551,53.443671],[-79.053334,53.439317],[-79.063222,53.441962],[-79.065256,53.447862],[-79.05248,53.453599],[-79.05248,53.461046],[-79.076283,53.469428],[-79.087758,53.480414],[-79.097035,53.493598],[-79.114573,53.508857],[-79.094594,53.522284],[-79.070058,53.530626],[-79.042063,53.53498],[-79.030019,53.535102],[-79.038238,53.532823],[-79.046254,53.529364],[-79.038808,53.522528],[-79.046254,53.516303],[-79.028432,53.499091],[-79.00414,53.497667],[-78.978424,53.505479],[-78.956899,53.516303],[-78.967763,53.52143],[-78.992177,53.527574],[-79.001576,53.532782],[-79.013905,53.547919],[-79.021067,53.553697],[-79.032582,53.556627],[-79.019521,53.570868],[-78.999867,53.56684],[-78.978586,53.555976],[-78.960601,53.549791],[-78.932607,53.555121],[-78.923085,53.566718],[-78.931304,53.578599],[-78.956899,53.584581],[-78.956899,53.590766],[-78.954701,53.600084],[-78.965199,53.608954],[-78.98176,53.615424],[-78.997874,53.618109],[-79.025217,53.604438],[-79.035959,53.602769],[-79.055328,53.601874],[-79.066151,53.598212],[-79.062367,53.609565],[-79.056304,53.620347],[-79.048411,53.630235],[-79.038808,53.639228],[-79.023101,53.632066],[-79.012603,53.637803],[-79.007558,53.64765],[-79.008412,53.652818],[-79.022817,53.65294],[-79.033762,53.654731],[-79.041412,53.660509],[-79.046254,53.672716],[-79.036244,53.671576],[-79.023508,53.672675],[-79.013336,53.677314],[-79.011545,53.686998],[-79.019276,53.693915],[-79.03303,53.695868],[-79.059316,53.694444],[-79.085276,53.696601],[-79.130483,53.706],[-79.156117,53.708075],[-79.145497,53.719428],[-79.126943,53.722846],[-79.057362,53.720038],[-79.048818,53.725653],[-79.038808,53.741645],[-79.062611,53.744086],[-79.063385,53.757148],[-79.046254,53.790025],[-79.055084,53.791571],[-79.060902,53.794257],[-79.073598,53.803656],[-79.01891,53.824164],[-79.035146,53.830024],[-79.04308,53.831122],[-79.05248,53.831],[-79.05248,53.837836],[-79.013499,53.845893],[-78.976796,53.836005],[-78.940297,53.821967],[-78.901682,53.817328],[-78.928619,53.843451],[-78.971425,53.855089],[-79.066151,53.857652],[-79.058909,53.880194],[-79.066558,53.894273],[-79.084462,53.902167],[-79.107737,53.906114],[-79.080149,53.916327],[-79.050771,53.916205],[-79.020904,53.912665],[-78.991689,53.912909],[-79.022288,53.935981],[-79.099192,53.949408],[-79.135081,53.961371],[-79.073638,53.948554],[-79.042348,53.947211],[-79.025217,53.961371],[-79.042836,53.961249],[-79.076405,53.967597],[-79.038808,53.967597],[-79.048004,53.979682],[-79.064036,53.983466],[-79.100901,53.981798],[-79.091705,53.986802],[-79.081614,53.989366],[-79.070709,53.989976],[-79.059316,53.989244],[-79.062734,53.993109],[-79.064931,53.996283],[-79.067983,53.999213],[-79.073598,54.002305],[-79.04898,54.010118],[-78.964345,54.002305],[-78.979563,54.019232],[-79.023508,54.033922],[-79.032582,54.046983],[-79.043691,54.043199],[-79.107737,54.063788],[-79.103586,54.065294],[-79.100738,54.066759],[-79.094065,54.071234],[-79.137115,54.082994],[-79.269358,54.083564],[-79.292633,54.091051],[-79.266469,54.099351],[-79.169179,54.091051],[-79.175038,54.111518],[-79.156809,54.112128],[-79.129384,54.107489],[-79.107737,54.112128],[-79.124094,54.119696],[-79.128651,54.128526],[-79.12267,54.132514],[-79.107737,54.12519],[-79.104644,54.129014],[-79.102895,54.131903],[-79.101796,54.134955],[-79.100901,54.139472],[-79.110341,54.143134],[-79.120595,54.145494],[-79.131418,54.14643],[-79.142445,54.145697],[-79.129547,54.154364],[-79.115346,54.158271],[-79.083485,54.159288],[-79.072499,54.162095],[-79.057362,54.175605],[-79.046254,54.180487],[-79.068918,54.187486],[-79.101389,54.187608],[-79.162343,54.180487],[-79.213938,54.163398],[-79.238271,54.161689],[-79.238026,54.180487],[-79.261057,54.174547],[-79.273101,54.173204],[-79.285878,54.173651],[-79.29186,54.188422],[-79.320546,54.196723],[-79.355946,54.198554],[-79.382069,54.194078],[-79.371816,54.206244],[-79.357533,54.21544],[-79.326812,54.228217],[-79.326812,54.235053],[-79.340443,54.242499],[-79.334299,54.248725],[-79.322255,54.244371],[-79.305409,54.241563],[-79.290883,54.244086],[-79.285878,54.255561],[-79.293202,54.261461],[-79.408111,54.27086],[-79.443512,54.283515],[-79.430898,54.293647],[-79.424875,54.295966],[-79.415598,54.297187],[-79.424184,54.306952],[-79.435658,54.310492],[-79.463979,54.310167],[-79.457387,54.330878],[-79.463368,54.353339],[-79.479888,54.369696],[-79.504994,54.37226],[-79.50182,54.3758],[-79.499664,54.37934],[-79.496734,54.382676],[-79.491322,54.38585],[-79.493235,54.390448],[-79.496165,54.401923],[-79.498158,54.406358],[-79.485422,54.405748],[-79.473297,54.407335],[-79.450307,54.413804],[-79.450307,54.42003],[-79.490468,54.426703],[-79.504994,54.426825],[-79.494252,54.44953],[-79.490631,54.462592],[-79.49474,54.468451],[-79.504506,54.473009],[-79.513783,54.483385],[-79.519643,54.494696],[-79.519195,54.501939],[-79.528554,54.501654],[-79.537099,54.502427],[-79.545237,54.504828],[-79.553375,54.509385],[-79.529164,54.517076],[-79.539866,54.53502],[-79.569244,54.552069],[-79.601186,54.557196],[-79.601186,54.564643],[-79.550404,54.569688],[-79.529408,54.577216],[-79.525461,54.591376],[-79.538726,54.604356],[-79.559478,54.608954],[-79.582143,54.606391],[-79.601186,54.598131],[-79.596669,54.593817],[-79.59203,54.591864],[-79.586903,54.591376],[-79.580678,54.591376],[-79.606353,54.580756],[-79.619862,54.57746],[-79.635325,54.577704],[-79.622467,54.593248],[-79.604807,54.607733],[-79.59203,54.621039],[-79.593739,54.632921],[-79.690541,54.632921],[-79.653676,54.642524],[-79.648305,54.649726],[-79.651438,54.660997],[-79.659495,54.669298],[-79.670644,54.673896],[-79.683095,54.673896],[-79.674469,54.658922],[-79.699452,54.65294],[-79.765614,54.652777],[-79.765614,54.659613],[-79.741811,54.662299],[-79.67634,54.693793],[-79.664052,54.696601],[-79.653188,54.697943],[-79.643544,54.700751],[-79.640981,54.716051],[-79.645985,54.72602],[-79.642934,54.738227],[-79.628489,54.742174],[-79.638092,54.735948],[-79.641916,54.728461],[-79.636057,54.719794],[-79.628489,54.71483],[-79.616933,54.714667],[-79.595367,54.725653],[-79.572377,54.730658],[-79.547109,54.739976],[-79.516021,54.743883],[-79.505198,54.747992],[-79.496002,54.752753],[-79.484486,54.756415],[-79.410878,54.762681],[-79.391998,54.773179],[-79.384145,54.775336],[-79.337392,54.776923],[-79.324615,54.779731],[-79.292633,54.797431],[-78.967437,54.851996],[-78.951161,54.857978],[-78.895416,54.899766],[-78.874867,54.90766],[-78.773061,54.926134],[-78.726674,54.944322],[-78.677602,54.95128],[-78.629262,54.964952],[-78.603749,54.968085],[-78.578277,54.975694],[-78.529652,55.003852],[-78.504384,55.002875],[-78.449778,55.023383],[-78.392242,55.027533],[-78.378082,55.033271],[-78.364613,55.040635],[-78.312611,55.058051],[-78.270172,55.081651],[-78.261138,55.085395],[-78.237416,55.092231],[-78.155588,55.140082],[-78.045725,55.180976],[-78.05191,55.180976],[-78.007802,55.188666],[-77.87442,55.248643],[-77.800526,55.264106],[-77.781606,55.273505],[-77.674957,55.366929],[-77.657786,55.372789],[-77.635976,55.376817],[-77.237538,55.591742],[-77.164622,55.643256],[-77.13801,55.657701],[-77.112904,55.67536],[-77.093007,55.701117],[-77.088694,55.714219],[-77.095774,55.712755],[-77.10912,55.705512],[-77.139394,55.697455],[-77.169993,55.682969],[-77.189198,55.681871],[-77.163808,55.709174],[-77.044545,55.783026],[-76.901194,55.900336],[-76.841908,55.933661],[-76.822011,55.95185],[-76.817047,55.960191],[-76.813344,55.977484],[-76.808705,55.986029],[-76.796986,55.994208],[-76.78185,55.998155],[-76.750356,56.002753],[-76.711537,56.018622],[-76.681549,56.042914],[-76.658681,56.072984],[-76.62206,56.139472],[-76.618764,56.166083],[-76.615549,56.176703],[-76.588857,56.23786],[-76.578481,56.255805],[-76.545155,56.29503],[-76.535756,56.318468],[-76.531565,56.343614],[-76.530629,56.369615],[-76.526235,56.390245],[-76.518422,56.413642],[-76.515126,56.438178],[-76.524403,56.462104],[-76.516957,56.46955],[-76.52245,56.481635],[-76.526031,56.493964],[-76.526967,56.50434],[-76.524403,56.510484],[-76.528147,56.531806],[-76.527455,56.594468],[-76.507192,56.711493],[-76.510732,56.7296],[-76.504303,56.764106],[-76.503733,56.783759],[-76.510732,56.797838],[-76.50886,56.814561],[-76.520985,56.855536],[-76.527659,56.897895],[-76.541656,56.938666],[-76.547027,56.979722],[-76.556142,57.016059],[-76.557932,57.031236],[-76.552602,57.053209],[-76.532867,57.087226],[-76.531077,57.102769],[-76.532704,57.115302],[-76.539784,57.124742],[-76.549062,57.132066],[-76.557932,57.141099],[-76.564605,57.15351],[-76.56664,57.164008],[-76.565338,57.192003],[-76.589345,57.271308],[-76.656606,57.404364],[-76.665191,57.41649],[-76.678334,57.421698],[-76.686269,57.427191],[-76.701283,57.453559],[-76.70934,57.462633],[-76.701975,57.462633],[-76.697743,57.462633],[-76.696116,57.463446],[-76.695302,57.465806],[-76.695709,57.469428],[-76.714996,57.473334],[-76.734975,57.499864],[-76.764638,57.558824],[-76.79662,57.598619],[-76.805572,57.613471],[-76.808705,57.675523],[-76.860219,57.719916],[-76.895741,57.762926],[-76.904612,57.770494],[-76.913645,57.776435],[-76.926137,57.789984],[-76.937327,57.805121],[-76.942128,57.815863],[-76.949818,57.827826],[-76.980377,57.846503],[-76.983062,57.853705],[-76.997222,57.857367],[-77.00829,57.866034],[-77.054067,57.929877],[-77.066274,57.943061],[-77.071116,57.949774],[-77.074371,57.956407],[-77.079335,57.961493],[-77.089223,57.963568],[-77.099355,57.964097],[-77.106272,57.966173],[-77.112416,57.97016],[-77.120269,57.976549],[-77.127268,57.984931],[-77.139516,58.007025],[-77.148264,58.017524],[-77.201812,58.05622],[-77.264272,58.086412],[-77.28303,58.090522],[-77.322662,58.09455],[-77.339996,58.100084],[-77.35676,58.111436],[-77.386545,58.138048],[-77.401479,58.147895],[-77.394602,58.147895],[-77.418935,58.148179],[-77.490834,58.168402],[-77.472646,58.174913],[-77.453969,58.177843],[-77.445058,58.184638],[-77.456044,58.203111],[-77.470611,58.211982],[-77.531809,58.230414],[-77.600697,58.271348],[-77.623158,58.278428],[-77.696278,58.285102],[-77.71524,58.291612],[-77.770741,58.319159],[-77.956288,58.360175],[-78.012034,58.384833],[-78.031484,58.388129],[-78.015859,58.412177],[-78.014475,58.424018],[-78.027984,58.429023],[-78.044911,58.432929],[-78.067779,58.450873],[-78.078765,58.455878],[-78.111195,58.453111],[-78.127675,58.454779],[-78.134429,58.46662],[-78.143707,58.475694],[-78.202748,58.504828],[-78.267323,58.519151],[-78.278472,58.528388],[-78.282826,58.536566],[-78.312611,58.573065],[-78.371897,58.614],[-78.409332,58.629706],[-78.429921,58.620836],[-78.417388,58.600694],[-78.383372,58.577216],[-78.320058,58.546373],[-78.344553,58.538398],[-78.372385,58.541938],[-78.398793,58.553412],[-78.419057,58.569322],[-78.42809,58.574327],[-78.438222,58.576239],[-78.446441,58.579698],[-78.45226,58.599066],[-78.45873,58.606757],[-78.4676,58.612006],[-78.477406,58.614],[-78.526845,58.607733],[-78.548818,58.608873],[-78.566477,58.620836],[-78.570953,58.638658],[-78.563629,58.653062],[-78.559438,58.664984],[-78.573313,58.675482],[-78.55663,58.68065],[-78.535797,58.681871],[-78.520009,58.685248],[-78.518056,58.696601],[-78.498199,58.702745],[-78.48705,58.697374],[-78.475087,58.698472],[-78.468577,58.706],[-78.473704,58.72016],[-78.483551,58.731391],[-78.493398,58.738959],[-78.534535,58.759101],[-78.54247,58.765204],[-78.545155,58.773668],[-78.5454,58.788764],[-78.538319,58.795478],[-78.523427,58.791246],[-78.510162,58.783393],[-78.508168,58.77912],[-78.496409,58.783067],[-78.490142,58.793158],[-78.488515,58.806464],[-78.490793,58.820054],[-78.496165,58.831855],[-78.503326,58.84044],[-78.521474,58.857367],[-78.535756,58.880927],[-78.5454,58.902045],[-78.54776,58.91706],[-78.545725,58.923896],[-78.54011,58.929918],[-78.531728,58.942979],[-78.559967,58.944648],[-78.565745,58.95775],[-78.551096,58.968614],[-78.518056,58.963446],[-78.499867,58.950181],[-78.482655,58.932359],[-78.464345,58.918199],[-78.442983,58.915717],[-78.451405,58.939765],[-78.43456,58.954454],[-78.408315,58.961859],[-78.388336,58.963446],[-78.356801,58.959418],[-78.352651,58.951361],[-78.361155,58.9383],[-78.367258,58.919053],[-78.361806,58.914171],[-78.34968,58.915961],[-78.316396,58.925523],[-78.311757,58.932563],[-78.311757,58.94066],[-78.312611,58.946723],[-78.304677,58.959947],[-78.285634,58.974351],[-78.243723,58.998236],[-78.279042,58.995185],[-78.296783,58.990912],[-78.312611,58.983954],[-78.315012,58.987291],[-78.315419,58.988389],[-78.320058,58.9914],[-78.305043,59.001532],[-78.291005,59.00849],[-78.279368,59.017157],[-78.271637,59.032335],[-78.274526,59.033271],[-78.279775,59.038642],[-78.284413,59.046088],[-78.285268,59.052802],[-78.279775,59.058417],[-78.269602,59.064399],[-78.259511,59.068834],[-78.254262,59.069932],[-78.243967,59.062974],[-78.22643,59.055487],[-78.210032,59.053453],[-78.202748,59.063056],[-78.204945,59.073676],[-78.223256,59.1081],[-78.201772,59.112657],[-78.178619,59.092231],[-78.155588,59.093817],[-78.131418,59.107896],[-78.126129,59.123277],[-78.135569,59.13935],[-78.155588,59.155219],[-78.137441,59.161322],[-78.104726,59.155382],[-78.086659,59.161444],[-78.092641,59.173692],[-78.097483,59.198594],[-78.106557,59.209906],[-78.075551,59.226915],[-77.998402,59.244493],[-77.966298,59.261705],[-77.949818,59.26789],[-77.906565,59.268907],[-77.878285,59.280585],[-77.819203,59.293036],[-77.836578,59.302598],[-77.875478,59.307807],[-77.894887,59.312934],[-77.869293,59.320502],[-77.810943,59.320136],[-77.785024,59.326524],[-77.767323,59.340399],[-77.770172,59.350694],[-77.806142,59.36815],[-77.777903,59.381903],[-77.67516,59.402289],[-77.687489,59.406684],[-77.711822,59.41059],[-77.723541,59.415961],[-77.726796,59.408189],[-77.732167,59.402696],[-77.739247,59.401231],[-77.753407,59.408026],[-77.764963,59.407538],[-77.770741,59.408515],[-77.770823,59.410834],[-77.77302,59.422309],[-77.774485,59.425849],[-77.792958,59.432563],[-77.814849,59.426825],[-77.853912,59.408515],[-77.870229,59.404364],[-77.890614,59.401435],[-77.90803,59.404731],[-77.915395,59.419053],[-77.907948,59.435126],[-77.889719,59.44538],[-77.867299,59.450181],[-77.847076,59.450059],[-77.847076,59.456977],[-77.881174,59.484931],[-77.841542,59.508612],[-77.737213,59.539496],[-77.730336,59.548651],[-77.732167,59.565294],[-77.726674,59.576728],[-77.716176,59.621405],[-77.725942,59.630479],[-77.753489,59.631537],[-77.76769,59.63878],[-77.784901,59.659369],[-77.793324,59.67182],[-77.798695,59.682847],[-77.783437,59.682237],[-77.76891,59.683905],[-77.755686,59.688666],[-77.744049,59.69713],[-77.760894,59.704779],[-77.778188,59.71015],[-77.706207,59.703315],[-77.694692,59.699652],[-77.68106,59.68244],[-77.668528,59.676703],[-77.630483,59.677191],[-77.605051,59.680528],[-77.589833,59.686265],[-77.577748,59.695176],[-77.570302,59.693427],[-77.56314,59.685777],[-77.552235,59.676622],[-77.487538,59.647773],[-77.462148,59.624579],[-77.469716,59.594672],[-77.442983,59.577582],[-77.39977,59.569403],[-77.312734,59.566759],[-77.312734,59.572984],[-77.386098,59.582994],[-77.425852,59.595404],[-77.449818,59.614569],[-77.443186,59.62641],[-77.444569,59.644884],[-77.451975,59.663682],[-77.46288,59.676622],[-77.48058,59.683173],[-77.545481,59.689683],[-77.54601,59.694525],[-77.544667,59.696112],[-77.537994,59.69713],[-77.545481,59.69713],[-77.53307,59.70128],[-77.518137,59.702867],[-77.503163,59.706651],[-77.490834,59.717597],[-77.507395,59.718817],[-77.520253,59.726874],[-77.531972,59.737047],[-77.545481,59.74494],[-77.53539,59.759345],[-77.521881,59.757758],[-77.507314,59.749701],[-77.493967,59.74494],[-77.468414,59.747748],[-77.459625,59.755357],[-77.457021,59.766303],[-77.449818,59.779039],[-77.432444,59.789618],[-77.411041,59.793402],[-77.321685,59.790473],[-77.300404,59.79206],[-77.291615,59.799547],[-77.351308,59.866767],[-77.360463,59.885484],[-77.371734,59.900336],[-77.395823,59.908515],[-77.418324,59.913642],[-77.425038,59.919298],[-77.410512,59.925645],[-77.368072,59.925767],[-77.353017,59.929877],[-77.359934,59.937445],[-77.367828,59.942247],[-77.377024,59.944281],[-77.387196,59.943549],[-77.366689,59.956488],[-77.346832,59.964952],[-77.325103,59.969468],[-77.29898,59.970893],[-77.315419,59.979193],[-77.33316,59.984483],[-77.313466,59.991767],[-77.258412,59.998277],[-77.236318,59.997504],[-77.236318,60.00495],[-77.255971,60.004462],[-77.2801,60.00727],[-77.301422,60.013983],[-77.312734,60.025458],[-77.283111,60.026597],[-77.24474,60.033677],[-77.209462,60.045356],[-77.189198,60.060248],[-77.215688,60.058295],[-77.304677,60.036444],[-77.3308,60.035712],[-77.349273,60.042182],[-77.346181,60.060248],[-77.357167,60.064276],[-77.36974,60.066962],[-77.382721,60.067939],[-77.394602,60.066474],[-77.401601,60.062364],[-77.414784,60.049384],[-77.418568,60.046576],[-77.476552,60.052802],[-77.55602,60.052802],[-77.563303,60.054877],[-77.577992,60.064276],[-77.586415,60.066474],[-77.634185,60.066474],[-77.620432,60.075263],[-77.59081,60.086493],[-77.579579,60.094346],[-77.587148,60.0987],[-77.592275,60.103583],[-77.600697,60.114814],[-77.557118,60.130561],[-77.533599,60.134263],[-77.514068,60.125434],[-77.506907,60.124213],[-77.494049,60.1258],[-77.481028,60.128852],[-77.473134,60.13227],[-77.463043,60.133002],[-77.408274,60.129096],[-77.408274,60.135321],[-77.482493,60.153632],[-77.504506,60.162665],[-77.535308,60.183702],[-77.551015,60.197943],[-77.559682,60.211046],[-77.513987,60.207831],[-77.49059,60.209581],[-77.469716,60.217231],[-77.531484,60.255113],[-77.552805,60.264024],[-77.564198,60.267442],[-77.560862,60.272447],[-77.537994,60.2862],[-77.560292,60.285102],[-77.595204,60.269599],[-77.613678,60.265692],[-77.621897,60.272447],[-77.615875,60.288398],[-77.593251,60.320909],[-77.608022,60.333686],[-77.616444,60.339179],[-77.63329,60.343695],[-77.633412,60.349189],[-77.631418,60.355699],[-77.634185,60.361274],[-77.653391,60.368476],[-77.696278,60.375841],[-77.716176,60.382392],[-77.743153,60.404242],[-77.742258,60.425849],[-77.723378,60.446275],[-77.696278,60.464911],[-77.591705,60.502631],[-77.565907,60.518907],[-77.562815,60.524604],[-77.56017,60.536811],[-77.55602,60.543158],[-77.546946,60.547431],[-77.41511,60.54682],[-77.43517,60.55858],[-77.460846,60.566596],[-77.541819,60.57567],[-77.572743,60.574164],[-77.583974,60.571112],[-77.607289,60.561835],[-77.617421,60.559882],[-77.664662,60.556586],[-77.686025,60.558295],[-77.770579,60.592475],[-77.788726,60.604844],[-77.829254,60.643256],[-77.829701,60.649237],[-77.812856,60.653632],[-77.757721,60.684027],[-77.718414,60.699164],[-77.70108,60.708441],[-77.671213,60.73253],[-77.625559,60.754381],[-77.606842,60.759101],[-77.629547,60.77497],[-77.667958,60.775865],[-77.744049,60.766547],[-77.718332,60.781236],[-77.51065,60.834825],[-77.51065,60.84101],[-77.561025,60.838813],[-77.894887,60.752305],[-77.888987,60.763739],[-77.880483,60.773912],[-77.860097,60.79267],[-77.881663,60.800279],[-77.96996,60.79267],[-77.880686,60.827379],[-77.919423,60.835273],[-77.96288,60.829332],[-78.045725,60.806952],[-78.079823,60.806952],[-78.196523,60.79267],[-78.170766,60.858832],[-78.165517,60.868354],[-78.140452,60.873603],[-78.121938,60.886339],[-78.094146,60.916815],[-78.022369,60.951036],[-78.010976,60.961168],[-78.002756,60.972357],[-77.887929,61.037095],[-77.871002,61.050238],[-77.861684,61.054389],[-77.848012,61.055243],[-77.822581,61.053941],[-77.809316,61.057074],[-77.808176,61.065131],[-77.811635,61.076117],[-77.812367,61.08808],[-77.790151,61.145819],[-77.788726,61.155748],[-77.780426,61.160102],[-77.765207,61.179307],[-77.754628,61.183661],[-77.703114,61.191107],[-77.692738,61.207343],[-77.708241,61.218614],[-77.751536,61.232042],[-77.743886,61.242296],[-77.734609,61.249945],[-77.726796,61.258979],[-77.723541,61.273057],[-77.726796,61.279242],[-77.740834,61.290513],[-77.744049,61.297227],[-77.744862,61.349677],[-77.748402,61.374823],[-77.756459,61.399766],[-77.785268,61.454698],[-77.771596,61.462633],[-77.749094,61.45893],[-77.737213,61.454576],[-77.724029,61.438422],[-77.697581,61.43183],[-77.677154,61.439276],[-77.682607,61.46483],[-77.607737,61.464667],[-77.571604,61.470404],[-77.545481,61.485338],[-77.63329,61.509345],[-77.666127,61.527655],[-77.654652,61.554185],[-77.641265,61.560248],[-77.622629,61.564073],[-77.603668,61.563788],[-77.56843,61.547553],[-77.476552,61.539984],[-77.500803,61.5633],[-77.545562,61.575914],[-77.634185,61.582139],[-77.623158,61.593004],[-77.607289,61.59398],[-77.589426,61.592271],[-77.572743,61.595201],[-77.572743,61.601386],[-77.599233,61.608466],[-77.685699,61.608832],[-77.708363,61.616278],[-77.740387,61.649237],[-77.754628,61.656684],[-77.764231,61.665961],[-77.792714,61.701361],[-77.798695,61.701361],[-77.814565,61.69184],[-77.939849,61.69359],[-77.96642,61.70185],[-77.989735,61.71483],[-78.00475,61.732367],[-78.006988,61.742499],[-78.006825,61.75377],[-78.00475,61.766547],[-78.009185,61.778266],[-78.013295,61.782701],[-78.018056,61.785712],[-78.024566,61.793158],[-78.02831,61.800605],[-78.034413,61.818549],[-78.03893,61.827948],[-78.045806,61.837714],[-78.065541,61.855821],[-78.078765,61.873114],[-78.084828,61.888048],[-78.082997,61.903998],[-78.073069,61.92414],[-78.080149,61.93769],[-78.085561,61.958116],[-78.093984,61.976874],[-78.127675,61.993272],[-78.136952,62.013495],[-78.140696,62.03856],[-78.14273,62.107286],[-78.147817,62.128607],[-78.158681,62.146674],[-78.165028,62.166938],[-78.15803,62.189927],[-78.14684,62.212714],[-78.141265,62.232001],[-78.155914,62.273749],[-78.154897,62.297309],[-78.131418,62.307725],[-78.118153,62.30976],[-78.110666,62.315782],[-78.107289,62.325426],[-78.106557,62.338446],[-78.100494,62.347113],[-78.024037,62.391791],[-78.010976,62.39647],[-77.976877,62.39647],[-77.935618,62.40705],[-77.916615,62.420722],[-77.905426,62.423814],[-77.887847,62.425971],[-77.784657,62.467963],[-77.764556,62.472235],[-77.714223,62.472968],[-77.687001,62.477281],[-77.67516,62.489325],[-77.656606,62.516588],[-77.614125,62.531684],[-77.537994,62.547309],[-77.523915,62.55744],[-77.501576,62.580024],[-77.490834,62.588324],[-77.471791,62.593817],[-77.404856,62.588324],[-77.400258,62.584662],[-77.392568,62.567084],[-77.387196,62.560981],[-77.377512,62.557563],[-77.371002,62.557929],[-77.365061,62.559882],[-77.35676,62.560981],[-77.276682,62.553656],[-77.2506,62.554145],[-77.243642,62.549384],[-77.168365,62.547309],[-77.161,62.545966],[-77.151845,62.542304],[-77.144032,62.536973],[-77.140736,62.530585],[-77.137115,62.526801],[-77.128774,62.528306],[-77.113433,62.533677],[-77.078481,62.535264],[-77.066274,62.533677],[-77.057851,62.52912],[-77.050608,62.522773],[-77.043284,62.519232],[-77.018788,62.5338],[-76.995107,62.540717],[-76.969838,62.543443],[-76.948964,62.541083],[-76.933827,62.53441],[-76.923329,62.527533],[-76.912017,62.522162],[-76.757721,62.51081],[-76.735829,62.506334],[-76.719309,62.496161],[-76.704742,62.489366],[-76.664662,62.486884],[-76.647328,62.47838],[-76.654775,62.472235],[-76.626861,62.461656],[-76.595693,62.458075],[-76.534047,62.459174],[-76.464467,62.43537],[-76.401479,62.43122],[-76.304677,62.407294],[-76.21935,62.399278],[-76.190582,62.387803],[-76.149892,62.387071],[-76.133412,62.38288],[-76.125356,62.374701],[-76.115956,62.354438],[-76.112904,62.349311],[-76.098541,62.345649],[-76.084381,62.348253],[-76.069936,62.352973],[-76.05484,62.355536],[-76.041331,62.35338],[-76.023183,62.34398],[-76.013905,62.341864],[-75.997629,62.344346],[-75.966786,62.354356],[-75.949045,62.355536],[-75.938588,62.352118],[-75.914296,62.335028],[-75.85558,62.324408],[-75.829742,62.313341],[-75.658599,62.296495],[-75.592152,62.273017],[-75.592152,62.266791],[-75.71642,62.238023],[-75.753489,62.214952],[-75.770904,62.206732],[-75.812367,62.202135],[-75.828277,62.194444],[-75.841542,62.185858],[-75.893788,62.163764],[-75.831695,62.163764],[-75.814361,62.168443],[-75.776479,62.186957],[-75.735422,62.19538],[-75.679677,62.215766],[-75.667836,62.222113],[-75.575063,62.245673],[-75.493479,62.295885],[-75.470286,62.301947],[-75.327748,62.31745],[-75.174428,62.294053],[-75.150502,62.28498],[-75.142161,62.272284],[-75.144602,62.25495],[-75.15331,62.232001],[-75.133046,62.234849],[-75.103912,62.261298],[-75.085032,62.266791],[-75.092437,62.266791],[-75.051747,62.273749],[-75.006093,62.268988],[-74.89037,62.234239],[-74.840891,62.203925],[-74.789662,62.182074],[-74.783355,62.178046],[-74.779652,62.173407],[-74.770334,62.157538],[-74.758534,62.152086],[-74.672963,62.123765],[-74.598256,62.110663],[-74.558095,62.109117],[-74.558095,62.116563],[-74.584788,62.121812],[-74.637359,62.144884],[-74.684193,62.155829],[-74.741078,62.185126],[-74.756012,62.197821],[-74.755035,62.213568],[-74.742299,62.231513],[-74.723541,62.246405],[-74.704905,62.252509],[-74.41686,62.252509],[-74.392568,62.259141],[-74.378245,62.264879],[-74.371897,62.269884],[-74.36498,62.278266],[-74.348948,62.282579],[-74.31786,62.286607],[-74.295644,62.298407],[-74.278391,62.323472],[-74.244008,62.330675],[-74.23058,62.33515],[-74.216786,62.337022],[-74.191518,62.325995],[-74.173573,62.324083],[-74.154693,62.325181],[-74.139068,62.328233],[-74.086985,62.35224],[-74.018219,62.360785],[-73.997914,62.367377],[-73.982045,62.376654],[-73.957021,62.405382],[-73.94225,62.418402],[-73.907094,62.429674],[-73.88976,62.442939],[-73.876576,62.456855],[-73.872182,62.464789],[-73.748687,62.472235],[-73.696034,62.481024],[-73.670725,62.482123],[-73.646311,62.472235],[-73.633046,62.459906],[-73.594797,62.414171],[-73.571441,62.394843],[-73.552358,62.390733],[-73.531321,62.392401],[-73.502309,62.390326],[-73.489858,62.38585],[-73.481557,62.37995],[-73.475087,62.374091],[-73.468129,62.369818],[-73.450185,62.366197],[-73.436838,62.369086],[-73.423695,62.373969],[-73.406361,62.376654],[-73.378163,62.370469],[-73.357411,62.356269],[-73.338857,62.340155],[-73.317291,62.328233],[-73.24767,62.321601],[-73.209543,62.312812],[-73.204091,62.297471],[-73.212026,62.276313],[-73.196034,62.260565],[-73.083892,62.214952],[-73.07372,62.205797],[-73.068837,62.195787],[-73.062164,62.187567],[-73.046742,62.18419],[-73.009999,62.18126],[-72.968984,62.172919],[-72.92984,62.15998],[-72.898997,62.143256],[-72.909413,62.133612],[-72.92162,62.129503],[-72.93456,62.127143],[-72.947377,62.122748],[-72.824615,62.117051],[-72.782867,62.109117],[-72.782867,62.116563],[-72.823842,62.13581],[-72.806508,62.142564],[-72.754058,62.150092],[-72.734486,62.150092],[-72.717397,62.144639],[-72.687896,62.126654],[-72.62914,62.116889],[-72.621449,62.101874],[-72.637034,62.082017],[-72.666168,62.061347],[-72.626332,62.062934],[-72.608388,62.059312],[-72.597971,62.047675],[-72.612294,62.043565],[-72.615875,62.036566],[-72.610504,62.028062],[-72.597971,62.019721],[-72.603342,62.006781],[-72.604156,61.988471],[-72.607777,61.972154],[-72.621205,61.965074],[-72.673004,61.958319],[-72.685129,61.95128],[-72.68871,61.945421],[-72.686676,61.927314],[-72.687367,61.910753],[-72.691314,61.90233],[-72.795969,61.835395],[-72.754994,61.835395],[-72.731028,61.846747],[-72.69286,61.875596],[-72.666168,61.883165],[-72.663238,61.850084],[-72.631581,61.82099],[-72.601877,61.812567],[-72.604807,61.84162],[-72.619456,61.866889],[-72.631703,61.895616],[-72.630483,61.922919],[-72.605214,61.943671],[-72.595693,61.943183],[-72.569569,61.932929],[-72.488026,61.92414],[-72.357086,61.88939],[-72.23233,61.881293],[-72.203196,61.86579],[-72.196848,61.855536],[-72.193593,61.846381],[-72.18928,61.83747],[-72.179596,61.827948],[-72.143544,61.80976],[-72.131825,61.800605],[-72.150543,61.800401],[-72.206288,61.793158],[-72.192779,61.788194],[-72.187001,61.786973],[-72.187001,61.780137],[-72.211578,61.778876],[-72.22468,61.766221],[-72.223704,61.75019],[-72.206288,61.738593],[-72.194692,61.737413],[-72.182362,61.739122],[-72.170888,61.743232],[-72.151112,61.7567],[-72.141103,61.757392],[-72.076283,61.744859],[-72.057485,61.737128],[-72.042388,61.725531],[-72.038075,61.716498],[-72.03718,61.707384],[-72.034535,61.700385],[-72.015859,61.695665],[-72.005849,61.690782],[-71.998118,61.684068],[-71.995229,61.67711],[-72.004709,61.659898],[-72.024648,61.641588],[-72.062896,61.615668],[-72.085113,61.606269],[-72.106597,61.603258],[-72.128407,61.604682],[-72.201527,61.617418],[-72.243479,61.617621],[-72.277333,61.603095],[-72.30309,61.567857],[-72.242014,61.59748],[-72.220855,61.601386],[-72.118967,61.589179],[-72.083404,61.588935],[-72.069569,61.591173],[-72.036244,61.601386],[-72.02302,61.603095],[-71.991526,61.601386],[-71.979482,61.603827],[-71.972035,61.61046],[-71.968332,61.620307],[-71.967275,61.632392],[-71.963735,61.641954],[-71.955678,61.646796],[-71.946441,61.650499],[-71.940012,61.656684],[-71.935414,61.670966],[-71.937978,61.67772],[-71.944732,61.682481],[-71.953033,61.690782],[-71.969838,61.701239],[-71.972768,61.708197],[-71.956776,61.711249],[-71.863637,61.697618],[-71.809071,61.683295],[-71.76065,61.677069],[-71.751332,61.674018],[-71.73233,61.665391],[-71.674428,61.656317],[-71.652008,61.649848],[-71.580963,61.613837],[-71.569447,61.601386],[-71.590566,61.601386],[-71.575266,61.596991],[-71.558217,61.587348],[-71.548655,61.574652],[-71.555776,61.561021],[-71.567128,61.558539],[-71.60733,61.567857],[-71.623891,61.565497],[-71.627838,61.559638],[-71.62914,61.55268],[-71.637766,61.54682],[-71.691518,61.539252],[-71.803538,61.542304],[-71.857411,61.533759],[-71.8485,61.523139],[-71.831451,61.521837],[-71.792592,61.526923],[-71.786936,61.522895],[-71.780995,61.513902],[-71.781809,61.504381],[-71.79601,61.498969],[-71.79601,61.491523],[-71.773101,61.482733],[-71.761301,61.479722],[-71.748199,61.479112],[-71.768788,61.460924],[-71.810902,61.447943],[-71.891591,61.436957],[-71.891591,61.430732],[-71.855295,61.423774],[-71.795725,61.423326],[-71.734527,61.410224],[-71.61852,61.418036],[-71.583119,61.410224],[-71.627797,61.395941],[-71.646474,61.393744],[-71.655629,61.388373],[-71.661977,61.381659],[-71.671864,61.375474],[-71.707265,61.368354],[-71.822662,61.375474],[-71.8037,61.370103],[-71.79601,61.369249],[-71.79601,61.361802],[-71.815012,61.355943],[-71.822662,61.354967],[-71.805572,61.347846],[-71.784169,61.346177],[-71.741363,61.348131],[-71.721262,61.345323],[-71.685699,61.334662],[-71.665639,61.334459],[-71.675649,61.319159],[-71.691477,61.308092],[-71.727122,61.293524],[-71.727122,61.287299],[-71.696441,61.277411],[-71.596791,61.259385],[-71.618153,61.23432],[-71.62564,61.22191],[-71.63093,61.204169],[-71.617584,61.207628],[-71.594594,61.222235],[-71.583119,61.224595],[-71.572906,61.220526],[-71.566396,61.212755],[-71.561431,61.204169],[-71.555776,61.197333],[-71.57433,61.173082],[-71.580434,61.160956],[-71.572865,61.155748],[-71.554067,61.156806],[-71.536692,61.159776],[-71.521108,61.164293],[-71.507965,61.169989],[-71.522532,61.18244],[-71.533762,61.196275],[-71.53539,61.210761],[-71.521067,61.224595],[-71.49767,61.230902],[-71.475819,61.226386],[-71.459706,61.213365],[-71.453359,61.1942],[-71.444,61.184678],[-71.395009,61.149522],[-71.389027,61.141832],[-71.371571,61.129014],[-71.359975,61.126451],[-71.371449,61.149522],[-71.274973,61.155748],[-71.231516,61.167467],[-71.213287,61.167222],[-71.220611,61.149522],[-71.21109,61.138251],[-71.197377,61.125841],[-71.185048,61.122748],[-71.179677,61.139594],[-71.167633,61.141059],[-71.11144,61.12523],[-71.093658,61.125596],[-71.071889,61.132799],[-71.038808,61.131781],[-70.955474,61.116197],[-70.935374,61.106635],[-70.927398,61.092719],[-70.939443,61.073798],[-70.846913,61.075426],[-70.822743,61.067572],[-70.813832,61.061347],[-70.802846,61.057115],[-70.789906,61.054755],[-70.774973,61.053941],[-70.762074,61.056708],[-70.76179,61.063056],[-70.769683,61.06977],[-70.781809,61.073798],[-70.76179,61.085801],[-70.725738,61.079047],[-70.658274,61.053941],[-70.658274,61.046495],[-70.666249,61.044379],[-70.685618,61.032823],[-70.667714,61.026842],[-70.603668,61.032823],[-70.554433,61.013861],[-70.53539,61.012315],[-70.53539,61.019843],[-70.54662,61.023017],[-70.556223,61.028388],[-70.563791,61.036119],[-70.568918,61.046495],[-70.560699,61.045722],[-70.543609,61.047065],[-70.53539,61.046495],[-70.537424,61.049018],[-70.539174,61.051744],[-70.541615,61.053941],[-70.541615,61.060126],[-70.526682,61.065416],[-70.50768,61.064765],[-70.488433,61.060289],[-70.472727,61.053941],[-70.471059,61.05036],[-70.46996,61.037543],[-70.466461,61.032823],[-70.457509,61.029608],[-70.425526,61.026597],[-70.431956,61.040229],[-70.440582,61.049994],[-70.443186,61.058295],[-70.431752,61.067572],[-70.424469,61.063666],[-70.418935,61.061998],[-70.404408,61.060126],[-70.413645,61.072943],[-70.418365,61.077216],[-70.425526,61.081244],[-70.425526,61.08808],[-70.401967,61.085924],[-70.363637,61.068793],[-70.342926,61.067572],[-70.34732,61.083075],[-70.339711,61.094794],[-70.325103,61.100409],[-70.308827,61.097724],[-70.299062,61.094224],[-70.267242,61.08808],[-70.253529,61.07689],[-70.246734,61.073798],[-70.229156,61.07331],[-70.215199,61.078477],[-70.202504,61.084947],[-70.188791,61.08808],[-70.155344,61.087633],[-70.144032,61.083564],[-70.151194,61.073798],[-70.13915,61.070176],[-70.124379,61.070299],[-70.112701,61.068793],[-70.110219,61.060126],[-70.116322,61.056016],[-70.142486,61.045233],[-70.151194,61.040269],[-70.160064,61.021674],[-70.148997,61.011176],[-70.126943,61.01024],[-70.103383,61.019843],[-70.095937,61.012315],[-70.109609,61.005072],[-70.111724,60.99608],[-70.103383,60.978217],[-70.099273,60.972357],[-70.094838,60.970811],[-70.091217,60.968817],[-70.089711,60.961168],[-70.090688,60.955634],[-70.092844,60.94953],[-70.09496,60.945136],[-70.095937,60.944688],[-70.102935,60.933092],[-70.104848,60.926093],[-70.09968,60.92296],[-70.096669,60.920518],[-70.0926,60.91474],[-70.089508,60.907904],[-70.089711,60.902533],[-70.100901,60.895616],[-70.151194,60.889472],[-70.151194,60.882025],[-70.075999,60.881537],[-70.055002,60.8758],[-70.064849,60.8581],[-70.058705,60.850328],[-70.042226,60.848253],[-69.994862,60.849066],[-69.986684,60.847886],[-69.979237,60.843492],[-69.96349,60.830186],[-69.955963,60.827379],[-69.932362,60.814521],[-69.915883,60.810004],[-69.901031,60.81684],[-69.888254,60.826606],[-69.858388,60.842231],[-69.849517,60.854682],[-69.869862,60.85106],[-69.907826,60.837755],[-69.928334,60.834825],[-69.93871,60.840196],[-69.921498,60.85163],[-69.89745,60.862169],[-69.887074,60.864936],[-69.860666,60.883979],[-69.820546,60.904283],[-69.776967,60.919501],[-69.740305,60.92296],[-69.739369,60.886094],[-69.702626,60.874335],[-69.662343,60.88524],[-69.65095,60.916815],[-69.661244,60.927802],[-69.6787,60.94245],[-69.691721,60.958808],[-69.688466,60.974799],[-69.684682,60.982286],[-69.681549,61.003363],[-69.678822,61.012315],[-69.671986,61.022162],[-69.658681,61.031968],[-69.65095,61.040269],[-69.651275,61.047349],[-69.654124,61.056464],[-69.651031,61.064276],[-69.63386,61.067572],[-69.624501,61.070787],[-69.601186,61.084906],[-69.585439,61.08808],[-69.557688,61.086005],[-69.53661,61.079698],[-69.520375,61.069037],[-69.506947,61.053941],[-69.473256,61.000067],[-69.462554,60.991889],[-69.448394,60.983588],[-69.43342,60.963975],[-69.423411,60.941107],[-69.424387,60.92296],[-69.410024,60.923285],[-69.36974,60.916815],[-69.374623,60.904364],[-69.387603,60.881781],[-69.390207,60.868354],[-69.387034,60.854926],[-69.372914,60.83161],[-69.36974,60.823961],[-69.381337,60.799872],[-69.409291,60.784125],[-69.443186,60.775377],[-69.505849,60.769965],[-69.572377,60.751532],[-69.602447,60.738634],[-69.643951,60.708604],[-69.654368,60.703925],[-69.6704,60.702012],[-69.70519,60.690741],[-69.719797,60.684027],[-69.707631,60.676011],[-69.692494,60.6612],[-69.683217,60.643052],[-69.688466,60.625067],[-69.697621,60.6081],[-69.685536,60.603461],[-69.667144,60.599433],[-69.657704,60.584093],[-69.666737,60.567206],[-69.687978,60.556464],[-69.808095,60.53559],[-69.82901,60.525743],[-69.819163,60.518541],[-69.794911,60.492255],[-69.760121,60.473212],[-69.749745,60.462226],[-69.756988,60.447211],[-69.770497,60.434149],[-69.775868,60.424506],[-69.769276,60.418524],[-69.746816,60.41649],[-69.735341,60.411322],[-69.729156,60.385606],[-69.719797,60.375556],[-69.726674,60.362657],[-69.739329,60.346625],[-69.753285,60.332953],[-69.769887,60.324042],[-69.765492,60.317084],[-69.753285,60.306627],[-69.744537,60.3039],[-69.721547,60.302436],[-69.71231,60.299791],[-69.671986,60.263251],[-69.665151,60.255113],[-69.656972,60.241523],[-69.616933,60.235175],[-69.602447,60.224677],[-69.612782,60.214179],[-69.640736,60.195258],[-69.65095,60.183702],[-69.599436,60.183702],[-69.59557,60.1789],[-69.599599,60.168036],[-69.609934,60.149604],[-69.609731,60.130561],[-69.607167,60.113715],[-69.610992,60.10106],[-69.630442,60.094346],[-69.628041,60.076728],[-69.646474,60.06859],[-69.695302,60.066474],[-69.706125,60.0633],[-69.714263,60.049669],[-69.72289,60.046576],[-69.735585,60.049018],[-69.774403,60.066474],[-69.805043,60.073432],[-69.826283,60.071601],[-69.838735,60.057807],[-69.842681,60.028876],[-69.82551,60.022406],[-69.792714,60.014512],[-69.773061,60.00434],[-69.794911,59.991319],[-69.821645,59.989203],[-69.901031,60.00495],[-70.295155,60.025458],[-70.336171,60.032294],[-70.336171,60.025458],[-70.328359,60.023017],[-70.309438,60.011786],[-70.329457,60.006049],[-70.571929,59.994981],[-70.596791,59.997504],[-70.615142,60.003974],[-70.650746,60.021796],[-70.996205,60.076239],[-71.035064,60.066474],[-70.921254,60.055528],[-70.8815,60.03502],[-70.862782,60.029486],[-70.807973,60.023301],[-70.77302,60.013983],[-70.721588,60.009223],[-70.577707,59.97724],[-70.480133,59.970893],[-70.407297,59.989],[-70.384592,59.991319],[-70.369211,59.988959],[-70.338287,59.979722],[-70.322499,59.977647],[-70.226633,59.986518],[-70.213246,59.984483],[-70.164866,59.964057],[-70.106801,59.953355],[-70.045033,59.950995],[-69.942006,59.964057],[-69.858062,59.960924],[-69.769765,59.971055],[-69.735097,59.970282],[-69.719797,59.960273],[-69.721303,59.93712],[-69.727773,59.921942],[-69.742258,59.914781],[-69.767568,59.915595],[-69.723744,59.897773],[-69.589833,59.876085],[-69.561513,59.864691],[-69.565663,59.859931],[-69.5926,59.84455],[-69.600657,59.833604],[-69.601145,59.824774],[-69.598256,59.817003],[-69.596303,59.809434],[-69.6079,59.794298],[-69.612172,59.783881],[-69.606191,59.779039],[-69.59142,59.778062],[-69.575673,59.775255],[-69.560536,59.770819],[-69.547841,59.764757],[-69.564768,59.758246],[-69.585927,59.73607],[-69.622385,59.727403],[-69.645985,59.709296],[-69.657704,59.703315],[-69.647939,59.699286],[-69.638254,59.697496],[-69.616811,59.69713],[-69.604726,59.695543],[-69.600006,59.69184],[-69.596669,59.687079],[-69.588775,59.682847],[-69.532582,59.679633],[-69.520579,59.676622],[-69.516225,59.649278],[-69.537262,59.622748],[-69.567983,59.602607],[-69.5926,59.594672],[-69.625559,59.590033],[-69.659901,59.577826],[-69.691477,59.561143],[-69.748525,59.516099],[-69.753285,59.508124],[-69.755727,59.496649],[-69.759185,59.492621],[-69.758209,59.490465],[-69.747141,59.484809],[-69.73705,59.482733],[-69.69872,59.484809],[-69.704742,59.472154],[-69.697865,59.466376],[-69.68456,59.462877],[-69.671457,59.456977],[-69.664459,59.450141],[-69.656484,59.440131],[-69.648997,59.42829],[-69.643422,59.415961],[-69.654368,59.412909],[-69.662587,59.407538],[-69.668284,59.399482],[-69.671457,59.388617],[-69.64037,59.388617],[-69.632069,59.385118],[-69.634145,59.377265],[-69.643422,59.364732],[-69.749501,59.34276],[-69.757436,59.331244],[-69.755116,59.317694],[-69.740305,59.306708],[-69.72468,59.30504],[-69.627065,59.306708],[-69.619252,59.308702],[-69.614573,59.313218],[-69.610911,59.317694],[-69.606191,59.31977],[-69.596832,59.322008],[-69.576487,59.331773],[-69.565256,59.334052],[-69.526519,59.333564],[-69.445465,59.361314],[-69.422597,59.361518],[-69.397694,59.356879],[-69.374257,59.34752],[-69.356068,59.334052],[-69.369496,59.32038],[-69.358713,59.314073],[-69.33731,59.315131],[-69.297678,59.334296],[-69.274037,59.335069],[-69.254791,59.324815],[-69.246816,59.302965],[-69.252797,59.299628],[-69.26301,59.28856],[-69.265981,59.276801],[-69.250234,59.271308],[-69.244374,59.266547],[-69.238637,59.25609],[-69.232533,59.241278],[-69.243398,59.228217],[-69.268178,59.219306],[-69.29483,59.216051],[-69.311676,59.220404],[-69.341135,59.241278],[-69.349233,59.244615],[-69.365224,59.244452],[-69.369944,59.239691],[-69.369374,59.232286],[-69.370758,59.211982],[-69.366933,59.206773],[-69.366322,59.203437],[-69.377187,59.196845],[-69.389027,59.1942],[-69.401235,59.196112],[-69.411529,59.200019],[-69.418121,59.203681],[-69.422475,59.210517],[-69.422597,59.218248],[-69.425649,59.225409],[-69.438629,59.230414],[-69.449534,59.228502],[-69.528066,59.185981],[-69.542551,59.169542],[-69.53425,59.155219],[-69.538726,59.151068],[-69.541493,59.147284],[-69.540517,59.142401],[-69.53425,59.134752],[-69.541656,59.127997],[-69.532135,59.117255],[-69.515696,59.108466],[-69.500111,59.106757],[-69.493276,59.117377],[-69.491322,59.121446],[-69.486684,59.124701],[-69.481191,59.127794],[-69.476471,59.131415],[-69.465688,59.137274],[-69.456858,59.133124],[-69.445465,59.120551],[-69.439524,59.116767],[-69.437367,59.113471],[-69.433949,59.110541],[-69.424387,59.1081],[-69.421946,59.110175],[-69.404286,59.118598],[-69.397328,59.120551],[-69.379262,59.119737],[-69.364166,59.116197],[-69.351959,59.108222],[-69.342437,59.093817],[-69.390736,59.071357],[-69.414377,59.054877],[-69.430247,59.025458],[-69.443593,59.029364],[-69.457631,59.039008],[-69.465932,59.046007],[-69.475331,59.057807],[-69.480377,59.066392],[-69.48762,59.071601],[-69.503529,59.07331],[-69.465932,58.935126],[-69.45165,58.902045],[-69.45165,58.895209],[-69.466949,58.878852],[-69.478749,58.872911],[-69.490142,58.877794],[-69.498525,58.884467],[-69.511301,58.890326],[-69.522939,58.889879],[-69.527984,58.877794],[-69.530629,58.859687],[-69.537994,58.835883],[-69.549672,58.815253],[-69.565256,58.806464],[-69.642079,58.791205],[-69.665151,58.792182],[-69.683909,58.805406],[-69.719797,58.867255],[-69.691151,58.884833],[-69.678456,58.895087],[-69.671457,58.908271],[-69.671864,58.927436],[-69.679677,58.934678],[-69.688385,58.93065],[-69.691884,58.915717],[-69.70108,58.918077],[-69.708648,58.922227],[-69.714833,58.928209],[-69.719797,58.936143],[-69.704701,58.96308],[-69.72936,58.982978],[-69.76122,58.988105],[-69.767568,58.970893],[-69.796376,58.981309],[-69.839426,59.04564],[-69.863149,59.059678],[-69.877268,59.051825],[-69.875722,59.035875],[-69.863149,59.005072],[-69.866078,58.987372],[-69.873931,58.975938],[-69.885121,58.968614],[-69.897939,58.963446],[-69.859039,58.961127],[-69.822662,58.94599],[-69.803456,58.919053],[-69.816029,58.881537],[-69.808949,58.870917],[-69.801422,58.854071],[-69.797597,58.837104],[-69.801747,58.82628],[-69.817128,58.825548],[-69.835317,58.834215],[-69.857004,58.853583],[-69.866811,58.863715],[-69.879018,58.870592],[-69.89391,58.874132],[-69.91161,58.874091],[-69.896881,58.846625],[-69.890492,58.839952],[-69.890492,58.833116],[-69.959299,58.814561],[-69.979848,58.812608],[-70.020334,58.815253],[-70.034495,58.812608],[-70.044016,58.807969],[-70.063303,58.794867],[-70.072377,58.792182],[-70.139475,58.783922],[-70.211903,58.789537],[-70.231923,58.784491],[-70.254221,58.771674],[-70.199086,58.778184],[-70.171498,58.775743],[-70.147776,58.761094],[-70.136342,58.756415],[-70.058705,58.757392],[-70.054921,58.754584],[-70.047231,58.741523],[-70.041331,58.737535],[-70.022125,58.739447],[-69.9947,58.747504],[-69.970082,58.758246],[-69.954579,58.772162],[-69.943471,58.775621],[-69.921213,58.77912],[-69.917551,58.774482],[-69.921498,58.763861],[-69.932037,58.744371],[-69.93224,58.727484],[-69.928131,58.702989],[-69.918284,58.686387],[-69.901031,58.693183],[-69.881907,58.708238],[-69.86144,58.715033],[-69.841054,58.715155],[-69.80012,58.704901],[-69.797434,58.700751],[-69.801747,58.689765],[-69.809316,58.682318],[-69.821767,58.675727],[-69.835317,58.671007],[-69.846099,58.669257],[-69.853586,58.665595],[-69.872914,58.649115],[-69.87682,58.644721],[-69.873402,58.636949],[-69.865346,58.627875],[-69.849517,58.614],[-69.833974,58.604071],[-69.813547,58.596503],[-69.795725,58.598456],[-69.788075,58.617418],[-69.77953,58.629625],[-69.742014,58.652777],[-69.729482,58.670518],[-69.709299,58.689765],[-69.706654,58.691352],[-69.70287,58.699571],[-69.69872,58.702745],[-69.691029,58.703192],[-69.676381,58.697577],[-69.671457,58.696601],[-69.650502,58.701158],[-69.64037,58.713324],[-69.636342,58.722764],[-69.636342,58.739081],[-69.630442,58.737535],[-69.608225,58.760362],[-69.566029,58.774766],[-69.48705,58.792182],[-69.418121,58.829657],[-69.412099,58.843695],[-69.397125,58.858222],[-69.378163,58.869493],[-69.359771,58.874091],[-69.348704,58.87523],[-69.329945,58.880357],[-69.305776,58.883368],[-69.280385,58.895209],[-69.256337,58.899156],[-69.188466,58.895209],[-69.124827,58.901923],[-68.979319,58.902045],[-68.984446,58.89643],[-68.989858,58.886054],[-68.992991,58.881537],[-68.894765,58.877875],[-68.786936,58.922471],[-68.773427,58.921698],[-68.766591,58.91767],[-68.761545,58.912543],[-68.753407,58.908271],[-68.728749,58.903184],[-68.642161,58.897569],[-68.616038,58.891221],[-68.540517,58.861029],[-68.50829,58.836615],[-68.499867,58.833116],[-68.410268,58.82392],[-68.402333,58.817939],[-68.397939,58.809312],[-68.390289,58.799628],[-68.371205,58.790391],[-68.361562,58.783515],[-68.356191,58.771674],[-68.359283,58.761217],[-68.378326,58.744818],[-68.382883,58.734117],[-68.383453,58.711615],[-68.38093,58.700995],[-68.373199,58.696601],[-68.337148,58.681871],[-68.328847,58.675482],[-68.328969,58.657904],[-68.350209,58.621527],[-68.348704,58.600328],[-68.333241,58.589789],[-68.291412,58.598131],[-68.274241,58.586737],[-68.274403,58.567247],[-68.285878,58.549262],[-68.291493,58.534491],[-68.274241,58.524644],[-68.252105,58.527533],[-68.211781,58.548285],[-68.191029,58.546373],[-68.213246,58.507554],[-68.22057,58.48432],[-68.21524,58.46662],[-68.209381,58.457953],[-68.204986,58.44538],[-68.2058,58.434027],[-68.222524,58.425482],[-68.22468,58.416734],[-68.225819,58.394965],[-68.243276,58.353258],[-68.315175,58.250922],[-68.33849,58.186021],[-68.345286,58.175849],[-68.35025,58.170518],[-68.348459,58.159044],[-68.344228,58.148179],[-68.341868,58.144477],[-68.345326,58.131903],[-68.354075,58.123725],[-68.376617,58.113145],[-68.477162,58.043647],[-68.520009,58.031195],[-68.719106,58.013739],[-68.848704,57.976386],[-68.970123,57.960395],[-68.980621,57.952867],[-68.989735,57.943671],[-68.999827,57.935614],[-69.044057,57.91942],[-69.047597,57.915107],[-69.141103,57.898668],[-69.223744,57.862047],[-69.36974,57.770494],[-69.144399,57.869737],[-69.126454,57.884101],[-69.109364,57.893378],[-69.040761,57.908271],[-68.949696,57.941026],[-68.756012,57.972968],[-68.686635,57.99372],[-68.607249,57.997545],[-68.468617,58.020372],[-68.417592,58.038642],[-68.407135,58.046454],[-68.40095,58.055609],[-68.396148,58.064643],[-68.390289,58.07213],[-68.377919,58.078315],[-68.349192,58.084174],[-68.33849,58.08983],[-68.319244,58.108832],[-68.309885,58.120917],[-68.307037,58.133857],[-68.306956,58.176337],[-68.302154,58.201117],[-68.292592,58.221788],[-68.277333,58.230414],[-68.251576,58.236518],[-68.240956,58.251207],[-68.238922,58.269232],[-68.23884,58.285102],[-68.232493,58.307685],[-68.219838,58.328315],[-68.187327,58.363878],[-68.187245,58.370307],[-68.190012,58.380805],[-68.191396,58.39057],[-68.187327,58.394965],[-68.18224,58.398383],[-68.176991,58.40644],[-68.172678,58.415595],[-68.170562,58.422187],[-68.176666,58.48192],[-68.17394,58.491075],[-68.163442,58.496772],[-68.136871,58.523383],[-68.123402,58.53205],[-68.11205,58.52497],[-68.090159,58.520006],[-68.067494,58.517768],[-68.047678,58.518419],[-68.027333,58.521715],[-68.023427,58.52558],[-68.026519,58.534247],[-68.027211,58.551947],[-68.006215,58.579535],[-67.974436,58.56981],[-67.953521,58.544379],[-67.965159,58.524644],[-67.965159,58.518419],[-67.951039,58.51317],[-67.935943,58.511054],[-67.909901,58.510972],[-67.88976,58.498725],[-67.894765,58.484076],[-67.909047,58.46837],[-67.917348,58.452948],[-67.924143,58.411689],[-67.923655,58.404975],[-67.921864,58.400255],[-67.918691,58.396308],[-67.913645,58.391547],[-67.908111,58.38349],[-67.907948,58.376654],[-67.909657,58.371283],[-67.909901,58.367621],[-67.903188,58.360175],[-67.865224,58.330512],[-67.861684,58.326402],[-67.862701,58.309272],[-67.868398,58.289659],[-67.882436,58.271308],[-67.900258,58.255845],[-67.983144,58.208197],[-68.002675,58.203111],[-68.082428,58.155341],[-68.123525,58.098375],[-68.129547,58.082994],[-68.120595,58.071885],[-68.100331,58.083238],[-68.068186,58.113145],[-68.051829,58.121649],[-68.015696,58.132392],[-67.999257,58.141059],[-67.990712,58.150377],[-67.972564,58.189439],[-67.953277,58.211982],[-67.925771,58.226142],[-67.894114,58.233873],[-67.862701,58.23725],[-67.864613,58.259019],[-67.844553,58.277655],[-67.800649,58.298692],[-67.81786,58.319159],[-67.823557,58.335639],[-67.82079,58.399237],[-67.817738,58.409125],[-67.812245,58.4171],[-67.786977,58.442694],[-67.785878,58.448554],[-67.788319,58.464545],[-67.786977,58.470038],[-67.773508,58.475775],[-67.756012,58.474433],[-67.738515,58.469184],[-67.718861,58.459906],[-67.714833,58.45661],[-67.712554,58.452338],[-67.711903,58.446112],[-67.708404,58.443427],[-67.68456,58.439643],[-67.675445,58.423448],[-67.693105,58.404649],[-67.708241,58.383409],[-67.691396,58.360175],[-67.729563,58.333319],[-67.732086,58.321479],[-67.718088,58.298692],[-67.722727,58.295356],[-67.73233,58.285102],[-67.713287,58.288642],[-67.693837,58.286607],[-67.675526,58.279486],[-67.660024,58.26793],[-67.649037,58.251776],[-67.64802,58.236151],[-67.654652,58.221055],[-67.694081,58.172105],[-67.701731,58.141466],[-67.692779,58.109809],[-67.670277,58.07213],[-67.6905,58.027655],[-67.700999,58.014472],[-67.71524,58.001085],[-67.730336,57.983629],[-67.740142,57.963731],[-67.738596,57.943061],[-67.733795,57.938056],[-67.724355,57.931383],[-67.71349,57.927069],[-67.704416,57.928778],[-67.701324,57.937812],[-67.704416,57.949408],[-67.711903,57.96662],[-67.706654,57.99079],[-67.69343,58.005927],[-67.656646,58.031195],[-67.641835,58.04914],[-67.639068,58.06505],[-67.645904,58.080512],[-67.660024,58.096666],[-67.662424,58.115953],[-67.646311,58.138739],[-67.608795,58.175849],[-67.595855,58.200751],[-67.573232,58.226386],[-67.56786,58.230414],[-67.560374,58.23192],[-67.544057,58.230658],[-67.536855,58.233832],[-67.502838,58.263495],[-67.484486,58.275865],[-67.464833,58.285102],[-67.436594,58.286363],[-67.397776,58.2838],[-67.363515,58.286119],[-67.332143,58.323961],[-67.294749,58.334784],[-67.232086,58.339667],[-67.218007,58.343614],[-67.204823,58.35102],[-67.180898,58.370673],[-67.160227,58.380235],[-67.141916,58.375352],[-67.125844,58.365546],[-67.111969,58.360175],[-67.099273,58.36046],[-67.086903,58.362779],[-67.075999,58.369086],[-67.067616,58.381293],[-67.064198,58.39293],[-67.066477,58.399766],[-67.072581,58.40766],[-67.080637,58.422187],[-67.040639,58.422553],[-67.023427,58.426703],[-67.006174,58.43651],[-66.970774,58.476996],[-66.965199,58.487372],[-66.946645,58.498358],[-66.909983,58.500434],[-66.883656,58.486558],[-66.896311,58.44953],[-66.872426,58.444159],[-66.860463,58.439765],[-66.855336,58.432807],[-66.852203,58.425035],[-66.845937,58.433051],[-66.840932,58.445014],[-66.841664,58.44953],[-66.811025,58.464911],[-66.801991,58.477729],[-66.806874,58.497992],[-66.710683,58.497992],[-66.661122,58.491075],[-66.635406,58.490912],[-66.615102,58.497992],[-66.659901,58.525458],[-66.66926,58.539984],[-66.639394,58.546373],[-66.624013,58.551337],[-66.623158,58.563463],[-66.627756,58.578721],[-66.628774,58.592882],[-66.618072,58.605821],[-66.601145,58.618516],[-66.588531,58.631293],[-66.591217,58.644721],[-66.596547,58.655097],[-66.598704,58.668687],[-66.595367,58.677191],[-66.584381,58.672349],[-66.571441,58.66942],[-66.563222,58.682196],[-66.553619,58.710191],[-66.526967,58.71955],[-66.496205,58.718573],[-66.468658,58.721991],[-66.451283,58.744371],[-66.475819,58.750067],[-66.484731,58.755316],[-66.490956,58.764838],[-66.47468,58.771593],[-66.463368,58.786607],[-66.461049,58.802802],[-66.47175,58.812608],[-66.461171,58.824205],[-66.443918,58.832831],[-66.424184,58.83808],[-66.406239,58.839952],[-66.402984,58.842027],[-66.39802,58.846625],[-66.391225,58.851304],[-66.382395,58.853583],[-66.37442,58.852769],[-66.361928,58.848375],[-66.347035,58.845811],[-66.347483,58.841986],[-66.349721,58.837226],[-66.347564,58.833116],[-66.294667,58.803412],[-66.252512,58.795111],[-66.236643,58.784003],[-66.210439,58.757392],[-66.193959,58.749091],[-66.145741,58.733507],[-66.128774,58.730699],[-66.115834,58.726304],[-66.110341,58.715033],[-66.107167,58.699652],[-66.101186,58.682929],[-66.092519,58.67121],[-66.078847,58.658515],[-66.062734,58.650255],[-66.046539,58.651842],[-66.027008,58.65766],[-66.007476,58.656846],[-65.997141,58.649156],[-66.004994,58.634508],[-65.990305,58.629381],[-65.957509,58.626288],[-65.944163,58.620836],[-65.937164,58.609442],[-65.940256,58.5963],[-65.94933,58.582587],[-65.960317,58.569322],[-65.966664,58.565253],[-65.972279,58.565131],[-65.976145,58.563666],[-65.977651,58.555732],[-65.979482,58.549913],[-65.983998,58.541978],[-65.989654,58.535102],[-66.006744,58.525946],[-66.014475,58.512274],[-66.018219,58.498236],[-66.018625,58.491075],[-66.014882,58.479804],[-66.002268,58.457221],[-65.992828,58.430894],[-65.998769,58.408555],[-66.020741,58.39525],[-66.072255,58.379381],[-66.09496,58.360175],[-66.075185,58.336615],[-66.065094,58.32982],[-66.053375,58.332831],[-66.046213,58.34455],[-66.042144,58.360419],[-66.035146,58.376288],[-66.018625,58.388129],[-65.998525,58.392646],[-65.982533,58.393622],[-65.969228,58.39704],[-65.957183,58.408555],[-65.956207,58.415351],[-65.957387,58.424669],[-65.95759,58.432929],[-65.953765,58.43651],[-65.927561,58.442979],[-65.923004,58.442694],[-65.925445,58.45954],[-65.94636,58.465562],[-65.971099,58.468858],[-65.985097,58.477484],[-65.979563,58.490098],[-65.962636,58.503852],[-65.920562,58.529486],[-65.911733,58.532538],[-65.905181,58.537909],[-65.902577,58.54914],[-65.90217,58.55858],[-65.90038,58.566392],[-65.89623,58.57331],[-65.888905,58.579901],[-65.873525,58.583808],[-65.843577,58.574449],[-65.827504,58.579901],[-65.857167,58.591905],[-65.861643,58.596625],[-65.864247,58.597846],[-65.874501,58.623155],[-65.875234,58.628282],[-65.896392,58.638983],[-65.918568,58.642401],[-65.937815,58.648912],[-65.944163,58.669257],[-65.944163,58.675482],[-65.961659,58.688056],[-66.014719,58.690253],[-66.039703,58.696601],[-66.035634,58.709784],[-66.035634,58.730292],[-66.038564,58.749091],[-66.043121,58.757392],[-66.094594,58.772528],[-66.108632,58.77912],[-66.092275,58.789008],[-66.039703,58.847398],[-66.026519,58.858466],[-66.019195,58.861192],[-66.011952,58.857001],[-65.970855,58.82628],[-65.944936,58.841498],[-65.859527,58.832831],[-65.827504,58.839952],[-65.809641,58.847602],[-65.79955,58.853583],[-65.795644,58.863471],[-65.802113,58.867296],[-65.885365,58.871894],[-65.936676,58.881537],[-65.964996,58.891059],[-65.983062,58.904853],[-65.982249,58.917182],[-65.943715,58.924628],[-65.923695,58.934027],[-65.870839,58.940741],[-65.861643,58.942979],[-65.853912,58.961127],[-65.868804,58.977647],[-65.886138,58.993232],[-65.885487,59.008165],[-65.869252,59.00849],[-65.756256,58.975775],[-65.704823,58.94831],[-65.686594,58.93244],[-65.677358,58.928575],[-65.670969,58.936591],[-65.668813,58.949327],[-65.672597,58.960069],[-65.680653,58.967637],[-65.688791,58.973863],[-65.69815,58.979112],[-65.793324,59.005072],[-65.784291,59.015611],[-65.770579,59.019151],[-65.738108,59.018134],[-65.747467,59.023139],[-65.779042,59.032335],[-65.75414,59.032904],[-65.729075,59.037584],[-65.683461,59.052802],[-65.683461,59.046007],[-65.654856,59.046495],[-65.60558,59.013739],[-65.507069,58.988105],[-65.491689,58.9914],[-65.501943,59.005072],[-65.515492,59.01317],[-65.531484,59.017035],[-65.549428,59.018134],[-65.560658,59.021715],[-65.594106,59.046007],[-65.581288,59.052069],[-65.542348,59.064276],[-65.529205,59.066514],[-65.511586,59.065619],[-65.500315,59.062934],[-65.477406,59.052802],[-65.443674,59.045111],[-65.349436,59.039781],[-65.319732,59.046007],[-65.319732,59.052802],[-65.349721,59.064561],[-65.425608,59.063585],[-65.466786,59.083238],[-65.51301,59.092393],[-65.529205,59.093817],[-65.532786,59.09748],[-65.536529,59.104438],[-65.541615,59.108832],[-65.549428,59.104682],[-65.554351,59.09748],[-65.556386,59.091986],[-65.559316,59.086778],[-65.566762,59.080756],[-65.581695,59.075059],[-65.603179,59.07099],[-65.625396,59.069932],[-65.642486,59.07331],[-65.651031,59.083197],[-65.665679,59.113959],[-65.710805,59.151068],[-65.717641,59.158311],[-65.71581,59.175645],[-65.70995,59.185655],[-65.699371,59.191718],[-65.683461,59.196845],[-65.700754,59.206407],[-65.717437,59.210028],[-65.732533,59.215522],[-65.744944,59.230414],[-65.736399,59.241075],[-65.744944,59.252061],[-65.742787,59.262152],[-65.742665,59.26789],[-65.739329,59.270616],[-65.727528,59.271308],[-65.680247,59.263983],[-65.650258,59.244859],[-65.594106,59.189399],[-65.593332,59.207465],[-65.612131,59.249376],[-65.602935,59.257107],[-65.598948,59.256171],[-65.58967,59.251532],[-65.582509,59.246812],[-65.580434,59.244615],[-65.56786,59.245958],[-65.563873,59.248847],[-65.562245,59.253852],[-65.556223,59.261705],[-65.543324,59.264635],[-65.510121,59.253892],[-65.491689,59.258287],[-65.491689,59.265082],[-65.509877,59.272528],[-65.539215,59.294623],[-65.556223,59.299262],[-65.56607,59.30744],[-65.57372,59.326524],[-65.578684,59.348334],[-65.580434,59.364732],[-65.55899,59.376654],[-65.51061,59.358466],[-65.371816,59.280097],[-65.357574,59.282172],[-65.405426,59.340196],[-65.425404,59.343004],[-65.440297,59.351752],[-65.447174,59.366767],[-65.443227,59.388617],[-65.432932,59.40294],[-65.41926,59.406317],[-65.381825,59.402289],[-65.406728,59.417426],[-65.497914,59.436387],[-65.497914,59.443834],[-65.47057,59.443834],[-65.47057,59.450059],[-65.492909,59.459174],[-65.520375,59.465522],[-65.545318,59.474351],[-65.559926,59.491034],[-65.526357,59.489691],[-65.457509,59.472357],[-65.42276,59.470567],[-65.380523,59.482978],[-65.364125,59.484809],[-65.245961,59.472764],[-65.203033,59.463121],[-65.197743,59.462877],[-65.191151,59.463487],[-65.185536,59.463121],[-65.183217,59.460028],[-65.181956,59.452582],[-65.178375,59.444892],[-65.172922,59.43891],[-65.06192,59.388007],[-65.052846,59.381171],[-65.041819,59.382758],[-65.003082,59.375678],[-64.983957,59.381171],[-65.033111,59.390937],[-65.082346,59.410631],[-65.126861,59.436103],[-65.181264,59.475775],[-65.202016,59.482245],[-65.251454,59.491034],[-65.313385,59.509385],[-65.39269,59.512071],[-65.411855,59.51789],[-65.428944,59.53205],[-65.489084,59.626166],[-65.519399,59.702582],[-65.529693,59.718614],[-65.546254,59.731269],[-65.52184,59.750312],[-65.484731,59.760484],[-65.466379,59.77143],[-65.497914,59.79267],[-65.491689,59.799547],[-65.489613,59.798448],[-65.484242,59.799547],[-65.459462,59.792548],[-65.453765,59.789618],[-65.445912,59.786973],[-65.440256,59.793402],[-65.432688,59.809434],[-65.417714,59.815253],[-65.400543,59.810777],[-65.383168,59.80329],[-65.367543,59.799547],[-65.373931,59.809272],[-65.379384,59.820502],[-65.378977,59.829779],[-65.367828,59.833686],[-65.353586,59.835924],[-65.33609,59.845689],[-65.323476,59.847968],[-65.311106,59.846177],[-65.214223,59.820787],[-65.196197,59.813178],[-65.165842,59.79267],[-65.114003,59.782782],[-65.084096,59.771715],[-65.051503,59.766466],[-64.983957,59.764757],[-64.983957,59.772203],[-65.053131,59.779039],[-65.064117,59.782213],[-65.093251,59.796332],[-65.141469,59.806098],[-65.195058,59.834581],[-65.224192,59.841132],[-65.224192,59.847968],[-65.218495,59.848863],[-65.203033,59.854193],[-65.208648,59.863715],[-65.226389,59.875556],[-65.230946,59.882066],[-65.229726,59.892401],[-65.223378,59.895575],[-65.215566,59.893744],[-65.209828,59.888902],[-65.194569,59.887519],[-65.1669,59.876776],[-65.140452,59.871324],[-65.12857,59.885484],[-65.137807,59.900214],[-65.160064,59.907945],[-65.209828,59.915595],[-65.209828,59.923041],[-65.17927,59.921942],[-65.169545,59.923041],[-65.15038,59.929023],[-65.145334,59.929877],[-65.141103,59.931627],[-65.141469,59.935736],[-65.142893,59.940375],[-65.141591,59.943549],[-65.139475,59.947333],[-65.141672,59.951606],[-65.142161,59.955064],[-65.135121,59.95661],[-65.120717,59.95482],[-65.106842,59.950995],[-65.099273,59.946967],[-65.08019,59.929877],[-65.070912,59.943305],[-65.085032,59.956244],[-65.12857,59.977647],[-65.113393,59.982856],[-65.098541,59.981757],[-65.083323,59.978583],[-65.066518,59.977647],[-65.074941,59.989732],[-65.088938,59.995958],[-65.104563,60.000718],[-65.117665,60.008368],[-65.123931,60.018744],[-65.122629,60.033271],[-65.12857,60.03974],[-65.12857,60.046576],[-65.068471,60.046495],[-65.046051,60.054755],[-65.024973,60.080756],[-65.053334,60.087836],[-65.065297,60.094591],[-65.0631,60.104315],[-65.052642,60.109809],[-65.035268,60.116278],[-65.019032,60.120185],[-65.011871,60.118232],[-65.008412,60.111151],[-65.001047,60.116278],[-64.993886,60.124986],[-64.991363,60.129096],[-64.994252,60.130845],[-64.996653,60.137803],[-64.997222,60.146348],[-64.994781,60.152696],[-64.983144,60.156236],[-64.973053,60.153022],[-64.966135,60.154731],[-64.96349,60.173163],[-64.951527,60.193427],[-64.924184,60.196519],[-64.894154,60.195746],[-64.874094,60.20421],[-64.88036,60.21894],[-64.957265,60.258857],[-64.906158,60.272691],[-64.884348,60.281928],[-64.864125,60.296373],[-64.846913,60.313422],[-64.837026,60.329169],[-64.839711,60.343207],[-64.860463,60.355048],[-64.860463,60.361274],[-64.848785,60.365709],[-64.838938,60.36522],[-64.829579,60.362738],[-64.819447,60.361274],[-64.778472,60.361274],[-64.758168,60.35753],[-64.722768,60.344184],[-64.710276,60.341376],[-64.686879,60.335028],[-64.676096,60.33393],[-64.683339,60.343573],[-64.687367,60.345649],[-64.696604,60.347602],[-64.696604,60.355048],[-64.676381,60.350043],[-64.627512,60.346747],[-64.61026,60.337633],[-64.598012,60.329413],[-64.545766,60.306627],[-64.531406,60.303901],[-64.533291,60.302573],[-64.558044,60.303348],[-64.581453,60.301384],[-64.604656,60.297922],[-64.628995,60.294098],[-64.638963,60.293491],[-64.65318,60.292625],[-64.677985,60.293529],[-64.702918,60.294615],[-64.727671,60.293788],[-64.764207,60.289602],[-64.808313,60.280765],[-64.844667,60.264125],[-64.858025,60.236324],[-64.842781,60.218857],[-64.809553,60.197721],[-64.773302,60.180203],[-64.748885,60.173614],[-64.707879,60.179815],[-64.669613,60.183407],[-64.635997,60.17426],[-64.608842,60.14204],[-64.602563,60.12925],[-64.599178,60.117829],[-64.602795,60.109639],[-64.617368,60.106461],[-64.643981,60.106357],[-64.670647,60.106202],[-64.69726,60.106047],[-64.723873,60.105892],[-64.74103,60.101422],[-64.7324,60.091604],[-64.714675,60.081604],[-64.704675,60.076178],[-64.705141,60.064215],[-64.716432,60.058557],[-64.732374,60.056102],[-64.746766,60.053854],[-64.763897,60.048686],[-64.781544,60.04357],[-64.799398,60.039927],[-64.817175,60.039281],[-64.835391,60.044397],[-64.856423,60.053311],[-64.877352,60.059745],[-64.895232,60.057316],[-64.904224,60.047756],[-64.899676,60.03954],[-64.888463,60.031556],[-64.877456,60.02259],[-64.870712,60.012229],[-64.866009,60.000782],[-64.861617,59.989388],[-64.855752,59.979233],[-64.845339,59.968278],[-64.835365,59.963937],[-64.823066,59.964971],[-64.805729,59.969983],[-64.7902,59.97174],[-64.776893,59.968175],[-64.764336,59.96187],[-64.751055,59.955617],[-64.722969,59.951328],[-64.690077,59.949054],[-64.663515,59.940373],[-64.654394,59.916679],[-64.670698,59.883374],[-64.701394,59.884019],[-64.737025,59.891848],[-64.767695,59.880066],[-64.767592,59.868852],[-64.755344,59.859706],[-64.744234,59.851489],[-64.747722,59.843169],[-64.764258,59.836658],[-64.781596,59.833015],[-64.798597,59.828441],[-64.8141,59.818985],[-64.804359,59.811802],[-64.801465,59.805394],[-64.801801,59.798779],[-64.801879,59.791441],[-64.803481,59.789943],[-64.80684,59.786015],[-64.810276,59.781261],[-64.811878,59.777282],[-64.811373,59.775559],[-64.810302,59.771907],[-64.806426,59.765706],[-64.802008,59.759402],[-64.798804,59.753666],[-64.795368,59.744519],[-64.791879,59.735321],[-64.788624,59.726406],[-64.78573,59.718138],[-64.781337,59.709947],[-64.776557,59.704289],[-64.774456,59.699216],[-64.825051,59.680538],[-64.86551,59.670773],[-64.885041,59.663797],[-64.901783,59.641475],[-64.903178,59.603807],[-64.893412,59.564743],[-64.854349,59.545211],[-64.82791,59.537378],[-64.826554,59.533602],[-64.802163,59.520088],[-64.794722,59.519055],[-64.786531,59.519106],[-64.778573,59.518202],[-64.771881,59.514249],[-64.770175,59.509288],[-64.772294,59.504895],[-64.774955,59.500942],[-64.77493,59.497299],[-64.765679,59.485155],[-64.755861,59.474639],[-64.744673,59.465156],[-64.731315,59.456319],[-64.702014,59.447276],[-64.671964,59.450325],[-64.641785,59.459213],[-64.611942,59.46774],[-64.579205,59.4773],[-64.547243,59.490426],[-64.515772,59.504689],[-64.484508,59.517866],[-64.45345,59.525876],[-64.414099,59.52908],[-64.376194,59.523499],[-64.349374,59.505102],[-64.346144,59.491925],[-64.35573,59.484225],[-64.372474,59.479212],[-64.390767,59.474096],[-64.412523,59.466603],[-64.434279,59.459084],[-64.455879,59.451204],[-64.47717,59.442574],[-64.49182,59.436424],[-64.503422,59.429525],[-64.506367,59.421076],[-64.495102,59.410069],[-64.485903,59.399527],[-64.492776,59.392292],[-64.507323,59.387383],[-64.521095,59.384179],[-64.537192,59.372707],[-64.523317,59.358496],[-64.505308,59.341727],[-64.509235,59.322736],[-64.518537,59.315605],[-64.528743,59.307285],[-64.536469,59.297363],[-64.538277,59.285632],[-64.532464,59.275788],[-64.522258,59.268321],[-64.512413,59.260698],[-64.507452,59.250079],[-64.512103,59.236436],[-64.523084,59.224292],[-64.532877,59.211347],[-64.533988,59.195302],[-64.52789,59.185664],[-64.518382,59.178533],[-64.507711,59.172435],[-64.498125,59.165743],[-64.489211,59.146778],[-64.491278,59.125926],[-64.489521,59.105721],[-64.469108,59.088383],[-64.44451,59.081872],[-64.417794,59.079883],[-64.390664,59.078332],[-64.364929,59.073345],[-64.348082,59.066214],[-64.332941,59.056912],[-64.318782,59.046112],[-64.304881,59.034433],[-64.292065,59.007251],[-64.318317,58.992213],[-64.358883,58.985392],[-64.388958,58.983222],[-64.413996,58.981982],[-64.437896,58.982912],[-64.461124,58.987433],[-64.48425,58.996709],[-64.502207,59.001567],[-64.521069,59.001825],[-64.539492,59.002394],[-64.556235,59.00844],[-64.576725,59.017948],[-64.596827,59.021152],[-64.617523,59.022082],[-64.639899,59.024976],[-64.655635,59.030144],[-64.665401,59.036604],[-64.673592,59.044458],[-64.684651,59.053967],[-64.715863,59.065697],[-64.754207,59.065077],[-64.792655,59.054587],[-64.824126,59.036759],[-64.832135,59.028594],[-64.845416,59.014228],[-64.85787,59.000352],[-64.863529,58.993686],[-64.861927,58.986116],[-64.854175,58.979553],[-64.844719,58.973403],[-64.838026,58.96715],[-64.8403,58.956324],[-64.855183,58.948056],[-64.872521,58.941364],[-64.882158,58.935059],[-64.875983,58.925292],[-64.85663,58.918161],[-64.83521,58.91351],[-64.822679,58.91134],[-64.791337,58.913665],[-64.762088,58.927411],[-64.732839,58.940899],[-64.701549,58.94232],[-64.667029,58.928961],[-64.636463,58.911986],[-64.605043,58.896405],[-64.567991,58.887259],[-64.543626,58.887465],[-64.519596,58.890979],[-64.495541,58.894803],[-64.471331,58.895889],[-64.447714,58.89284],[-64.424589,58.888034],[-64.401386,58.883848],[-64.377331,58.882814],[-64.346454,58.885062],[-64.31041,58.884675],[-64.278164,58.875166],[-64.258553,58.850052],[-64.25863,58.835169],[-64.264366,58.821423],[-64.269844,58.807729],[-64.269095,58.792846],[-64.261524,58.781787],[-64.249845,58.774346],[-64.23659,58.769591],[-64.223826,58.766465],[-64.188066,58.757292],[-64.15706,58.750781],[-64.126339,58.752486],[-64.091276,58.767834],[-64.056265,58.789642],[-64.020273,58.809408],[-63.982187,58.823335],[-63.94113,58.827417],[-63.917178,58.825789],[-63.891056,58.824394],[-63.865192,58.825169],[-63.841912,58.829794],[-63.827701,58.837262],[-63.816642,58.847261],[-63.806332,58.857855],[-63.794111,58.867312],[-63.760418,58.879094],[-63.72626,58.878525],[-63.692515,58.870154],[-63.659907,58.858604],[-63.637273,58.852532],[-63.61513,58.848915],[-63.5934,58.844264],[-63.571825,58.835272],[-63.555237,58.824782],[-63.539449,58.813361],[-63.523998,58.801476],[-63.508366,58.789694],[-63.483742,58.758636],[-63.497824,58.73719],[-63.533584,58.723496],[-63.574073,58.7159],[-63.630297,58.709543],[-63.686986,58.705409],[-63.743726,58.702102],[-63.800157,58.698433],[-63.820621,58.69833],[-63.840594,58.700242],[-63.860463,58.70298],[-63.880772,58.704996],[-63.900099,58.702205],[-63.917824,58.694454],[-63.935368,58.686599],[-63.953998,58.68324],[-63.993427,58.68479],[-64.028567,58.68231],[-64.059418,58.669029],[-64.086083,58.637816],[-64.096547,58.6142],[-64.099183,58.592083],[-64.093266,58.571412],[-64.077995,58.552034],[-64.052674,58.533172],[-64.030453,58.526764],[-64.006553,58.527952],[-63.976012,58.532138],[-63.948132,58.543352],[-63.919375,58.560198],[-63.89041,58.566839],[-63.861885,58.547538],[-63.857234,58.536686],[-63.855554,58.525369],[-63.852221,58.51493],[-63.842609,58.50661],[-63.825685,58.496481],[-63.818166,58.486043],[-63.819872,58.474106],[-63.830698,58.459507],[-63.864572,58.438294],[-63.901029,58.434935],[-63.939528,58.437519],[-63.979397,58.433979],[-64.002548,58.420827],[-64.016785,58.401733],[-64.030143,58.383388],[-64.050814,58.372303],[-64.07691,58.368479],[-64.105151,58.364655],[-64.132617,58.358635],[-64.15644,58.348118],[-64.16706,58.338765],[-64.171891,58.329308],[-64.174992,58.318973],[-64.180496,58.307139],[-64.185741,58.293858],[-64.188247,58.27913],[-64.191141,58.264196],[-64.197445,58.250347],[-64.209176,58.237996],[-64.224731,58.22748],[-64.241991,58.219806],[-64.258734,58.216033],[-64.303976,58.21301],[-64.350821,58.206447],[-64.38963,58.187715],[-64.410766,58.14826],[-64.418982,58.123946],[-64.428568,58.097023],[-64.427638,58.074802],[-64.404255,58.064518],[-64.384928,58.064777],[-64.365859,58.065965],[-64.34679,58.066068],[-64.327438,58.062839],[-64.308343,58.056405],[-64.292608,58.050669],[-64.276407,58.047284],[-64.255917,58.047878],[-64.221372,58.045243],[-64.213388,58.028138],[-64.216307,58.003256],[-64.214395,57.977547],[-64.201399,57.956618],[-64.183415,57.937239],[-64.164734,57.918015],[-64.149955,57.897552],[-64.129439,57.859931],[-64.094144,57.805955],[-64.053888,57.767895],[-64.018852,57.778127],[-64.016165,57.790581],[-64.015854,57.804534],[-64.010583,57.813681],[-63.992858,57.812027],[-63.975599,57.807505],[-63.957408,57.804431],[-63.939425,57.800968],[-63.922837,57.795646],[-63.911106,57.783243],[-63.906197,57.765027],[-63.901856,57.745726],[-63.891883,57.730352],[-63.878447,57.725521],[-63.862324,57.725004],[-63.847028,57.72379],[-63.836331,57.717149],[-63.830336,57.704902],[-63.825349,57.694153],[-63.81752,57.68852],[-63.802948,57.691724],[-63.788323,57.706452],[-63.779952,57.723505],[-63.769513,57.730533],[-63.748842,57.715056],[-63.735277,57.695962],[-63.716751,57.671829],[-63.695926,57.658961],[-63.675255,57.673689],[-63.670242,57.684645],[-63.666806,57.696401],[-63.663783,57.708312],[-63.660166,57.719914],[-63.64921,57.731153],[-63.630555,57.738026],[-63.610582,57.739499],[-63.595777,57.734228],[-63.583943,57.708054],[-63.595415,57.680976],[-63.61792,57.656739],[-63.639211,57.639118],[-63.667219,57.624597],[-63.700525,57.614313],[-63.732435,57.603177],[-63.756594,57.586201],[-63.76494,57.564394],[-63.763777,57.538323],[-63.760625,57.510934],[-63.763002,57.485225],[-63.764629,57.462643],[-63.757498,57.440835],[-63.744269,57.421715],[-63.727862,57.407271],[-63.707915,57.385231],[-63.717656,57.370504],[-63.743675,57.361357],[-63.772769,57.355931],[-63.786359,57.351487],[-63.799201,57.344355],[-63.812249,57.336759],[-63.826615,57.331075],[-63.837984,57.325338],[-63.842067,57.317019],[-63.842919,57.306761],[-63.84478,57.295366],[-63.856329,57.271311],[-63.869197,57.249788],[-63.875656,57.22736],[-63.868422,57.200592],[-63.85018,57.191807],[-63.835478,57.218937],[-63.825298,57.255369],[-63.820492,57.274541],[-63.800725,57.275832],[-63.773363,57.263068],[-63.750238,57.244103],[-63.743313,57.22674],[-63.752563,57.210203],[-63.765172,57.196509],[-63.778608,57.183487],[-63.790235,57.168914],[-63.792535,57.158475],[-63.788323,57.149225],[-63.782742,57.139613],[-63.780882,57.128012],[-63.795248,57.100908],[-63.821577,57.090572],[-63.850283,57.084268],[-63.871729,57.069333],[-63.876044,57.059205],[-63.880669,57.044115],[-63.884028,57.029129],[-63.884648,57.019517],[-63.877181,57.00727],[-63.867827,56.998537],[-63.865889,56.991767],[-63.880746,56.985566],[-63.900409,56.975024],[-63.912398,56.957351],[-63.915395,56.936602],[-63.908238,56.916785],[-63.898084,56.909136],[-63.883201,56.900713],[-63.871626,56.890636],[-63.871367,56.878131],[-63.883511,56.873221],[-63.904673,56.873867],[-63.927178,56.87596],[-63.943249,56.875495],[-63.970793,56.86702],[-63.997432,56.854773],[-64.010842,56.836996],[-63.998853,56.811571],[-63.992858,56.788627],[-64.019782,56.777568],[-64.057454,56.771936],[-64.083551,56.765631],[-64.099854,56.75142],[-64.115745,56.731266],[-64.125719,56.709278],[-64.124117,56.689512],[-64.106056,56.669435],[-64.082078,56.656129],[-64.057325,56.643985],[-64.036887,56.627293],[-64.026991,56.611403],[-64.022159,56.599569],[-64.014976,56.589285],[-63.997974,56.578097],[-63.982962,56.571896],[-63.967227,56.56585],[-63.953016,56.557711],[-63.942577,56.545076],[-63.941647,56.524664],[-63.947745,56.502624],[-63.947047,56.483478],[-63.925627,56.47167],[-63.893278,56.463014],[-63.874649,56.451645],[-63.877129,56.439346],[-63.90798,56.42777],[-63.961465,56.419606],[-64.010971,56.419037],[-64.060787,56.423895],[-64.115047,56.43206],[-64.127036,56.434153],[-64.145433,56.436142],[-64.162305,56.434488],[-64.169669,56.425652],[-64.163856,56.41449],[-64.150317,56.407823],[-64.134994,56.403328],[-64.123858,56.398392],[-64.108149,56.375371],[-64.105151,56.347801],[-64.114711,56.321782],[-64.136571,56.303695],[-64.129879,56.297856],[-64.12236,56.293774],[-64.114582,56.289949],[-64.107167,56.285066],[-64.102748,56.279795],[-64.098718,56.273129],[-64.094919,56.26685],[-64.09107,56.262819],[-64.073009,56.256282],[-64.054999,56.255946],[-64.03637,56.25915],[-64.01663,56.263336],[-63.987226,56.261941],[-63.941725,56.253001],[-63.898704,56.237705],[-63.876897,56.217292],[-63.8878,56.194219],[-63.92232,56.182979],[-63.962834,56.177347],[-63.991618,56.171171],[-64.010945,56.155591],[-64.018412,56.136341],[-64.020014,56.114146],[-64.021746,56.089807],[-64.010325,56.069756],[-63.976632,56.077689],[-63.939012,56.096525],[-63.915757,56.109237],[-63.901107,56.114611],[-63.881392,56.120347],[-63.861807,56.123293],[-63.847725,56.120347],[-63.841395,56.112027],[-63.846149,56.105826],[-63.856794,56.100297],[-63.868292,56.094147],[-63.877517,56.085285],[-63.877904,56.078593],[-63.870928,56.07451],[-63.858009,56.073632],[-63.843927,56.07234],[-63.840103,56.067224],[-63.839199,56.060222],[-63.834108,56.053401],[-63.804317,56.043246],[-63.771063,56.042962],[-63.736595,56.046398],[-63.70316,56.047277],[-63.684247,56.043091],[-63.665798,56.035546],[-63.647324,56.027407],[-63.628436,56.02149],[-63.607456,56.018364],[-63.587198,56.017563],[-63.566941,56.018545],[-63.546116,56.021051],[-63.527771,56.024436],[-63.494181,56.029552],[-63.461263,56.030818],[-63.444933,56.022834],[-63.450618,56.012189],[-63.466637,56.004385],[-63.484698,55.999373],[-63.496661,55.997151],[-63.516505,55.996066],[-63.536194,55.996608],[-63.555702,55.996066],[-63.574951,55.991725],[-63.590687,55.985369],[-63.607921,55.977669],[-63.625206,55.969762],[-63.64151,55.962373],[-63.667736,55.952037],[-63.691033,55.941164],[-63.694545,55.942418],[-63.729158,55.936953],[-63.76195,55.933309],[-63.789276,55.931488],[-63.814781,55.920557],[-63.840285,55.91327],[-63.842107,55.893231],[-63.825711,55.869548],[-63.781989,55.847687],[-63.767415,55.829469],[-63.767415,55.803965],[-63.76195,55.793034],[-63.743732,55.78939],[-63.710941,55.783925],[-63.696367,55.776638],[-63.692723,55.752955],[-63.703654,55.731094],[-63.710941,55.714698],[-63.727336,55.689194],[-63.74191,55.67462],[-63.749198,55.65458],[-63.727336,55.652759],[-63.70001,55.65458],[-63.681792,55.650937],[-63.66904,55.62361],[-63.674505,55.596284],[-63.674505,55.556205],[-63.685436,55.51977],[-63.712762,55.499731],[-63.743732,55.490622],[-63.769237,55.483335],[-63.767415,55.461474],[-63.738267,55.439613],[-63.641714,55.425039],[-63.577952,55.423217],[-63.510547,55.423217],[-63.455894,55.41593],[-63.390311,55.404999],[-63.361163,55.412286],[-63.33748,55.412286],[-63.330193,55.388604],[-63.342945,55.361277],[-63.375737,55.357634],[-63.455894,55.34306],[-63.490508,55.346703],[-63.526943,55.346703],[-63.554269,55.346703],[-63.577952,55.339416],[-63.57613,55.326664],[-63.557913,55.324842],[-63.536052,55.32302],[-63.541517,55.308446],[-63.572487,55.301159],[-63.599813,55.301159],[-63.645357,55.286585],[-63.659931,55.270189],[-63.645357,55.244685],[-63.594348,55.233754],[-63.550626,55.226467],[-63.495973,55.239219],[-63.46136,55.248328],[-63.41035,55.251972],[-63.41834,55.228004],[-63.419459,55.224645],[-63.454073,55.204606],[-63.497795,55.202784],[-63.498059,55.202718],[-63.53423,55.193675],[-63.548804,55.184567],[-63.5652,55.15724],[-63.588883,55.120805],[-63.601635,55.071618],[-63.585239,55.049757],[-63.583417,55.020608],[-63.577952,55.002391],[-63.57613,54.978708],[-63.59617,54.96049],[-63.597992,54.944095],[-63.594348,54.91859],[-63.605279,54.902194],[-63.659931,54.902194],[-63.690901,54.916768],[-63.738267,54.933164],[-63.77288,54.942273],[-63.814781,54.940451],[-63.820246,54.91859],[-63.845751,54.880333],[-63.836642,54.84572],[-63.82389,54.829324],[-63.838464,54.812928],[-63.884008,54.796532],[-63.904047,54.781958],[-63.89676,54.763741],[-63.871255,54.747345],[-63.789276,54.71091],[-63.758306,54.67994],[-63.729158,54.647148],[-63.740089,54.623465],[-63.802028,54.641683],[-63.858503,54.62893],[-63.881353,54.613351],[-63.898582,54.601604],[-63.965987,54.607069],[-64.051609,54.607069],[-64.113549,54.630752],[-64.144519,54.667187],[-64.162876,54.689216],[-64.180954,54.71091],[-64.244716,54.732771],[-64.313943,54.765562],[-64.392278,54.789245],[-64.457861,54.79471],[-64.503405,54.763741],[-64.538019,54.740058],[-64.576276,54.727305],[-64.631022,54.734149],[-64.634572,54.734592],[-64.674391,54.73592],[-64.689225,54.736414],[-64.714729,54.729127],[-64.76756,54.738236],[-64.771371,54.750429],[-64.776669,54.767384],[-64.765739,54.789245],[-64.758452,54.816571],[-64.782134,54.834789],[-64.811283,54.840254],[-64.847718,54.849363],[-64.855005,54.873046],[-64.871401,54.889442],[-64.940627,54.929521],[-65.004389,54.938629],[-65.053576,54.94956],[-65.102764,54.956847],[-65.162882,54.929521],[-65.193852,54.880333],[-65.221178,54.851185],[-65.274009,54.836611],[-65.29587,54.82568],[-65.317731,54.836611],[-65.352345,54.82568],[-65.379671,54.823859],[-65.399711,54.823859],[-65.425215,54.832967],[-65.472581,54.842076],[-65.48169,54.816571],[-65.458007,54.796532],[-65.445255,54.780136],[-65.44526,54.74552],[-65.479868,54.730949],[-65.545451,54.725484],[-65.55024,54.727878],[-65.574599,54.740058],[-65.625609,54.749166],[-65.651113,54.730949],[-65.662044,54.720018],[-65.67844,54.714553],[-65.680606,54.714824],[-65.698,54.72281],[-65.712676,54.738158],[-65.734251,54.759345],[-65.761898,54.778517],[-65.791534,54.796397],[-65.819052,54.816344],[-65.840188,54.841872],[-65.846699,54.856213],[-65.849283,54.868951],[-65.849489,54.881922],[-65.848662,54.897011],[-65.855975,54.907502],[-65.873571,54.913341],[-65.892898,54.916261],[-65.90561,54.91763],[-65.928503,54.922074],[-65.94969,54.926053],[-65.97111,54.927759],[-65.9947,54.925433],[-66.005862,54.921506],[-66.017309,54.915821],[-66.028755,54.911403],[-66.039917,54.911016],[-66.059321,54.918819],[-66.078881,54.930859],[-66.097846,54.944347],[-66.115261,54.956594],[-66.134123,54.965482],[-66.155026,54.970598],[-66.176549,54.973802],[-66.197194,54.9768],[-66.254322,54.998116],[-66.300573,55.033179],[-66.343025,55.073641],[-66.388836,55.11121],[-66.399998,55.119633],[-66.410825,55.128728],[-66.421961,55.137307],[-66.434001,55.144076],[-66.451261,55.150432],[-66.465472,55.154618],[-66.478831,55.160458],[-66.4933,55.171465],[-66.514978,55.194952],[-66.535701,55.219059],[-66.558903,55.240375],[-66.587997,55.255439],[-66.618486,55.257454],[-66.651068,55.25438],[-66.676751,55.257816],[-66.686751,55.279675],[-66.699567,55.307115],[-66.731399,55.327424],[-66.770415,55.338793],[-66.804366,55.339206],[-66.820205,55.336933],[-66.832039,55.334659],[-66.83824,55.329207],[-66.837155,55.317244],[-66.828344,55.30634],[-66.811756,55.293008],[-66.793592,55.280502],[-66.780104,55.271872],[-66.758142,55.259315],[-66.727911,55.24097],[-66.70091,55.220635],[-66.688715,55.201747],[-66.693753,55.192471],[-66.706905,55.188983],[-66.722537,55.186838],[-66.735249,55.181723],[-66.743078,55.17162],[-66.747316,55.15976],[-66.74977,55.146918],[-66.752328,55.133999],[-66.756979,55.121778],[-66.761242,55.113019],[-66.762328,55.104208],[-66.757444,55.091754],[-66.752251,55.085062],[-66.744783,55.077517],[-66.737006,55.069714],[-66.730779,55.062014],[-66.723544,55.051317],[-66.717033,55.043152],[-66.709178,55.035272],[-66.69812,55.025634],[-66.687681,55.017624],[-66.675201,55.007547],[-66.664788,54.996178],[-66.660758,54.984241],[-66.675124,54.974474],[-66.703959,54.9691],[-66.728195,54.95985],[-66.728815,54.938662],[-66.693236,54.903574],[-66.638356,54.851691],[-66.607117,54.803942],[-66.642464,54.781204],[-66.661429,54.782548],[-66.683263,54.784977],[-66.704424,54.784098],[-66.721064,54.775468],[-66.720341,54.76689],[-66.71016,54.757485],[-66.700497,54.748235],[-66.701349,54.740173],[-66.737006,54.733895],[-66.785039,54.745806],[-66.833254,54.764409],[-66.869401,54.778388],[-66.90343,54.788206],[-66.936167,54.799084],[-66.966501,54.814329],[-66.993295,54.837015],[-67.00208,54.85151],[-67.008902,54.86877],[-67.015878,54.884867],[-67.02518,54.896029],[-67.044481,54.904918],[-67.065436,54.91024],[-67.086726,54.914891],[-67.10688,54.921713],[-67.137989,54.938662],[-67.167032,54.957111],[-67.196746,54.974629],[-67.230051,54.988944],[-67.246923,54.992768],[-67.272684,54.998426],[-67.296972,55.005997],[-67.3094,55.01566],[-67.308625,55.026771],[-67.300977,55.034005],[-67.290461,55.039586],[-67.281082,55.045891],[-67.271909,55.055193],[-67.26886,55.061291],[-67.274131,55.065993],[-67.289815,55.071057],[-67.311416,55.077414],[-67.33374,55.083873],[-67.3564,55.088317],[-67.378827,55.088679],[-67.408076,55.080618],[-67.435077,55.063461],[-67.443495,55.050713],[-67.443495,55.034883],[-67.422859,54.99705],[-67.378147,54.948899],[-67.316238,54.893869],[-67.264648,54.8354],[-67.171785,54.78037],[-67.085801,54.732219],[-67.085801,54.680628],[-67.090228,54.676603],[-67.109247,54.659313],[-67.123634,54.646235],[-67.154588,54.61528],[-67.188527,54.612195],[-67.192421,54.611841],[-67.237133,54.587765],[-67.261208,54.570568],[-67.25433,54.546493],[-67.233693,54.515539],[-67.268087,54.484584],[-67.320479,54.504543],[-67.340314,54.512099],[-67.398783,54.553372],[-67.426298,54.570568],[-67.498525,54.594644],[-67.508437,54.58275],[-67.515722,54.574008],[-67.495085,54.539614],[-67.508843,54.488024],[-67.546676,54.484584],[-67.605145,54.470827],[-67.632524,54.484516],[-67.63266,54.484584],[-67.667054,54.460509],[-67.701447,54.450191],[-67.749599,54.426115],[-67.749599,54.381403],[-67.746159,54.34357],[-67.691129,54.305737],[-67.673932,54.264465],[-67.639539,54.230071],[-67.639539,54.188799],[-67.673932,54.168162],[-67.704887,54.154405],[-67.74272,54.154405],[-67.773674,54.12689],[-67.790871,54.099375],[-67.801189,54.064981],[-67.808068,54.034027],[-67.780553,54.006512],[-67.746159,53.982437],[-67.711765,53.972119],[-67.670493,53.944604],[-67.615463,53.923967],[-67.601706,53.886134],[-67.594827,53.858619],[-67.583484,53.855217],[-67.560433,53.848301],[-67.5226,53.837983],[-67.520384,53.832812],[-67.512282,53.813908],[-67.546676,53.80359],[-67.57763,53.796711],[-67.594827,53.782953],[-67.574191,53.765756],[-67.529479,53.758878],[-67.512282,53.731363],[-67.453924,53.709862],[-67.446934,53.707287],[-67.41254,53.69353],[-67.398783,53.635061],[-67.343753,53.586909],[-67.324955,53.568111],[-67.323117,53.566273],[-67.185542,53.542198],[-67.130299,53.529044],[-67.113316,53.525001],[-67.030771,53.514683],[-66.975741,53.47685],[-66.920711,53.435577],[-66.889757,53.414941],[-66.934468,53.397744],[-66.963772,53.38993],[-66.986059,53.383987],[-67.010134,53.353032],[-66.996377,53.325517],[-66.961983,53.294563],[-66.96493,53.247413],[-66.965423,53.239533],[-66.968862,53.187943],[-66.969911,53.183396],[-66.975741,53.181064],[-66.992938,53.167307],[-66.98262,53.143231],[-66.98262,53.105398],[-66.996377,53.081322],[-67.047968,53.074444],[-67.058286,53.09164],[-67.051407,53.122595],[-67.092679,53.122595],[-67.120194,53.122595],[-67.168345,53.153549],[-67.209618,53.153549],[-67.240572,53.167307],[-67.299041,53.156988],[-67.326556,53.132913],[-67.357511,53.129473],[-67.385026,53.105398],[-67.367829,53.015974],[-67.340314,52.978141],[-67.333435,52.943748],[-67.347193,52.916233],[-67.302481,52.868082],[-67.261208,52.861203],[-67.202739,52.826809],[-67.164906,52.81993],[-67.133952,52.857763],[-67.099558,52.871521],[-67.065372,52.874629],[-67.061725,52.87496],[-67.051407,52.809612],[-67.041089,52.775219],[-66.992701,52.760097],[-66.986059,52.758022],[-66.948226,52.737386],[-66.906953,52.696113],[-66.88287,52.676044],[-66.865681,52.66172],[-66.855363,52.689234],[-66.85226,52.726472],[-66.851924,52.730507],[-66.824409,52.723628],[-66.814091,52.692674],[-66.793454,52.678916],[-66.792062,52.678916],[-66.769379,52.678916],[-66.760165,52.703487],[-66.759061,52.706431],[-66.769379,52.764901],[-66.748743,52.775219],[-66.70747,52.771779],[-66.656694,52.795475],[-66.65588,52.795855],[-66.645562,52.826809],[-66.645562,52.888718],[-66.624925,52.936869],[-66.595539,52.938205],[-66.549259,52.940308],[-66.512528,52.955613],[-66.507987,52.957505],[-66.463275,52.995338],[-66.456396,53.029732],[-66.453585,53.030357],[-66.425442,53.036611],[-66.363533,53.002217],[-66.315382,52.936869],[-66.291307,52.902475],[-66.291117,52.899432],[-66.288997,52.865519],[-66.287867,52.847445],[-66.311943,52.844006],[-66.327775,52.853505],[-66.32914,52.854324],[-66.349776,52.861203],[-66.391048,52.871521],[-66.401366,52.844006],[-66.377291,52.799294],[-66.332709,52.737566],[-66.332579,52.737386],[-66.294746,52.637644],[-66.287867,52.610129],[-66.311943,52.610129],[-66.373852,52.668598],[-66.404806,52.647962],[-66.408245,52.589493],[-66.392151,52.56696],[-66.384745,52.556592],[-66.373852,52.541342],[-66.377291,52.503509],[-66.38417,52.469115],[-66.363533,52.4416],[-66.349776,52.383131],[-66.349776,52.359055],[-66.387609,52.369373],[-66.43576,52.376252],[-66.477178,52.33802],[-66.480472,52.33498],[-66.478682,52.331399],[-66.466714,52.307465],[-66.461021,52.28469],[-66.456396,52.266192],[-66.447284,52.251873],[-66.432321,52.228359],[-66.408245,52.218041],[-66.38417,52.173329],[-66.379924,52.160593],[-66.373852,52.142375],[-66.349776,52.132057],[-66.301625,52.132057],[-66.263792,52.156132],[-66.277549,52.22148],[-66.291307,52.252435],[-66.301625,52.286828],[-66.284428,52.307465],[-66.256913,52.297147],[-66.248516,52.28875],[-66.212805,52.253038],[-66.212201,52.252435],[-66.195004,52.22148],[-66.16405,52.214602],[-66.122778,52.200844],[-66.078066,52.16989],[-66.084945,52.121739],[-66.088384,52.090784],[-66.026475,52.080466],[-65.992082,52.05983],[-65.973214,52.069264],[-65.950809,52.080466],[-65.940491,52.094224],[-65.902658,52.080466],[-65.871704,52.097663],[-65.823553,52.107981],[-65.794987,52.100464],[-65.758205,52.090784],[-65.73069,52.087345],[-65.698899,52.103241],[-65.696296,52.104542],[-65.655024,52.107981],[-65.657198,52.093848],[-65.661902,52.06327],[-65.682539,52.025437],[-65.661902,51.987603],[-65.634387,52.015118],[-65.613751,52.032315],[-65.551843,52.032315],[-65.527767,52.056391],[-65.500252,52.097663],[-65.483055,52.066709],[-65.45898,52.025437],[-65.434904,52.0048],[-65.414268,51.984164],[-65.393632,51.977285],[-65.376435,51.984164],[-65.359238,51.94977],[-65.372996,51.918816],[-65.393632,51.89818],[-65.359238,51.850029],[-65.338602,51.819074],[-65.317966,51.853468],[-65.276693,51.867226],[-65.252618,51.846589],[-65.221663,51.825953],[-65.18383,51.822514],[-65.176952,51.79156],[-65.18383,51.774363],[-65.13224,51.757166],[-65.080649,51.750287],[-65.032498,51.760605],[-64.991226,51.73653],[-64.956832,51.722772],[-64.922438,51.729651],[-64.918999,51.760605],[-64.85709,51.774363],[-64.771106,51.764045],[-64.708563,51.732773],[-64.688561,51.722772],[-64.654168,51.691818],[-64.615983,51.651898],[-64.602614,51.637921],[-64.578502,51.612712],[-64.539871,51.596156],[-64.530351,51.592076],[-64.52839,51.59273],[-64.500643,51.601979],[-64.47876,51.609273],[-64.437488,51.640227],[-64.406533,51.653985],[-64.344625,51.667742],[-64.323988,51.695257],[-64.319176,51.70007],[-64.318014,51.701232],[-64.279277,51.739969],[-64.287404,51.766384],[-64.293034,51.784681],[-64.334307,51.819074],[-64.337558,51.871103],[-64.337746,51.874104],[-64.361822,51.966967],[-64.337746,52.011679],[-64.306792,51.991043],[-64.299385,51.985282],[-64.275837,51.966967],[-64.234565,51.980725],[-64.251762,52.011679],[-64.272398,52.039194],[-64.25864,52.083906],[-64.251762,52.11486],[-64.210489,52.128618],[-64.172656,52.11486],[-64.155459,52.132057],[-64.155939,52.132673],[-64.179535,52.163011],[-64.210489,52.22148],[-64.220807,52.266192],[-64.20705,52.304025],[-64.165778,52.321222],[-64.141702,52.355616],[-64.127945,52.38657],[-64.127945,52.427843],[-64.135993,52.464062],[-64.141702,52.489751],[-64.162338,52.531024],[-64.182974,52.55166],[-64.189853,52.572296],[-64.162338,52.596372],[-64.158899,52.637644],[-64.165778,52.675477],[-64.124505,52.696113],[-64.107308,52.720189],[-64.062597,52.727067],[-64.004127,52.733946],[-63.794326,52.771779],[-63.71866,52.778658],[-63.667069,52.813052],[-63.653312,52.837127],[-63.612039,52.861203],[-63.601721,52.81993],[-63.605161,52.785537],[-63.593566,52.776261],[-63.595777,52.770888],[-63.575571,52.768485],[-63.554539,52.760449],[-63.534049,52.750166],[-63.515575,52.741019],[-63.496506,52.734353],[-63.476663,52.729133],[-63.457155,52.72363],[-63.438887,52.715878],[-63.41031,52.697404],[-63.384188,52.673219],[-63.379097,52.651153],[-63.413566,52.638958],[-63.43558,52.639578],[-63.457827,52.642937],[-63.480047,52.646244],[-63.502165,52.646761],[-63.529631,52.644487],[-63.557019,52.642162],[-63.584485,52.639888],[-63.611874,52.637588],[-63.662749,52.63317],[-63.713625,52.628623],[-63.764449,52.624178],[-63.812621,52.620213],[-63.814962,52.620447],[-63.835708,52.616743],[-63.844203,52.615225],[-63.875934,52.60841],[-63.908691,52.598749],[-63.934605,52.588021],[-63.954101,52.579943],[-63.96677,52.57319],[-63.995459,52.55788],[-64.015674,52.543402],[-64.035284,52.526961],[-64.043605,52.519973],[-64.055486,52.507959],[-64.065351,52.497982],[-64.068926,52.494367],[-64.081173,52.473438],[-64.075437,52.453646],[-64.057752,52.443133],[-64.056812,52.442572],[-64.051866,52.436412],[-64.045581,52.428583],[-64.038135,52.418036],[-64.029053,52.397821],[-64.006408,52.375098],[-64.000903,52.369574],[-63.972656,52.353583],[-63.908647,52.338277],[-63.88972,52.333751],[-63.885105,52.335013],[-63.882,52.336965],[-63.855192,52.335772],[-63.805451,52.336876],[-63.773389,52.3351],[-63.749514,52.322388],[-63.750367,52.313345],[-63.762149,52.309314],[-63.776541,52.306833],[-63.785223,52.30226],[-63.783207,52.291227],[-63.771735,52.28022],[-63.757266,52.270557],[-63.735439,52.251506],[-63.7144,52.228647],[-63.693574,52.188288],[-63.6805,52.144053],[-63.671767,52.097802],[-63.66337,52.081886],[-63.649649,52.065866],[-63.640063,52.050622],[-63.644094,52.036979],[-63.670398,52.035739],[-63.714374,52.047108],[-63.759203,52.06199],[-63.788168,52.071396],[-63.819562,52.068114],[-63.808167,52.042612],[-63.774422,52.013621],[-63.738714,51.999798],[-63.705667,51.999798],[-63.67262,51.999798],[-63.639573,51.999798],[-63.606525,51.999798],[-63.395737,51.999824],[-63.29812,51.999824],[-63.200452,51.999824],[-62.997467,51.999824],[-62.79443,51.999824],[-62.591445,51.999824],[-62.388409,51.999824],[-62.185372,51.999824],[-61.982361,51.999875],[-61.678038,51.999875],[-61.373742,51.999875],[-61.069445,51.999875],[-60.765148,51.999927],[-60.460826,51.999927],[-60.156503,51.999927],[-59.852207,51.999927],[-59.54791,51.999927],[-59.299346,51.999927],[-59.050783,51.999979],[-58.802219,51.999979],[-58.55363,51.999979],[-58.305144,51.999979],[-58.05658,51.999979],[-57.934494,51.999979],[-57.81246,52.00003],[-57.559453,52.000082],[-57.450881,52.000082],[-57.342205,52.000082],[-57.233659,52.000082],[-57.125061,52.000082],[-57.100979,52.000082],[-57.100954,51.93559],[-57.100954,51.88965],[-57.100979,51.86531],[-57.100954,51.791594],[-57.100876,51.717825],[-57.100876,51.644031],[-57.100876,51.601605],[-57.100876,51.537035],[-57.100876,51.483628],[-57.100876,51.440116],[-57.100876,51.419213],[-57.100331,51.419013],[-57.139516,51.425116],[-57.162017,51.424913],[-57.171986,51.415595],[-57.189809,51.418809],[-57.224233,51.439805],[-57.246327,51.468329],[-57.227203,51.494086],[-57.249989,51.508287],[-57.281117,51.506781],[-57.359202,51.492255],[-57.398508,51.480414],[-57.411936,51.481391],[-57.424224,51.484605],[-57.437611,51.485704],[-57.453725,51.480414],[-57.442047,51.467882],[-57.441233,51.456732],[-57.449696,51.448676],[-57.466176,51.445665],[-57.471588,51.449164],[-57.47704,51.464057],[-57.483876,51.467393],[-57.48998,51.465522],[-57.493316,51.461046],[-57.496246,51.456244],[-57.500885,51.453111],[-57.603383,51.432685],[-57.597483,51.443427],[-57.582021,51.45775],[-57.576039,51.467393],[-57.59557,51.465522],[-57.626698,51.444648],[-57.670644,51.434882],[-57.678538,51.434394],[-57.685902,51.439521],[-57.690907,51.449042],[-57.69225,51.460028],[-57.6905,51.471015],[-57.685902,51.480414],[-57.71227,51.472602],[-57.732655,51.470445],[-57.748525,51.46308],[-57.761586,51.439521],[-57.766591,51.417182],[-57.770741,51.408271],[-57.778676,51.404731],[-57.791982,51.407945],[-57.799306,51.416205],[-57.800649,51.427436],[-57.795766,51.439521],[-57.813466,51.432929],[-57.841786,51.409776],[-57.876861,51.40058],[-57.926096,51.370551],[-57.968577,51.335639],[-57.977651,51.329657],[-58.040151,51.313666],[-58.049631,51.319688],[-58.059722,51.312323],[-58.124745,51.296088],[-58.133656,51.296495],[-58.147125,51.301825],[-58.152008,51.302314],[-58.162424,51.297187],[-58.181874,51.284369],[-58.234039,51.276923],[-58.25178,51.280341],[-58.261301,51.296088],[-58.259511,51.316881],[-58.254791,51.329169],[-58.260325,51.334947],[-58.289174,51.336412],[-58.27123,51.327623],[-58.299143,51.291205],[-58.289174,51.27501],[-58.333323,51.277655],[-58.412262,51.308417],[-58.453684,51.316596],[-58.570912,51.258124],[-58.59024,51.251085],[-58.595855,51.268378],[-58.608713,51.278388],[-58.62267,51.27733],[-58.631825,51.261339],[-58.628326,51.258857],[-58.621693,51.251329],[-58.616607,51.241889],[-58.618153,51.233385],[-58.627431,51.230455],[-58.641103,51.231676],[-58.653676,51.236518],[-58.659088,51.244249],[-58.663482,51.257148],[-58.671986,51.255683],[-58.67748,51.244208],[-58.672841,51.22724],[-58.656484,51.210924],[-58.635894,51.200507],[-58.59024,51.186225],[-58.603871,51.18358],[-58.611073,51.174018],[-58.616689,51.161811],[-58.62564,51.151475],[-58.639556,51.146308],[-58.670155,51.141832],[-58.683013,51.134385],[-58.704091,51.113959],[-58.716379,51.106513],[-58.779408,51.09337],[-58.789459,51.096869],[-58.797922,51.085395],[-58.809967,51.077582],[-58.822092,51.077704],[-58.830434,51.090033],[-58.840932,51.081651],[-58.846832,51.071519],[-58.850942,51.055284],[-58.842763,51.054633],[-58.836334,51.053331],[-58.832183,51.049628],[-58.830434,51.041612],[-58.848134,51.032416],[-58.864613,51.021104],[-58.885976,50.998358],[-58.892486,50.994452],[-58.912017,50.998236],[-58.90685,51.013292],[-58.885081,51.041612],[-58.895497,51.054999],[-58.913319,51.055528],[-58.932729,51.049058],[-58.947743,51.041612],[-58.954742,51.036566],[-58.965647,51.026109],[-58.974436,51.021104],[-58.982289,51.020575],[-58.990061,51.02265],[-58.998362,51.022325],[-59.007965,51.01496],[-58.996653,51.004136],[-58.986562,51.002875],[-58.976186,51.005927],[-58.963857,51.008124],[-58.954579,51.003119],[-58.956695,50.991563],[-58.966949,50.969591],[-58.968251,50.965277],[-58.9735,50.958564],[-58.974436,50.953477],[-58.971099,50.94835],[-58.957428,50.944078],[-58.953969,50.939195],[-58.95401,50.928819],[-58.956207,50.918402],[-58.960561,50.908067],[-58.966949,50.898261],[-58.957387,50.897406],[-58.950917,50.894517],[-58.940297,50.884589],[-58.967519,50.877021],[-58.968617,50.860582],[-58.958974,50.842353],[-58.953969,50.829332],[-58.961334,50.820665],[-58.97289,50.81623],[-58.983469,50.810533],[-58.988108,50.798651],[-58.993276,50.790839],[-59.005279,50.78559],[-59.029652,50.780951],[-59.02538,50.773627],[-59.021555,50.768256],[-59.016265,50.76435],[-59.007965,50.761054],[-59.03775,50.752427],[-59.066965,50.762397],[-59.089101,50.784369],[-59.097971,50.811957],[-59.093251,50.82567],[-59.070709,50.850653],[-59.063222,50.863471],[-59.062327,50.875474],[-59.065663,50.888048],[-59.073842,50.894355],[-59.087758,50.887681],[-59.098256,50.871568],[-59.112172,50.826361],[-59.125315,50.802069],[-59.186025,50.758002],[-59.186676,50.747382],[-59.202789,50.73192],[-59.22057,50.740424],[-59.238433,50.755805],[-59.254994,50.761054],[-59.262318,50.754706],[-59.261627,50.746202],[-59.259511,50.736558],[-59.262441,50.726915],[-59.270619,50.718695],[-59.276682,50.716539],[-59.284006,50.716132],[-59.295969,50.713324],[-59.317494,50.701606],[-59.34439,50.675116],[-59.364858,50.664862],[-59.378651,50.663764],[-59.409901,50.666612],[-59.419504,50.664862],[-59.42516,50.658026],[-59.424062,50.652167],[-59.417348,50.647528],[-59.405832,50.644395],[-59.415598,50.631944],[-59.427358,50.630194],[-59.439565,50.631171],[-59.450795,50.627021],[-59.458119,50.617011],[-59.468414,50.592475],[-59.451264,50.584265],[-59.423179,50.584368],[-59.410497,50.572409],[-59.41194,50.554542],[-59.423984,50.540013],[-59.454106,50.533749],[-59.495996,50.537405],[-59.510109,50.546255],[-59.520317,50.542456],[-59.525461,50.537584],[-59.533274,50.531317],[-59.544179,50.52733],[-59.55663,50.52025],[-59.565256,50.509141],[-59.572621,50.495551],[-59.581532,50.484076],[-59.594472,50.479315],[-59.652211,50.4737],[-59.694081,50.461127],[-59.725331,50.457139],[-59.734975,50.451606],[-59.743886,50.444648],[-59.755849,50.4383],[-59.768056,50.445014],[-59.791005,50.440416],[-59.80309,50.445746],[-59.823842,50.430528],[-59.862294,50.391059],[-59.88561,50.376899],[-59.88561,50.370673],[-59.877553,50.36994],[-59.858306,50.363837],[-59.863678,50.351915],[-59.862416,50.340522],[-59.854726,50.331855],[-59.840932,50.328437],[-59.840688,50.335557],[-59.832143,50.348944],[-59.822133,50.356635],[-59.817291,50.346422],[-59.82726,50.32807],[-59.850657,50.313585],[-59.899281,50.294908],[-59.922719,50.288804],[-59.934967,50.284166],[-59.940256,50.277899],[-59.944325,50.261094],[-59.954416,50.264228],[-59.966949,50.272406],[-59.978668,50.271064],[-59.996327,50.255072],[-60.016754,50.244696],[-60.039418,50.243232],[-60.06371,50.253974],[-60.072336,50.245917],[-60.080922,50.243883],[-60.08967,50.243598],[-60.0985,50.240302],[-60.102203,50.236884],[-60.10851,50.228827],[-60.111562,50.22602],[-60.12328,50.218695],[-60.134877,50.212999],[-60.140126,50.215522],[-60.13268,50.232856],[-60.173655,50.232856],[-60.161936,50.24022],[-60.155507,50.2508],[-60.152984,50.262681],[-60.152984,50.284857],[-60.153472,50.288398],[-60.176991,50.287462],[-60.199045,50.275743],[-60.222564,50.252387],[-60.24649,50.234687],[-60.269846,50.240302],[-60.258901,50.246324],[-60.248769,50.253974],[-60.240346,50.263251],[-60.235015,50.274482],[-60.2506,50.268907],[-60.263295,50.270941],[-60.272084,50.279853],[-60.276031,50.294908],[-60.285878,50.28498],[-60.285715,50.253282],[-60.293691,50.246527],[-60.331654,50.252427],[-60.349843,50.253241],[-60.365387,50.246527],[-60.358022,50.239936],[-60.354115,50.233588],[-60.355865,50.228583],[-60.365387,50.22602],[-60.374623,50.228624],[-60.382069,50.243109],[-60.389272,50.246527],[-60.39623,50.248725],[-60.402455,50.252753],[-60.409088,50.254584],[-60.4169,50.25023],[-60.423818,50.244371],[-60.430776,50.2414],[-60.438385,50.241807],[-60.447336,50.246527],[-60.441151,50.26081],[-60.469146,50.255479],[-60.499176,50.253974],[-60.507965,50.249579],[-60.530019,50.230333],[-60.540435,50.22602],[-60.599924,50.216376],[-60.62206,50.223009],[-60.618642,50.253974],[-60.640452,50.23725],[-60.651112,50.231065],[-60.667063,50.22602],[-60.722279,50.22602],[-60.719228,50.230048],[-60.717681,50.233385],[-60.716624,50.23664],[-60.714833,50.240302],[-60.736236,50.240343],[-60.752309,50.234239],[-60.765981,50.223375],[-60.780344,50.20897],[-60.794057,50.204657],[-60.821278,50.222235],[-60.838368,50.219794],[-60.831125,50.23725],[-60.815541,50.248969],[-60.795969,50.256334],[-60.776926,50.26081],[-60.802642,50.267076],[-60.835561,50.256334],[-60.930816,50.202948],[-60.93456,50.199327],[-60.942454,50.201239],[-60.945912,50.205756],[-60.947621,50.212388],[-60.947011,50.213202],[-60.949045,50.215562],[-60.952138,50.218207],[-60.955068,50.219794],[-60.962961,50.219916],[-60.976186,50.213487],[-60.98233,50.212388],[-60.996938,50.216742],[-61.010976,50.222968],[-61.026112,50.22724],[-61.043813,50.22602],[-61.048695,50.221747],[-61.049916,50.215033],[-61.049875,50.208604],[-61.050649,50.205552],[-61.057932,50.205919],[-61.078521,50.212388],[-61.105865,50.205552],[-61.105865,50.203721],[-61.108022,50.19953],[-61.112538,50.195014],[-61.119537,50.192491],[-61.14859,50.202501],[-61.160634,50.201728],[-61.153066,50.185045],[-61.165883,50.185411],[-61.204579,50.201402],[-61.225413,50.205552],[-61.31135,50.199327],[-61.427724,50.168647],[-61.506256,50.158149],[-61.585032,50.129991],[-61.640777,50.121161],[-61.694936,50.103135],[-61.717885,50.100043],[-61.784291,50.103135],[-61.784291,50.109931],[-61.764068,50.111274],[-61.73526,50.126654],[-61.719106,50.130439],[-61.705637,50.132148],[-61.612416,50.156684],[-61.595611,50.158393],[-61.581654,50.163764],[-61.573801,50.175605],[-61.57608,50.187364],[-61.592519,50.192491],[-61.610911,50.174506],[-61.637441,50.166571],[-61.694936,50.158393],[-61.747711,50.138251],[-61.776763,50.134141],[-61.804799,50.14411],[-61.796742,50.172065],[-61.815582,50.190741],[-61.839345,50.205024],[-61.845774,50.219794],[-61.863189,50.23017],[-61.884877,50.23371],[-61.92455,50.232856],[-61.936187,50.235175],[-61.949086,50.239447],[-61.961578,50.241278],[-61.97232,50.236558],[-61.982737,50.230536],[-61.996327,50.227362],[-62.023915,50.22602],[-62.133778,50.240302],[-62.212473,50.241767],[-62.236806,50.246527],[-62.280507,50.263373],[-62.299794,50.273749],[-62.315012,50.284369],[-62.326975,50.289171],[-62.33967,50.287543],[-62.35204,50.283515],[-62.369211,50.280219],[-62.380035,50.276842],[-62.383616,50.277899],[-62.387563,50.28502],[-62.387807,50.29088],[-62.390289,50.294501],[-62.400624,50.294908],[-62.412424,50.290595],[-62.420318,50.282294],[-62.426991,50.273505],[-62.434804,50.267646],[-62.450551,50.265489],[-62.459096,50.270616],[-62.466705,50.277696],[-62.479482,50.281236],[-62.595693,50.277289],[-62.750722,50.287462],[-62.750722,50.294908],[-62.709137,50.30919],[-62.709137,50.315416],[-62.754994,50.305284],[-62.778066,50.30268],[-62.791656,50.30919],[-62.798655,50.299018],[-62.808461,50.294257],[-62.832631,50.287462],[-62.852447,50.294257],[-62.93163,50.287462],[-62.959625,50.288194],[-62.969838,50.291327],[-62.979726,50.298326],[-62.993072,50.313422],[-63.002024,50.317003],[-63.017649,50.315416],[-63.028554,50.30976],[-63.044667,50.292467],[-63.052398,50.287462],[-63.067983,50.2862],[-63.110422,50.294908],[-63.158274,50.294908],[-63.176666,50.290147],[-63.17516,50.279364],[-63.166005,50.267768],[-63.16161,50.26081],[-63.177113,50.251532],[-63.20287,50.245103],[-63.25064,50.240302],[-63.334788,50.250312],[-63.360219,50.246527],[-63.370473,50.240465],[-63.387034,50.224595],[-63.395009,50.219794],[-63.420644,50.21898],[-63.435536,50.220201],[-63.442209,50.222886],[-63.447906,50.242133],[-63.463206,50.255316],[-63.485015,50.263536],[-63.510406,50.267646],[-63.536285,50.266832],[-63.603505,50.253974],[-63.611562,50.257148],[-63.626047,50.271226],[-63.637685,50.274482],[-63.650868,50.273139],[-63.660756,50.270819],[-63.6704,50.270331],[-63.682362,50.274482],[-63.688547,50.279853],[-63.700307,50.295233],[-63.709625,50.301744],[-63.722157,50.304267],[-63.767974,50.301744],[-63.780019,50.3039],[-63.799794,50.313218],[-63.80899,50.315416],[-63.989166,50.306952],[-64.034413,50.297187],[-64.095855,50.29088],[-64.106923,50.287462],[-64.134429,50.270331],[-64.144765,50.267646],[-64.247467,50.270697],[-64.348622,50.288031],[-64.371002,50.298326],[-64.389963,50.310045],[-64.416737,50.318549],[-64.445424,50.322943],[-64.470041,50.322252],[-64.491811,50.31566],[-64.532623,50.298407],[-64.629384,50.284044],[-64.867828,50.274482],[-64.87682,50.27265],[-64.881256,50.272569],[-64.888336,50.274482],[-64.902699,50.282538],[-64.907379,50.286933],[-64.902008,50.287462],[-64.916005,50.288275],[-64.937815,50.282823],[-65.033803,50.284166],[-65.117055,50.297431],[-65.151031,50.298896],[-65.172678,50.291205],[-65.191314,50.287299],[-65.216949,50.298529],[-65.25829,50.322252],[-65.26594,50.320624],[-65.288971,50.311591],[-65.299916,50.30919],[-65.456899,50.301744],[-65.531606,50.284125],[-65.624338,50.276964],[-65.737172,50.257432],[-65.83849,50.260484],[-65.861643,50.267646],[-65.893666,50.282416],[-65.929189,50.292833],[-65.964223,50.293199],[-65.995025,50.277899],[-66.035064,50.235419],[-66.046539,50.22602],[-66.062734,50.221259],[-66.079172,50.222276],[-66.087758,50.230333],[-66.080719,50.246527],[-66.103383,50.244086],[-66.105214,50.228013],[-66.096547,50.207628],[-66.087514,50.192491],[-66.109364,50.197374],[-66.161855,50.195787],[-66.180043,50.20246],[-66.195058,50.212592],[-66.21288,50.217719],[-66.252024,50.219794],[-66.288075,50.214667],[-66.323232,50.205308],[-66.357045,50.201402],[-66.404449,50.218207],[-66.409413,50.22248],[-66.406239,50.229438],[-66.404449,50.236274],[-66.405832,50.24669],[-66.409088,50.25727],[-66.413075,50.264228],[-66.429555,50.273139],[-66.448883,50.273546],[-66.46817,50.2685],[-66.498931,50.252509],[-66.529286,50.230333],[-66.543121,50.216132],[-66.54955,50.19831],[-66.541005,50.184394],[-66.512074,50.164618],[-66.497629,50.169501],[-66.471506,50.17414],[-66.445139,50.175889],[-66.430165,50.172065],[-66.428456,50.163398],[-66.434885,50.157538],[-66.451283,50.150946],[-66.461252,50.144761],[-66.466135,50.142686],[-66.497385,50.146308],[-66.533193,50.158393],[-66.543324,50.158759],[-66.563466,50.157172],[-66.574127,50.158393],[-66.590932,50.164537],[-66.618072,50.179511],[-66.63561,50.185045],[-66.636301,50.174994],[-66.634348,50.165961],[-66.62975,50.158026],[-66.622548,50.150946],[-66.643951,50.146308],[-66.665924,50.134752],[-66.70108,50.106553],[-66.74592,50.053656],[-66.76594,50.041083],[-66.813954,50.027533],[-66.912099,50.011298],[-66.950917,49.986436],[-66.967681,49.966783],[-66.975087,49.955512],[-66.978871,49.944892],[-66.975413,49.936103],[-66.968577,49.924913],[-66.965932,49.915391],[-66.991363,49.903144],[-67.003896,49.883775],[-67.014882,49.860948],[-67.026601,49.842393],[-67.044911,49.828315],[-67.055653,49.832343],[-67.068023,49.843126],[-67.091176,49.849311],[-67.112904,49.844062],[-67.131459,49.831285],[-67.14623,49.81566],[-67.165883,49.788072],[-67.174713,49.771796],[-67.181549,49.754869],[-67.184316,49.739366],[-67.180328,49.722724],[-67.172719,49.709052],[-67.167348,49.695176],[-67.170033,49.677965],[-67.179921,49.665513],[-67.212758,49.637397],[-67.22525,49.623358],[-67.230865,49.611558],[-67.245107,49.568101],[-67.233998,49.546088],[-67.231597,49.513983],[-67.235992,49.481635],[-67.245107,49.458848],[-67.268178,49.433458],[-67.376332,49.339219],[-67.401112,49.329698],[-67.549306,49.331244],[-67.583323,49.327501],[-67.615061,49.314887],[-67.628977,49.321275],[-67.644887,49.320543],[-67.67398,49.314887],[-67.735463,49.314887],[-67.74592,49.313218],[-67.774648,49.303575],[-67.783559,49.298163],[-67.794301,49.287218],[-67.80309,49.281968],[-67.814076,49.280219],[-67.861399,49.282538],[-67.917714,49.292955],[-67.944651,49.294379],[-67.995839,49.287218],[-68.026438,49.286689],[-68.054555,49.294379],[-68.058461,49.282457],[-68.065663,49.273505],[-68.082428,49.26024],[-68.122385,49.271348],[-68.135854,49.255683],[-68.143178,49.228583],[-68.164377,49.205634],[-68.171986,49.204169],[-68.189687,49.205878],[-68.197865,49.205634],[-68.206044,49.202501],[-68.219797,49.193712],[-68.228871,49.191962],[-68.283681,49.194322],[-68.300893,49.198188],[-68.300893,49.191962],[-68.253977,49.16706],[-68.235422,49.164008],[-68.203359,49.170356],[-68.190541,49.167467],[-68.183583,49.150987],[-68.183583,49.143541],[-68.18106,49.124457],[-68.219635,49.112006],[-68.325429,49.098456],[-68.342926,49.090155],[-68.376617,49.069037],[-68.392323,49.06391],[-68.408925,49.061754],[-68.444325,49.061632],[-68.382069,49.099921],[-68.369781,49.115587],[-68.371897,49.140326],[-68.406484,49.163682],[-68.40331,49.184516],[-68.433258,49.196153],[-68.444325,49.198188],[-68.430165,49.183905],[-68.417836,49.158393],[-68.409495,49.133979],[-68.407053,49.123033],[-68.417592,49.119859],[-68.451772,49.095771],[-68.487213,49.083686],[-68.496165,49.078437],[-68.515004,49.069892],[-68.574818,49.060492],[-68.595082,49.054755],[-68.615102,49.039496],[-68.634592,49.017035],[-68.644521,48.991156],[-68.636098,48.965399],[-68.698801,48.944892],[-68.688629,48.932359],[-68.655426,48.929633],[-68.643544,48.91767],[-68.783803,48.910834],[-68.795318,48.907416],[-68.802846,48.899482],[-68.808665,48.890204],[-68.814809,48.88288],[-68.883127,48.847032],[-68.906809,48.839789],[-68.924672,48.83039],[-68.949615,48.825751],[-68.954172,48.819403],[-68.955149,48.810533],[-68.959462,48.800971],[-68.974436,48.788194],[-68.991119,48.782294],[-69.037343,48.780463],[-69.055735,48.773505],[-69.069569,48.756212],[-69.117909,48.630561],[-69.144439,48.600531],[-69.191558,48.58869],[-69.200592,48.590888],[-69.210601,48.594835],[-69.22053,48.596503],[-69.229482,48.592108],[-69.267812,48.54328],[-69.280629,48.511054],[-69.287831,48.499335],[-69.289377,48.464586],[-69.32551,48.425279],[-69.404449,48.362738],[-69.430084,48.317694],[-69.446645,48.29621],[-69.469635,48.287055],[-69.492421,48.281928],[-69.511952,48.270006],[-69.529897,48.256171],[-69.547841,48.245429],[-69.554351,48.244696],[-69.569081,48.24669],[-69.575185,48.245429],[-69.579661,48.240424],[-69.580434,48.234809],[-69.58023,48.229438],[-69.582021,48.225531],[-69.65453,48.162909],[-69.676015,48.149888],[-69.69872,48.143622],[-69.712758,48.144477],[-69.747141,48.156684],[-69.761708,48.158433],[-69.798329,48.156684],[-69.819895,48.161933],[-69.836903,48.174872],[-69.863149,48.205064],[-69.882314,48.221137],[-69.902577,48.232733],[-69.945139,48.259101],[-69.985097,48.278428],[-70.037587,48.278632],[-70.093658,48.272569],[-70.144358,48.273383],[-70.167307,48.283393],[-70.211008,48.315009],[-70.233469,48.321723],[-70.259023,48.325059],[-70.283518,48.333319],[-70.369211,48.374132],[-70.392893,48.376939],[-70.414947,48.365831],[-70.43517,48.362982],[-70.634389,48.396837],[-70.677358,48.391547],[-70.692983,48.392808],[-70.71288,48.403673],[-70.747182,48.427558],[-70.766713,48.435004],[-70.792063,48.437812],[-70.803456,48.436225],[-70.813588,48.433173],[-70.824127,48.431749],[-70.836415,48.434678],[-70.877553,48.44953],[-70.987213,48.465155],[-71.011627,48.462348],[-71.047963,48.449042],[-71.069814,48.444648],[-70.99767,48.452989],[-70.973622,48.451483],[-70.887603,48.421617],[-70.832631,48.414781],[-70.805898,48.407457],[-70.788482,48.395697],[-70.792063,48.379747],[-70.811391,48.369696],[-70.838531,48.36461],[-70.891672,48.362738],[-70.878774,48.347602],[-70.87385,48.333808],[-70.865631,48.324164],[-70.843251,48.321723],[-70.826772,48.32567],[-70.781809,48.348456],[-70.744496,48.355333],[-70.600494,48.356431],[-70.545277,48.362738],[-70.477528,48.356431],[-70.462758,48.351874],[-70.443227,48.34276],[-70.392486,48.338121],[-70.359609,48.328437],[-70.345855,48.326036],[-70.334299,48.321234],[-70.323842,48.301093],[-70.311269,48.299506],[-70.297353,48.30268],[-70.28775,48.307481],[-70.23058,48.272773],[-70.162953,48.245063],[-70.092641,48.234849],[-70.027659,48.252875],[-70.004221,48.242011],[-69.950307,48.230821],[-69.924916,48.221869],[-69.906239,48.207261],[-69.870025,48.156684],[-69.846669,48.142768],[-69.818023,48.134711],[-69.760487,48.12995],[-69.735951,48.122504],[-69.742421,48.105536],[-69.774403,48.074774],[-69.780914,48.057725],[-69.792836,48.006293],[-69.794911,47.988715],[-69.801381,47.983832],[-69.814768,47.977525],[-69.825836,47.969957],[-69.825592,47.961493],[-69.824086,47.95307],[-69.826568,47.939927],[-69.835276,47.91706],[-69.846791,47.900092],[-69.894195,47.85163],[-69.905588,47.834459],[-69.919301,47.792304],[-69.932037,47.773057],[-69.942983,47.765367],[-69.967681,47.754625],[-69.979848,47.746405],[-70.016957,47.708319],[-70.034495,47.697333],[-70.075307,47.681708],[-70.086293,47.674058],[-70.099721,47.668077],[-70.115102,47.668565],[-70.130605,47.667304],[-70.144358,47.656358],[-70.137115,47.642279],[-70.155141,47.626044],[-70.18163,47.609809],[-70.199574,47.595526],[-70.206166,47.579779],[-70.206858,47.565741],[-70.205434,47.552802],[-70.2058,47.540269],[-70.210113,47.528388],[-70.217437,47.517035],[-70.236887,47.495592],[-70.248036,47.489569],[-70.278391,47.482123],[-70.302235,47.469428],[-70.317454,47.466295],[-70.375396,47.461412],[-70.407379,47.453355],[-70.437123,47.442369],[-70.459096,47.430487],[-70.466624,47.434556],[-70.480295,47.44005],[-70.486928,47.44477],[-70.49706,47.429267],[-70.506907,47.379625],[-70.517405,47.368964],[-70.533762,47.359565],[-70.548451,47.337592],[-70.568918,47.29328],[-70.597727,47.249416],[-70.617421,47.227525],[-70.634389,47.218166],[-70.685618,47.149237],[-70.714955,47.11758],[-70.75064,47.091783],[-70.791656,47.072414],[-70.920318,47.037218],[-70.956858,47.020657],[-71.191029,46.858059],[-71.200103,46.848253],[-71.22289,46.814521],[-71.226877,46.810045],[-71.231923,46.798407],[-71.244781,46.788967],[-71.30248,46.758857],[-71.31786,46.756659],[-71.341664,46.742336],[-71.353993,46.739],[-71.463206,46.734483],[-71.51476,46.724718],[-71.592926,46.700832],[-71.644195,46.693183],[-71.693959,46.674384],[-71.720204,46.670071],[-71.772043,46.670071],[-71.782948,46.672227],[-71.803334,46.681627],[-71.812652,46.683743],[-71.84024,46.686998],[-71.860911,46.691759],[-71.880523,46.69066],[-71.972035,46.629503],[-72.013743,46.607733],[-72.055409,46.594346],[-72.141916,46.580715],[-72.212473,46.561021],[-72.227935,46.553371],[-72.236399,46.536241],[-72.251698,46.482327],[-72.258046,46.470852],[-72.296783,46.450995],[-72.337148,46.443508],[-72.357411,46.436672],[-72.392649,46.419176],[-72.440785,46.411933],[-72.46227,46.40233],[-72.602528,46.301337],[-72.64509,46.286526],[-72.667551,46.283922],[-72.737864,46.286526],[-72.77123,46.280911],[-72.844472,46.264797],[-72.913971,46.242418],[-72.994496,46.210801],[-72.985951,46.195299],[-73.004628,46.140692],[-73.022043,46.109605],[-73.071645,46.089748],[-73.106353,46.087266],[-73.158559,46.074856],[-73.179311,46.053046],[-73.182118,46.034776],[-73.186879,46.018378],[-73.204091,45.983466],[-73.262318,45.902248],[-73.289906,45.875067],[-73.334462,45.854641],[-73.355865,45.841539],[-73.372548,45.811184],[-73.420277,45.765123],[-73.495432,45.727891],[-73.677398,45.708157],[-73.755442,45.676378],[-73.862701,45.592637],[-73.892649,45.559068],[-73.902415,45.540758],[-73.909535,45.534735],[-73.934234,45.529934],[-73.94579,45.523993],[-73.956451,45.516099],[-73.96467,45.508165],[-73.979237,45.49844],[-74.001088,45.491278],[-74.043446,45.483995],[-74.104848,45.485012],[-74.125559,45.489732],[-74.135976,45.49079],[-74.14745,45.494371],[-74.173818,45.518134],[-74.190094,45.528306],[-74.199045,45.530911],[-74.214752,45.532375],[-74.306956,45.525539],[-74.321604,45.528795],[-74.334869,45.537014],[-74.359527,45.559475],[-74.379465,45.561632],[-74.36559,45.552843],[-74.352773,45.538235],[-74.342885,45.522366],[-74.329701,45.50967],[-74.306956,45.504462],[-74.277333,45.502794],[-74.126536,45.46544],[-74.101471,45.463446],[-74.077707,45.456692],[-74.057281,45.444485],[-74.037709,45.438463],[-74.016103,45.450426],[-74.008656,45.436184],[-74.014719,45.420315],[-74.001943,45.396104],[-73.980784,45.371487],[-73.961537,45.354234],[-73.968414,45.352037],[-73.971506,45.350491],[-73.975168,45.347398],[-74.013499,45.328437],[-74.109364,45.32746],[-74.15331,45.320136],[-74.168935,45.30801],[-74.199615,45.272366],[-74.211334,45.264879],[-74.233754,45.262112],[-74.307118,45.232408],[-74.313832,45.228095],[-74.321441,45.225002],[-74.334543,45.223944],[-74.346181,45.220567],[-74.35605,45.225715],[-74.388115,45.249538],[-74.425788,45.277702],[-74.450101,45.295892],[-74.478007,45.316872],[-74.468111,45.34669],[-74.455812,45.384026],[-74.441161,45.428494],[-74.42323,45.482831],[-74.409174,45.52518],[-74.40181,45.547556],[-74.393516,45.572671],[-74.396487,45.574841],[-74.457181,45.595047],[-74.504387,45.597475],[-74.545263,45.608844],[-74.585571,45.626053],[-74.622856,45.647963],[-74.643655,45.656077],[-74.66523,45.656309],[-74.671819,45.653674],[-74.684299,45.645741],[-74.690965,45.642692],[-74.696675,45.641685],[-74.714168,45.641375],[-74.775069,45.632512],[-74.937539,45.63768],[-74.966401,45.633158],[-74.993867,45.622797],[-75.024252,45.606674],[-75.052959,45.595951],[-75.28359,45.57665],[-75.31054,45.568123],[-75.360382,45.543732],[-75.592771,45.479653],[-75.65641,45.475467],[-75.683256,45.468543],[-75.707156,45.45552],[-75.729041,45.435263],[-75.752425,45.407539],[-75.761313,45.40002],[-75.77555,45.393819],[-75.840998,45.387152],[-75.855494,45.388599],[-75.869394,45.392604],[-75.881952,45.399503],[-75.912699,45.427047],[-75.925128,45.433506],[-75.929649,45.441258],[-75.939442,45.451696],[-75.959415,45.468698],[-75.969492,45.474382],[-75.998844,45.486371],[-76.00967,45.488025],[-76.023132,45.505414],[-76.048841,45.515465],[-76.128448,45.52965],[-76.154907,45.529469],[-76.223223,45.519961],[-76.228494,45.517816],[-76.235419,45.512881],[-76.240018,45.507662],[-76.246607,45.49544],[-76.249914,45.491074],[-76.26043,45.484304],[-76.288749,45.474072],[-76.30097,45.471747],[-76.314664,45.471075],[-76.343474,45.473555],[-76.355928,45.476863],[-76.367814,45.483064],[-76.390086,45.498515],[-76.401817,45.503011],[-76.403625,45.511176],[-76.411609,45.512261],[-76.432771,45.522183],[-76.439618,45.523785],[-76.461684,45.52642],[-76.499589,45.538151],[-76.596224,45.555721],[-76.622863,45.565023],[-76.637229,45.572412],[-76.647461,45.580836],[-76.65498,45.592049],[-76.666348,45.621298],[-76.672395,45.630238],[-76.690171,45.647938],[-76.69844,45.661503],[-76.702548,45.691811],[-76.70694,45.708011],[-76.715286,45.721964],[-76.72575,45.731498],[-76.738695,45.73757],[-76.754508,45.74111],[-76.76536,45.760101],[-76.773422,45.779377],[-76.778435,45.799505],[-76.78107,45.843714],[-76.785954,45.861697],[-76.797322,45.875546],[-76.817735,45.885882],[-76.856983,45.894718],[-76.87755,45.895907],[-76.902406,45.892496],[-76.908892,45.890171],[-76.923335,45.883763],[-76.929537,45.868415],[-76.927082,45.854927],[-76.921785,45.839295],[-76.917418,45.824025],[-76.918013,45.811468],[-76.935815,45.794363],[-76.963746,45.78842],[-76.99346,45.790229],[-77.016611,45.796223],[-77.056376,45.810537],[-77.097847,45.824438],[-77.138516,45.839786],[-77.176033,45.858622],[-77.200734,45.873789],[-77.226495,45.890843],[-77.250964,45.909446],[-77.271893,45.929238],[-77.282538,45.947325],[-77.284786,45.964714],[-77.284993,45.982181],[-77.28936,46.000345],[-77.307033,46.019827],[-77.3353,46.036803],[-77.346824,46.047629],[-77.357986,46.058843],[-77.372894,46.063804],[-77.397492,46.073054],[-77.408189,46.078118],[-77.469038,46.115067],[-77.658407,46.1839],[-77.683909,46.18731],[-77.681997,46.18669],[-77.722408,46.193718],[-77.920897,46.235628],[-78.045541,46.238212],[-78.110808,46.262603],[-78.243513,46.272344],[-78.292864,46.2656],[-78.320692,46.265962],[-78.332913,46.27578],[-78.345057,46.28901],[-78.372782,46.293815],[-78.422288,46.293454],[-78.694028,46.3365],[-78.719789,46.347094],[-78.73077,46.364819],[-78.737333,46.385748],[-78.75405,46.401406],[-78.891226,46.470084],[-78.931688,46.499746],[-78.964141,46.533026],[-78.991607,46.573385],[-79.001348,46.595761],[-79.00512,46.618395],[-79.013802,46.638342],[-79.033982,46.653768],[-79.073385,46.676428],[-79.0962,46.704333],[-79.163586,46.823912],[-79.204591,46.854763],[-79.250532,46.889593],[-79.292054,46.928867],[-79.325773,46.977546],[-79.356468,47.015218],[-79.396337,47.049893],[-79.431296,47.086997],[-79.447161,47.131749],[-79.445068,47.162496],[-79.440029,47.193554],[-79.436412,47.225102],[-79.438841,47.257167],[-79.445378,47.274686],[-79.455971,47.290395],[-79.468916,47.304865],[-79.482585,47.318507],[-79.504806,47.340935],[-79.528008,47.365688],[-79.554105,47.391578],[-79.571262,47.417571],[-79.580331,47.451833],[-79.572786,47.484027],[-79.554234,47.513612],[-79.530489,47.540251],[-79.51651,47.565727],[-79.512919,47.596837],[-79.514573,47.629703],[-79.516562,47.660037],[-79.516562,47.685823],[-79.5162,47.711817],[-79.516252,47.737681],[-79.517389,47.76339],[-79.5208,47.81951],[-79.5208,47.872479],[-79.5208,47.985133],[-79.5208,48.097788],[-79.5208,48.210443],[-79.5208,48.323097],[-79.5208,48.435752],[-79.5208,48.548406],[-79.5208,48.661061],[-79.5208,48.773716],[-79.5208,48.88637],[-79.5208,48.999025],[-79.5208,49.11168],[-79.5208,49.224334],[-79.5208,49.336989],[-79.5208,49.449643],[-79.5208,49.562298],[-79.5208,49.674953],[-79.5208,49.787607],[-79.5208,49.900262],[-79.5208,50.012917],[-79.5208,50.125571],[-79.5208,50.238226],[-79.5208,50.35088],[-79.5208,50.463535],[-79.5208,50.57619],[-79.5208,50.688844],[-79.5208,50.801499],[-79.5208,50.914154],[-79.520823,50.942898]]],[[[-59.350575,50.603461],[-59.362457,50.604682],[-59.365712,50.605862],[-59.367584,50.610053],[-59.375396,50.62051],[-59.383372,50.638821],[-59.376291,50.65233],[-59.359364,50.655951],[-59.337514,50.644436],[-59.314443,50.603461],[-59.306508,50.596625],[-59.295969,50.572333],[-59.298004,50.564114],[-59.303212,50.560858],[-59.310048,50.559027],[-59.317047,50.554999],[-59.327463,50.54621],[-59.341054,50.538031],[-59.352935,50.537543],[-59.358022,50.551581],[-59.353668,50.564276],[-59.323883,50.610256],[-59.33552,50.616034],[-59.342519,50.612738],[-59.346791,50.606513],[-59.350575,50.603461]]],[[[-58.398427,51.254543],[-58.408599,51.24726],[-58.455719,51.225043],[-58.474192,51.220404],[-58.562896,51.233385],[-58.5537,51.245307],[-58.535878,51.258002],[-58.502105,51.275051],[-58.479482,51.277981],[-58.433583,51.27619],[-58.412099,51.281806],[-58.412099,51.267564],[-58.409535,51.263414],[-58.408274,51.258857],[-58.405507,51.255439],[-58.398427,51.254543]]],[[[-69.101971,59.131323],[-69.081906,59.112387],[-69.064966,59.094661],[-69.061311,59.076581],[-69.102027,59.066317],[-69.081801,59.061406],[-69.124109,59.046726],[-69.146824,59.037981],[-69.154752,59.02595],[-69.175038,59.017239],[-69.177968,59.011298],[-69.217193,58.994452],[-69.231516,58.980658],[-69.218902,58.963446],[-69.23766,58.954169],[-69.256744,58.960395],[-69.294586,58.983954],[-69.304189,58.963568],[-69.322092,58.950751],[-69.343617,58.949408],[-69.363515,58.963446],[-69.354319,58.973822],[-69.33259,58.992825],[-69.322581,59.005072],[-69.321441,59.009833],[-69.322581,59.028957],[-69.319203,59.03266],[-69.311676,59.036689],[-69.304189,59.041938],[-69.296376,59.060777],[-69.288645,59.064887],[-69.286244,59.06981],[-69.297719,59.083889],[-69.335601,59.114325],[-69.354156,59.14057],[-69.33727,59.146186],[-69.309316,59.145209],[-69.294586,59.151842],[-69.234975,59.153062],[-69.198476,59.148586],[-69.165888,59.145193],[-69.151944,59.134724],[-69.114335,59.1422],[-69.101971,59.131323]]],[[[-73.995188,45.320136],[-73.987294,45.324693],[-73.983306,45.326239],[-73.920644,45.333808],[-73.921864,45.327338],[-73.924672,45.321967],[-73.928863,45.317206],[-73.934316,45.31269],[-73.938059,45.310248],[-73.948313,45.302069],[-73.968658,45.289862],[-73.983713,45.277045],[-73.993276,45.272121],[-74.003,45.268704],[-74.028717,45.264106],[-74.047841,45.257636],[-74.081044,45.252753],[-74.139394,45.251166],[-74.146555,45.25259],[-74.153188,45.255601],[-74.158681,45.260077],[-74.165028,45.269721],[-74.166249,45.27912],[-74.162587,45.287787],[-74.154205,45.295111],[-74.141713,45.302191],[-74.128407,45.307563],[-74.121083,45.309068],[-74.043568,45.30565],[-74.032338,45.307196],[-74.00121,45.316718],[-73.995188,45.320136]]],[[[-73.889027,45.396715],[-73.875844,45.393988],[-73.862416,45.389594],[-73.858062,45.388902],[-73.8579,45.385321],[-73.858062,45.381781],[-73.871897,45.380764],[-73.878407,45.379218],[-73.900706,45.368883],[-73.906361,45.367336],[-73.914784,45.366197],[-73.93163,45.366889],[-73.948476,45.369696],[-73.95108,45.370795],[-73.953359,45.372626],[-73.95934,45.379096],[-73.975209,45.391262],[-73.981353,45.398505],[-73.984527,45.406399],[-73.981353,45.413398],[-73.979115,45.4147],[-73.976674,45.415351],[-73.973988,45.415473],[-73.917307,45.40998],[-73.907297,45.406928],[-73.902821,45.404771],[-73.892893,45.398342],[-73.889027,45.396715]]],[[[-73.931793,45.488837],[-73.936513,45.489651],[-73.940989,45.4914],[-73.944732,45.494208],[-73.947336,45.498236],[-73.946929,45.503241],[-73.943186,45.507554],[-73.9381,45.510932],[-73.933827,45.513007],[-73.896311,45.524482],[-73.891021,45.52497],[-73.886464,45.523383],[-73.885121,45.512397],[-73.899281,45.500922],[-73.918324,45.492092],[-73.931793,45.488837]]],[[[-73.857289,45.549384],[-73.864898,45.554389],[-73.866444,45.560777],[-73.863515,45.567857],[-73.848622,45.584133],[-73.827707,45.601223],[-73.805979,45.613105],[-73.758941,45.652533],[-73.740875,45.664252],[-73.717763,45.675849],[-73.676137,45.690497],[-73.666168,45.692206],[-73.65925,45.691718],[-73.645579,45.68891],[-73.638295,45.689114],[-73.585357,45.700629],[-73.57433,45.701646],[-73.564849,45.698676],[-73.563791,45.692328],[-73.572865,45.686103],[-73.593821,45.677924],[-73.612945,45.667914],[-73.636464,45.649319],[-73.642079,45.643215],[-73.643951,45.640082],[-73.648305,45.630683],[-73.68456,45.58747],[-73.706207,45.569485],[-73.718332,45.562445],[-73.731353,45.556952],[-73.747222,45.552436],[-73.779937,45.547105],[-73.842681,45.545844],[-73.857289,45.549384]]],[[[-73.499257,45.709947],[-73.479563,45.714423],[-73.470611,45.713284],[-73.468984,45.705552],[-73.476471,45.689276],[-73.4794,45.67829],[-73.499582,45.626776],[-73.501576,45.608954],[-73.504058,45.600409],[-73.506947,45.595689],[-73.526723,45.576402],[-73.532541,45.567694],[-73.537017,45.558173],[-73.540639,45.547797],[-73.54308,45.536444],[-73.543691,45.525539],[-73.539133,45.492662],[-73.539418,45.487372],[-73.541371,45.482611],[-73.544749,45.479071],[-73.54898,45.47663],[-73.56786,45.469387],[-73.572011,45.46662],[-73.575795,45.463121],[-73.585113,45.451402],[-73.588735,45.447943],[-73.598215,45.443061],[-73.608551,45.441636],[-73.619211,45.442572],[-73.716908,45.464545],[-73.79483,45.467231],[-73.800649,45.466702],[-73.812001,45.463853],[-73.850413,45.448879],[-73.924916,45.429999],[-73.943227,45.431138],[-73.955434,45.430243],[-73.958567,45.430976],[-73.968332,45.437079],[-73.970082,45.43887],[-73.971018,45.440253],[-73.972483,45.443264],[-73.973622,45.444648],[-73.96227,45.448879],[-73.897572,45.484036],[-73.874989,45.493109],[-73.870676,45.496324],[-73.854848,45.516303],[-73.849843,45.520738],[-73.843739,45.52265],[-73.823476,45.522528],[-73.802846,45.525702],[-73.797027,45.52558],[-73.786,45.524156],[-73.780181,45.524319],[-73.766835,45.527248],[-73.716705,45.54442],[-73.694,45.555325],[-73.667958,45.575588],[-73.648671,45.598863],[-73.64273,45.60932],[-73.625315,45.630316],[-73.620717,45.638332],[-73.609527,45.646674],[-73.541127,45.685777],[-73.524037,45.69953],[-73.516672,45.704047],[-73.508656,45.707465],[-73.499257,45.709947]]],[[[-70.843251,47.033189],[-70.828481,47.030097],[-70.815745,47.023627],[-70.809682,47.013414],[-70.815338,46.999091],[-70.827952,46.987006],[-70.861928,46.94595],[-70.874257,46.936998],[-70.891265,46.931708],[-70.952504,46.895453],[-71.031239,46.862942],[-71.071767,46.85814],[-71.114003,46.859442],[-71.124745,46.877021],[-71.085113,46.905707],[-70.993479,46.950019],[-70.924062,47.003241],[-70.885406,47.026557],[-70.843251,47.033189]]],[[[-61.67101,47.546536],[-61.690704,47.534044],[-61.699127,47.527493],[-61.74352,47.48314],[-61.766916,47.471381],[-61.790761,47.464545],[-61.835683,47.432807],[-61.859364,47.423651],[-61.822174,47.415351],[-61.78539,47.433824],[-61.671539,47.537991],[-61.63622,47.557074],[-61.592519,47.560777],[-61.625315,47.549262],[-61.656361,47.530666],[-61.708608,47.485745],[-61.765045,47.411078],[-61.778228,47.405829],[-61.821523,47.40998],[-61.836497,47.401435],[-61.847971,47.382636],[-61.856516,47.363918],[-61.862782,47.355373],[-61.901926,47.353705],[-61.9169,47.3487],[-61.931386,47.338324],[-61.9405,47.326606],[-61.956288,47.296291],[-61.965566,47.283026],[-61.95934,47.274075],[-61.940989,47.262274],[-61.920277,47.260077],[-61.907216,47.27969],[-61.896596,47.265204],[-61.883412,47.255927],[-61.866811,47.249945],[-61.825063,47.242621],[-61.810658,47.24433],[-61.798451,47.251654],[-61.784291,47.266018],[-61.79304,47.240302],[-61.816029,47.228339],[-61.845367,47.225002],[-61.873036,47.225043],[-61.874867,47.237616],[-61.89509,47.23371],[-61.938222,47.218207],[-61.98884,47.217231],[-62.010569,47.224799],[-62.017079,47.24551],[-61.989735,47.273424],[-61.967763,47.307563],[-61.959055,47.317532],[-61.949452,47.336168],[-61.948557,47.382758],[-61.941314,47.402533],[-61.925526,47.413153],[-61.901235,47.422065],[-61.8756,47.428168],[-61.856028,47.430487],[-61.839263,47.436672],[-61.700714,47.531887],[-61.693512,47.536811],[-61.562123,47.627143],[-61.537262,47.636542],[-61.50593,47.641425],[-61.386342,47.643988],[-61.382192,47.636664],[-61.388661,47.625718],[-61.400054,47.616034],[-61.432525,47.6081],[-61.448476,47.600531],[-61.455312,47.584662],[-61.469472,47.569485],[-61.501088,47.556789],[-61.533844,47.552069],[-61.551503,47.560777],[-61.527415,47.568793],[-61.502309,47.582668],[-61.481313,47.600979],[-61.468984,47.62226],[-61.497222,47.624335],[-61.526601,47.622138],[-61.554596,47.614976],[-61.578847,47.601752],[-61.620717,47.568183],[-61.645985,47.552924],[-61.67101,47.546536]]],[[[-64.319203,49.791246],[-64.335439,49.815497],[-64.367177,49.825629],[-64.388743,49.819403],[-64.37442,49.794623],[-64.397532,49.797838],[-64.424713,49.808498],[-64.447499,49.823391],[-64.457021,49.839301],[-64.470611,49.852444],[-64.496205,49.858629],[-64.510569,49.868069],[-64.490549,49.890855],[-64.451283,49.909491],[-64.350901,49.927436],[-64.293853,49.931098],[-64.269114,49.929592],[-64.257721,49.93122],[-64.245188,49.937486],[-64.237782,49.944485],[-64.22936,49.950019],[-64.213694,49.952338],[-64.132802,49.950141],[-64.027008,49.920966],[-64.000803,49.918158],[-63.991933,49.916205],[-63.944651,49.896064],[-63.69815,49.867255],[-63.605336,49.850246],[-63.512847,49.845526],[-63.374664,49.829413],[-63.208608,49.790758],[-63.124094,49.783881],[-63.044911,49.75373],[-62.962148,49.740546],[-62.938832,49.729438],[-62.904652,49.70185],[-62.892974,49.697455],[-62.846303,49.698432],[-62.775746,49.669176],[-62.757558,49.664293],[-62.730702,49.663153],[-62.707916,49.659369],[-62.687611,49.653022],[-62.617258,49.62051],[-62.589711,49.612698],[-62.53425,49.604682],[-62.512807,49.592271],[-62.475738,49.561916],[-62.469838,49.560004],[-62.454091,49.557929],[-62.448394,49.55508],[-62.445424,49.549791],[-62.44343,49.538479],[-62.44164,49.534613],[-62.397288,49.496731],[-62.385894,49.490424],[-62.374745,49.489976],[-62.352854,49.493598],[-62.339223,49.490912],[-62.311269,49.472561],[-62.299875,49.469631],[-62.275746,49.468248],[-62.26415,49.465725],[-62.253814,49.458564],[-62.226226,49.430894],[-62.220082,49.427802],[-62.213287,49.421047],[-62.204335,49.414211],[-62.191762,49.411078],[-62.17809,49.409247],[-62.133127,49.396796],[-62.018056,49.388373],[-62.006093,49.384223],[-61.971791,49.366929],[-61.951039,49.352973],[-61.941314,49.349026],[-61.904164,49.354193],[-61.882639,49.354478],[-61.865631,49.337633],[-61.81786,49.308051],[-61.826527,49.294989],[-61.818918,49.28677],[-61.790517,49.273871],[-61.787221,49.268948],[-61.780629,49.252997],[-61.776845,49.246568],[-61.771718,49.243354],[-61.749501,49.232896],[-61.737375,49.22134],[-61.708608,49.184516],[-61.684682,49.165839],[-61.660756,49.151028],[-61.67101,49.141059],[-61.692983,49.129625],[-61.702382,49.123033],[-61.707509,49.111518],[-61.704905,49.102973],[-61.707021,49.097602],[-61.726226,49.095771],[-61.745473,49.097724],[-61.757314,49.096869],[-61.811635,49.069037],[-61.824208,49.070014],[-61.8662,49.082099],[-61.882069,49.083686],[-62.050649,49.07453],[-62.129994,49.082099],[-62.248199,49.067939],[-62.276845,49.071601],[-62.303334,49.079779],[-62.322133,49.092027],[-62.3426,49.1022],[-62.4169,49.112006],[-62.506256,49.138577],[-62.681752,49.148505],[-62.884511,49.196519],[-63.093332,49.232896],[-63.164662,49.262926],[-63.212392,49.272895],[-63.277699,49.314887],[-63.334218,49.324408],[-63.363637,49.340155],[-63.382924,49.347805],[-63.403798,49.353583],[-63.462066,49.359361],[-63.586781,49.38996],[-63.57315,49.404853],[-63.584584,49.419135],[-63.603871,49.433498],[-63.614125,49.448635],[-63.614898,49.467719],[-63.61852,49.483791],[-63.62678,49.49844],[-63.641428,49.513495],[-63.677235,49.541693],[-63.764231,49.601996],[-63.92516,49.674872],[-64.058827,49.714545],[-64.177968,49.740953],[-64.302398,49.778998],[-64.319203,49.791246]]],[[[-63.884674,50.199368],[-63.912262,50.205959],[-63.926991,50.221422],[-63.924794,50.239651],[-63.901479,50.253974],[-63.89859,50.249986],[-63.895619,50.248358],[-63.888417,50.246527],[-63.857533,50.217434],[-63.856068,50.204657],[-63.884674,50.199368]]],[[[-70.369781,47.426825],[-70.339711,47.427558],[-70.323883,47.427436],[-70.329945,47.418362],[-70.373891,47.383857],[-70.393178,47.372748],[-70.411692,47.370185],[-70.427602,47.372016],[-70.435658,47.377021],[-70.436594,47.386542],[-70.433583,47.395941],[-70.425364,47.404975],[-70.411,47.414374],[-70.390736,47.422512],[-70.369781,47.426825]]],[[[-68.864333,48.407598],[-68.855603,48.414464],[-68.842715,48.415856],[-68.838064,48.413809],[-68.843206,48.409692],[-68.842675,48.405586],[-68.844692,48.395994],[-68.863207,48.389112],[-68.878677,48.387715],[-68.891065,48.388033],[-68.892632,48.391796],[-68.888528,48.396939],[-68.879785,48.40346],[-68.864333,48.407598]]],[[[-58.861186,50.833051],[-58.851636,50.812654],[-58.846323,50.789443],[-58.861108,50.779595],[-58.880863,50.784737],[-58.885608,50.794251],[-58.861186,50.833051]]],[[[-58.462634,51.176264],[-58.427357,51.167123],[-58.457035,51.140671],[-58.495659,51.120955],[-58.569156,51.100745],[-58.581479,51.080003],[-58.621209,51.091776],[-58.587327,51.119685],[-58.546952,51.150419],[-58.462634,51.176264]]],[[[-58.307577,51.25227],[-58.307071,51.235822],[-58.326294,51.220491],[-58.362905,51.202219],[-58.41101,51.201632],[-58.413882,51.222177],[-58.388163,51.238934],[-58.307577,51.25227]]],[[[-67.55829,58.411003],[-67.526167,58.347056],[-67.530842,58.296897],[-67.581978,58.278453],[-67.635937,58.291037],[-67.661865,58.327191],[-67.657824,58.364079],[-67.636557,58.402225],[-67.592816,58.422209],[-67.55829,58.411003]]],[[[-68.995487,59.016345],[-68.98499,59.005283],[-68.974561,58.989633],[-69.015564,58.972415],[-69.072389,58.962596],[-69.120279,58.957302],[-69.111281,58.971033],[-69.082645,58.996596],[-69.061197,59.011175],[-68.995487,59.016345]]],[[[-69.921941,61.013124],[-69.911062,60.99987],[-69.950041,60.985939],[-69.949734,60.965729],[-69.972079,60.952979],[-69.977643,60.92986],[-70.003856,60.935066],[-70.000809,60.969084],[-70.011946,60.996764],[-69.984999,61.019336],[-69.956725,61.03498],[-69.923396,61.031589],[-69.921941,61.013124]]],[[[-71.560975,61.333436],[-71.487818,61.337112],[-71.483996,61.319555],[-71.486495,61.301894],[-71.512883,61.299627],[-71.556856,61.295836],[-71.586396,61.301991],[-71.585561,61.323891],[-71.560975,61.333436]]],[[[-72.091425,61.894741],[-72.021547,61.877362],[-71.993857,61.870657],[-71.97344,61.858942],[-72.015388,61.852612],[-72.058945,61.850503],[-72.105937,61.870721],[-72.130833,61.889039],[-72.112968,61.904632],[-72.091425,61.894741]]],[[[-72.41214,62.039061],[-72.384221,62.032399],[-72.328116,62.016038],[-72.352385,62.000292],[-72.393815,62.012724],[-72.440647,62.026847],[-72.462401,62.036652],[-72.41214,62.039061]]]]}},{"type":"Feature","properties":{"id":"CA-NB","country":"CA","name_en":"New Brunswick"},"geometry":{"type":"MultiPolygon","coordinates":[[[[-67.176015,45.178656],[-67.206166,45.189401],[-67.219071,45.192126],[-67.242428,45.202565],[-67.254986,45.205045],[-67.267336,45.202513],[-67.277207,45.195072],[-67.279222,45.187372],[-67.279584,45.179052],[-67.284648,45.169699],[-67.31922,45.153886],[-67.356272,45.165926],[-67.390533,45.193108],[-67.427585,45.236568],[-67.471303,45.266282],[-67.475024,45.282353],[-67.468668,45.301835],[-67.459056,45.318424],[-67.434561,45.350308],[-67.428825,45.38705],[-67.48231,45.455521],[-67.493214,45.493142],[-67.467531,45.508283],[-67.443036,45.522184],[-67.42619,45.533449],[-67.422107,45.568796],[-67.431306,45.597941],[-67.449961,45.610809],[-67.475799,45.612979],[-67.506392,45.609827],[-67.551867,45.610447],[-67.607522,45.620059],[-67.660336,45.637371],[-67.690773,45.653804],[-67.704829,45.664191],[-67.710462,45.675404],[-67.717386,45.685378],[-67.72798,45.692251],[-67.735525,45.690752],[-67.740744,45.683621],[-67.748031,45.677781],[-67.761776,45.680107],[-67.786116,45.691217],[-67.80012,45.699847],[-67.807045,45.71287],[-67.811127,45.76651],[-67.80627,45.781754],[-67.794126,45.799169],[-67.779863,45.815706],[-67.772835,45.828057],[-67.776091,45.840821],[-67.792627,45.858907],[-67.799242,45.875651],[-67.787356,45.890017],[-67.769425,45.903969],[-67.757849,45.919472],[-67.759658,45.928567],[-67.767461,45.935957],[-67.776556,45.942933],[-67.782757,45.95053],[-67.784566,45.960142],[-67.78715,46.094552],[-67.789733,46.229014],[-67.792317,46.363476],[-67.794849,46.497861],[-67.797433,46.632297],[-67.800017,46.766785],[-67.802549,46.901247],[-67.805185,47.035631],[-67.808699,47.075138],[-67.813556,47.081908],[-67.854742,47.09785],[-67.870607,47.107358],[-67.899132,47.138778],[-67.943419,47.164538],[-67.949982,47.172936],[-67.953703,47.18663],[-67.962436,47.197689],[-67.993184,47.223217],[-68.039382,47.245231],[-68.101446,47.286185],[-68.115398,47.292282],[-68.145061,47.301455],[-68.156068,47.306674],[-68.184335,47.333133],[-68.197047,47.341401],[-68.24645,47.360573],[-68.299728,47.367833],[-68.347839,47.358506],[-68.382049,47.32781],[-68.384839,47.315873],[-68.383392,47.307139],[-68.385614,47.301713],[-68.410212,47.297424],[-68.422563,47.293109],[-68.435327,47.291275],[-68.466746,47.305692],[-68.492016,47.307553],[-68.518009,47.304762],[-68.539662,47.299853],[-68.58524,47.28249],[-68.607926,47.269829],[-68.6256,47.255205],[-68.644203,47.245283],[-68.668801,47.243422],[-68.71779,47.245231],[-68.761819,47.23704],[-68.889718,47.190609],[-68.906229,47.190221],[-69.0402,47.249055],[-69.057486,47.269467],[-69.06356,47.290809],[-69.054384,47.294219],[-68.983303,47.3152],[-68.91,47.32985],[-68.836439,47.343777],[-68.764634,47.362639],[-68.719443,47.377574],[-68.674252,47.392405],[-68.629061,47.407288],[-68.583844,47.422248],[-68.552683,47.436872],[-68.522324,47.457414],[-68.493049,47.4801],[-68.464989,47.501003],[-68.436334,47.518392],[-68.408093,47.536298],[-68.386828,47.558286],[-68.379154,47.587948],[-68.377862,47.608076],[-68.377862,47.629212],[-68.377862,47.666574],[-68.377862,47.703962],[-68.377862,47.741376],[-68.377862,47.778764],[-68.377862,47.816151],[-68.377862,47.853565],[-68.377862,47.890927],[-68.377862,47.928341],[-68.344815,47.928341],[-68.311768,47.928341],[-68.278721,47.928341],[-68.245674,47.928341],[-68.212601,47.928341],[-68.179554,47.928341],[-68.146507,47.928341],[-68.11346,47.928341],[-68.11346,47.936997],[-68.11346,47.945653],[-68.11346,47.954283],[-68.11346,47.962964],[-68.11346,47.971594],[-68.11346,47.98025],[-68.11346,47.988906],[-68.11346,47.997536],[-68.052766,47.997536],[-67.992098,47.997536],[-67.931429,47.997536],[-67.870761,47.997536],[-67.810093,47.997536],[-67.749425,47.997536],[-67.688757,47.997536],[-67.628115,47.997536],[-67.612844,47.997536],[-67.611501,47.99242],[-67.609227,47.980948],[-67.607005,47.968752],[-67.605765,47.96175],[-67.606772,47.950924],[-67.608943,47.943327],[-67.605971,47.938056],[-67.591579,47.934335],[-67.566904,47.930356],[-67.543934,47.925705],[-67.521196,47.919814],[-67.497063,47.911934],[-67.482723,47.906068],[-67.468641,47.899557],[-67.454482,47.893304],[-67.439806,47.888395],[-67.431357,47.886276],[-67.422933,47.884106],[-67.414872,47.881264],[-67.407146,47.87713],[-67.40172,47.87098],[-67.398852,47.86328],[-67.396165,47.855736],[-67.391307,47.849896],[-67.363712,47.839277],[-67.350896,47.849586],[-67.343843,47.869792],[-67.333559,47.888938],[-67.319891,47.896147],[-67.304439,47.895836],[-67.288368,47.892581],[-67.272684,47.890927],[-67.257724,47.892426],[-67.246045,47.894054],[-67.234211,47.893744],[-67.218682,47.889377],[-67.202869,47.885295],[-67.188038,47.884984],[-67.173259,47.887465],[-67.157601,47.891599],[-67.144139,47.896379],[-67.133855,47.901676],[-67.124502,47.907412],[-67.113831,47.913406],[-67.095176,47.920977],[-67.073136,47.926636],[-67.050372,47.929064],[-67.02965,47.926997],[-67.012312,47.917851],[-66.987353,47.903407],[-66.961644,47.894545],[-66.941903,47.902296],[-66.939242,47.917127],[-66.945676,47.932113],[-66.949396,47.948598],[-66.938518,47.967822],[-66.91914,47.98149],[-66.89418,47.992084],[-66.867696,47.997742],[-66.843563,47.996735],[-66.843007,47.996812],[-66.834096,47.992906],[-66.817535,47.991523],[-66.786448,47.992174],[-66.749908,47.985785],[-66.731516,47.986518],[-66.68578,48.007636],[-66.613515,48.01085],[-66.584381,48.023179],[-66.557607,48.038194],[-66.385894,48.075141],[-66.355295,48.069281],[-66.361928,48.040595],[-66.345123,48.02143],[-66.319,48.011054],[-66.289377,48.006659],[-66.261952,48.005845],[-66.254221,48.001085],[-66.246734,47.991767],[-66.238352,47.985175],[-66.215932,47.993232],[-66.20226,47.99018],[-66.17691,47.979112],[-65.970855,47.923896],[-65.866119,47.916938],[-65.81786,47.907416],[-65.772206,47.882921],[-65.7412,47.848578],[-65.689687,47.724677],[-65.677846,47.708686],[-65.663645,47.695502],[-65.628814,47.67064],[-65.663645,47.657457],[-65.669179,47.656358],[-65.667104,47.645331],[-65.658111,47.637641],[-65.646311,47.630805],[-65.635732,47.62226],[-65.606068,47.65644],[-65.591054,47.669176],[-65.566762,47.677476],[-65.499013,47.679267],[-65.477406,47.683702],[-65.437367,47.706244],[-65.363637,47.76203],[-65.284983,47.781684],[-65.20934,47.819688],[-65.025746,47.849595],[-64.977773,47.841986],[-65.054555,47.803046],[-65.073354,47.779893],[-65.060658,47.781317],[-65.039662,47.786241],[-64.990224,47.790635],[-64.906117,47.810736],[-64.856272,47.815863],[-64.826283,47.815497],[-64.800038,47.809272],[-64.785959,47.793565],[-64.789703,47.771308],[-64.809438,47.76142],[-64.860463,47.759385],[-64.860463,47.75255],[-64.84203,47.748114],[-64.802642,47.745958],[-64.785959,47.738959],[-64.783355,47.733222],[-64.782338,47.71662],[-64.778472,47.711005],[-64.763905,47.708075],[-64.75768,47.714911],[-64.756907,47.72309],[-64.758656,47.724677],[-64.757436,47.732245],[-64.760813,47.745469],[-64.758656,47.75255],[-64.753,47.75727],[-64.735707,47.764472],[-64.730784,47.765611],[-64.718251,47.761583],[-64.680165,47.741319],[-64.668609,47.732123],[-64.684885,47.722724],[-64.739369,47.701402],[-64.75121,47.700751],[-64.757639,47.686387],[-64.773346,47.683295],[-64.793365,47.683051],[-64.812611,47.677476],[-64.809153,47.674547],[-64.799631,47.663804],[-64.808705,47.658637],[-64.811757,47.653266],[-64.808705,47.647935],[-64.799631,47.642686],[-64.814036,47.621568],[-64.828847,47.605943],[-64.867828,47.574449],[-64.875844,47.570502],[-64.884836,47.567206],[-64.892161,47.56151],[-64.895172,47.550238],[-64.895497,47.542589],[-64.897125,47.537055],[-64.908844,47.519843],[-64.874094,47.519843],[-64.889556,47.499701],[-64.924469,47.467475],[-64.929311,47.450914],[-64.915151,47.464789],[-64.902008,47.471503],[-64.887115,47.476549],[-64.867828,47.485704],[-64.893219,47.421861],[-64.908844,47.355333],[-64.912262,47.36579],[-64.911692,47.375922],[-64.907948,47.385972],[-64.905873,47.394477],[-64.908844,47.402533],[-64.927887,47.393378],[-64.939117,47.37877],[-64.94815,47.36164],[-64.960357,47.344794],[-64.961741,47.331936],[-64.958404,47.312323],[-64.959625,47.294298],[-64.973988,47.286444],[-65.019928,47.282375],[-65.042958,47.275214],[-65.061269,47.251939],[-65.098459,47.236436],[-65.106842,47.221584],[-65.122548,47.202745],[-65.331451,47.100572],[-65.367543,47.094631],[-65.367543,47.087795],[-65.284332,47.080878],[-65.244781,47.081895],[-65.203033,47.094631],[-65.204579,47.080471],[-65.210276,47.064765],[-65.213206,47.052069],[-65.206451,47.04678],[-65.149037,47.053697],[-65.0631,47.090562],[-65.032338,47.094631],[-65.015004,47.088528],[-64.99828,47.06505],[-64.984527,47.059882],[-64.96524,47.063096],[-64.954661,47.070787],[-64.947092,47.080064],[-64.936757,47.087795],[-64.908559,47.09276],[-64.825429,47.089097],[-64.799631,47.08161],[-64.82551,47.063544],[-64.821116,47.041368],[-64.807607,47.015245],[-64.806467,46.985419],[-64.816884,46.977118],[-64.852651,46.962714],[-64.895172,46.91649],[-64.905832,46.886868],[-64.904368,46.858751],[-64.894887,46.832099],[-64.8815,46.806627],[-64.864898,46.783189],[-64.844309,46.76317],[-64.792144,46.724718],[-64.818918,46.724758],[-64.839426,46.716864],[-64.851918,46.700832],[-64.854237,46.676337],[-64.847401,46.676337],[-64.832672,46.699368],[-64.80191,46.695624],[-64.75121,46.670071],[-64.757924,46.690294],[-64.749176,46.699815],[-64.732167,46.698798],[-64.713612,46.687161],[-64.706776,46.672268],[-64.705393,46.65176],[-64.710276,46.614854],[-64.719838,46.576321],[-64.717397,46.555976],[-64.700307,46.547227],[-64.690256,46.538642],[-64.679758,46.519599],[-64.677724,46.500556],[-64.693186,46.492011],[-64.702138,46.489814],[-64.70873,46.485093],[-64.71109,46.480455],[-64.707143,46.478339],[-64.701894,46.476467],[-64.694203,46.467434],[-64.689768,46.464016],[-64.6822,46.463365],[-64.676869,46.466457],[-64.67276,46.470038],[-64.668609,46.470852],[-64.654652,46.46369],[-64.63622,46.450792],[-64.620229,46.435126],[-64.613393,46.419298],[-64.614613,46.382229],[-64.618804,46.367987],[-64.627675,46.354153],[-64.645497,46.340399],[-64.663564,46.336737],[-64.682851,46.33511],[-64.70401,46.327501],[-64.68342,46.328518],[-64.672597,46.327379],[-64.665191,46.323798],[-64.657216,46.321031],[-64.647206,46.324368],[-64.627675,46.333645],[-64.588938,46.335354],[-64.574941,46.33869],[-64.579905,46.347968],[-64.558502,46.369127],[-64.536529,46.351467],[-64.523427,46.321601],[-64.528391,46.305732],[-64.555328,46.29857],[-64.563588,46.27969],[-64.559397,46.223782],[-64.535024,46.234971],[-64.514027,46.239407],[-64.405426,46.238105],[-64.399159,46.23607],[-64.387522,46.226671],[-64.380605,46.223782],[-64.370351,46.223741],[-64.36262,46.226142],[-64.35554,46.229153],[-64.347157,46.231269],[-64.253285,46.234442],[-64.237294,46.231269],[-64.185048,46.210191],[-64.16275,46.195136],[-64.169057,46.183458],[-64.161285,46.17003],[-64.151275,46.166327],[-64.127431,46.169827],[-64.126698,46.17414],[-64.119293,46.182278],[-64.110911,46.186835],[-64.104115,46.173936],[-64.09732,46.168524],[-64.082672,46.159288],[-64.078033,46.163479],[-64.049672,46.178941],[-64.037994,46.183458],[-64.022572,46.185289],[-63.973215,46.183458],[-63.946278,46.178778],[-63.894276,46.156643],[-63.813059,46.140286],[-63.790273,46.130968],[-63.771108,46.11522],[-63.791819,46.099514],[-63.812978,46.093858],[-63.860463,46.087266],[-63.866526,46.082913],[-63.885365,46.065741],[-63.894643,46.059963],[-63.905588,46.05801],[-64.063791,46.061754],[-64.072743,46.059963],[-64.076487,46.053534],[-64.076487,46.044582],[-64.079701,46.036526],[-64.093251,46.03262],[-64.083852,46.022366],[-64.052317,46.00137],[-64.042725,45.991981],[-64.051304,45.976832],[-64.073319,45.973163],[-64.09926,45.975024],[-64.119672,45.976393],[-64.141015,45.972543],[-64.159541,45.963758],[-64.17507,45.950012],[-64.187007,45.931305],[-64.198505,45.915725],[-64.21362,45.904046],[-64.229847,45.89353],[-64.244652,45.881308],[-64.252377,45.869707],[-64.258114,45.856633],[-64.264211,45.844541],[-64.273022,45.835911],[-64.273281,45.835756],[-64.273423,45.83567],[-64.276235,45.841783],[-64.321604,45.877834],[-64.334706,45.885118],[-64.347157,45.888658],[-64.36148,45.885077],[-64.365956,45.875963],[-64.35912,45.868069],[-64.339711,45.86815],[-64.339711,45.860704],[-64.369008,45.846747],[-64.419545,45.791164],[-64.446401,45.778795],[-64.464182,45.772773],[-64.471506,45.75845],[-64.474843,45.741604],[-64.480865,45.727891],[-64.494985,45.721015],[-64.513905,45.720608],[-64.532541,45.72484],[-64.545766,45.731594],[-64.526275,45.74254],[-64.508534,45.766181],[-64.495513,45.793687],[-64.490549,45.816718],[-64.496205,45.824774],[-64.52302,45.839748],[-64.531484,45.847032],[-64.536204,45.861477],[-64.535756,45.873847],[-64.531484,45.902248],[-64.548411,45.883612],[-64.560902,45.87873],[-64.572418,45.885606],[-64.629791,45.954495],[-64.648793,45.970567],[-64.670033,45.98314],[-64.678782,45.990953],[-64.682281,46.001614],[-64.683013,46.025458],[-64.685211,46.0362],[-64.689768,46.046291],[-64.703969,46.062161],[-64.726064,46.079088],[-64.748687,46.089911],[-64.764882,46.087266],[-64.710276,46.049628],[-64.696604,46.03262],[-64.705678,46.01789],[-64.707997,46.008043],[-64.703725,45.999376],[-64.693186,45.988267],[-64.668609,45.970567],[-64.664052,45.964911],[-64.656565,45.952948],[-64.652211,45.950751],[-64.635406,45.945217],[-64.626088,45.931993],[-64.613393,45.902248],[-64.601633,45.890611],[-64.578684,45.872707],[-64.572418,45.860704],[-64.585439,45.825914],[-64.613189,45.80036],[-64.646474,45.777655],[-64.676096,45.751532],[-64.666493,45.745917],[-64.649892,45.730373],[-64.641347,45.724189],[-64.653432,45.720567],[-64.676178,45.726182],[-64.689768,45.724189],[-64.696767,45.715806],[-64.707753,45.688951],[-64.713612,45.683173],[-64.729156,45.673326],[-64.756256,45.627794],[-64.771637,45.614325],[-64.784779,45.613186],[-64.790273,45.61872],[-64.795155,45.627305],[-64.806467,45.635403],[-64.817616,45.637437],[-64.882802,45.633612],[-64.904775,45.628241],[-64.924428,45.619696],[-64.942983,45.608059],[-64.994496,45.559068],[-65.015289,45.552843],[-65.035227,45.550442],[-65.184316,45.510403],[-65.315053,45.459215],[-65.489166,45.371649],[-65.519399,45.36461],[-65.529164,45.357733],[-65.536204,45.348009],[-65.538808,45.337144],[-65.544993,45.329576],[-65.559153,45.324815],[-65.61856,45.31566],[-65.628814,45.312649],[-65.660715,45.294542],[-65.697499,45.285224],[-65.732981,45.253282],[-65.752349,45.244371],[-65.761342,45.247178],[-65.782541,45.261868],[-65.793324,45.264879],[-65.804067,45.260118],[-65.826568,45.241685],[-65.852895,45.233018],[-65.888295,45.213853],[-65.909413,45.210273],[-65.929311,45.213039],[-65.960561,45.221991],[-65.981435,45.223944],[-65.995595,45.230292],[-66.00593,45.24494],[-66.018625,45.271633],[-66.039622,45.285142],[-66.135976,45.312649],[-66.033559,45.370429],[-66.001861,45.398586],[-65.998362,45.406806],[-65.997629,45.418036],[-65.998769,45.439561],[-66.000844,45.449815],[-66.005279,45.459377],[-66.009755,45.464342],[-66.01183,45.460354],[-66.020416,45.449286],[-66.05842,45.422675],[-66.069732,45.400295],[-66.087514,45.374742],[-66.089426,45.370022],[-66.088979,45.364651],[-66.08967,45.359239],[-66.09496,45.354234],[-66.100575,45.354112],[-66.114329,45.360256],[-66.121693,45.36107],[-66.164133,45.351874],[-66.185414,45.344143],[-66.196767,45.333808],[-66.193186,45.330552],[-66.17691,45.306464],[-66.166371,45.297268],[-66.154408,45.289618],[-66.141591,45.283433],[-66.128489,45.27912],[-66.106516,45.27733],[-66.086781,45.278306],[-66.070912,45.274482],[-66.060211,45.258043],[-66.083608,45.252305],[-66.115956,45.236721],[-66.140981,45.218085],[-66.142161,45.202786],[-66.189361,45.177802],[-66.196767,45.172349],[-66.202138,45.159491],[-66.214101,45.169582],[-66.231557,45.196601],[-66.249379,45.204657],[-66.279775,45.208604],[-66.310048,45.20482],[-66.327748,45.189765],[-66.303822,45.187161],[-66.270497,45.189765],[-66.248606,45.185289],[-66.258901,45.16177],[-66.283803,45.14997],[-66.342844,45.144395],[-66.3544,45.131415],[-66.358022,45.116604],[-66.367177,45.114895],[-66.379547,45.116523],[-66.392934,45.111233],[-66.414906,45.092841],[-66.428822,45.083726],[-66.440663,45.079901],[-66.454213,45.077053],[-66.461293,45.077745],[-66.464263,45.083604],[-66.464915,45.098009],[-66.464019,45.104885],[-66.460846,45.107815],[-66.460276,45.114732],[-66.490956,45.155626],[-66.505483,45.148017],[-66.519928,45.143948],[-66.543121,45.141995],[-66.550038,45.140286],[-66.660064,45.084621],[-66.692535,45.074612],[-66.718129,45.079901],[-66.710683,45.087307],[-66.717885,45.090928],[-66.724965,45.093573],[-66.731068,45.074774],[-66.745839,45.064521],[-66.766347,45.060289],[-66.78954,45.059394],[-66.797027,45.065823],[-66.786936,45.080634],[-66.780751,45.096829],[-66.80012,45.107815],[-66.803375,45.093411],[-66.813303,45.089423],[-66.827016,45.089423],[-66.841664,45.087307],[-66.872141,45.065579],[-66.888905,45.060696],[-66.908681,45.0987],[-66.911041,45.113918],[-66.899403,45.120836],[-66.885243,45.122301],[-66.862294,45.127997],[-66.84789,45.128323],[-66.855702,45.1376],[-66.86974,45.143948],[-66.88565,45.14761],[-66.899403,45.14879],[-66.916005,45.15469],[-66.927398,45.168199],[-66.935862,45.182034],[-66.943471,45.189765],[-66.957021,45.189073],[-66.970774,45.181993],[-66.981435,45.171007],[-66.985707,45.158759],[-66.991444,45.16177],[-67.005198,45.166653],[-67.021148,45.168362],[-67.040069,45.143826],[-67.038808,45.134263],[-67.045522,45.117174],[-67.049509,45.096422],[-67.040069,45.075629],[-67.065663,45.082546],[-67.086374,45.097642],[-67.124786,45.143785],[-67.131093,45.153835],[-67.134145,45.165066],[-67.136261,45.196519],[-67.140655,45.204617],[-67.149159,45.205512],[-67.162953,45.198513],[-67.163035,45.212755],[-67.167958,45.222602],[-67.177195,45.22899],[-67.190297,45.233181],[-67.190623,45.217393],[-67.187734,45.201443],[-67.182566,45.187934],[-67.176015,45.178656]]],[[[-66.901031,44.88939],[-66.916656,44.877672],[-66.930979,44.869859],[-66.920562,44.850328],[-66.91926,44.837307],[-66.938791,44.838609],[-66.955719,44.846422],[-66.97525,44.860745],[-66.98176,44.872463],[-66.958323,44.877672],[-66.954416,44.88939],[-66.954416,44.899807],[-66.946604,44.915432],[-66.940094,44.925849],[-66.933583,44.941474],[-66.921864,44.947984],[-66.904937,44.955797],[-66.904937,44.946682],[-66.903635,44.933661],[-66.891916,44.921942],[-66.893219,44.906317],[-66.901031,44.88939]]],[[[-66.963531,44.961005],[-66.977854,44.936265],[-66.985666,44.925849],[-67.005198,44.947984],[-67.014312,44.963609],[-67.016916,44.979234],[-67.005198,44.989651],[-66.989573,45.00137],[-66.973948,45.018297],[-66.954416,45.027411],[-66.938791,45.024807],[-66.940094,45.011786],[-66.945302,45.000067],[-66.947906,44.98314],[-66.963531,44.961005]]],[[[-66.86148,44.726752],[-66.851145,44.754706],[-66.825754,44.787584],[-66.791289,44.799104],[-66.769453,44.795657],[-66.756801,44.777563],[-66.74316,44.782047],[-66.732466,44.768824],[-66.735491,44.759083],[-66.752895,44.763855],[-66.761486,44.75453],[-66.753328,44.741761],[-66.738637,44.710639],[-66.728106,44.683535],[-66.721134,44.662779],[-66.707998,44.651334],[-66.691784,44.642992],[-66.687342,44.628857],[-66.690391,44.620002],[-66.708987,44.613741],[-66.728313,44.622952],[-66.732791,44.641068],[-66.742829,44.653408],[-66.754051,44.657342],[-66.767701,44.653305],[-66.783282,44.661205],[-66.798173,44.659375],[-66.809937,44.651802],[-66.839091,44.650351],[-66.858388,44.638007],[-66.867014,44.629788],[-66.876141,44.606331],[-66.890291,44.602757],[-66.905986,44.606169],[-66.901438,44.630113],[-66.891347,44.655585],[-66.884592,44.68891],[-66.865793,44.711249],[-66.86148,44.726752]]],[[[-64.50475,47.889797],[-64.511952,47.902533],[-64.504058,47.916693],[-64.477447,47.944403],[-64.47704,47.937812],[-64.478668,47.933173],[-64.49234,47.910631],[-64.498891,47.892768],[-64.503245,47.874172],[-64.50475,47.85871],[-64.509023,47.84455],[-64.51891,47.829291],[-64.53893,47.807196],[-64.593495,47.765367],[-64.648793,47.732123],[-64.654205,47.747056],[-64.666005,47.752834],[-64.68106,47.755032],[-64.696604,47.759426],[-64.655019,47.782904],[-64.648793,47.790473],[-64.654205,47.801907],[-64.666656,47.802639],[-64.680409,47.798],[-64.689768,47.793606],[-64.687164,47.802639],[-64.682851,47.810045],[-64.676747,47.816067],[-64.668609,47.820868],[-64.686269,47.819281],[-64.696645,47.821031],[-64.700063,47.827948],[-64.696604,47.841986],[-64.690989,47.850287],[-64.680531,47.861396],[-64.668691,47.871283],[-64.658681,47.875474],[-64.59553,47.885484],[-64.567983,47.883043],[-64.579905,47.862454],[-64.558949,47.869574],[-64.538645,47.870103],[-64.520131,47.873603],[-64.50475,47.889797]]],[[[-64.545766,47.971666],[-64.525787,48.020697],[-64.510813,48.033596],[-64.484283,48.020087],[-64.480051,47.998358],[-64.473012,47.980943],[-64.472401,47.963365],[-64.487416,47.94123],[-64.507802,47.92829],[-64.568267,47.906968],[-64.590443,47.903469],[-64.594106,47.914374],[-64.577138,47.938422],[-64.545766,47.971666]]]]}},{"type":"Feature","properties":{"id":"BE-WHT","country":"BE","name_en":"Hainaut"},"geometry":{"type":"MultiPolygon","coordinates":[[[[2.886883,50.696648],[2.871276,50.698767],[2.866726,50.700091],[2.862502,50.709552],[2.842193,50.750841],[2.868807,50.761228],[2.875421,50.762469],[2.889632,50.754149],[2.918106,50.757714],[2.922447,50.766965],[2.960205,50.776796],[2.939707,50.792234],[2.940637,50.796678],[2.998824,50.811613],[3.014424,50.80513],[3.022962,50.771618],[3.023817,50.768262],[2.971425,50.757833],[2.948378,50.748686],[2.930188,50.736232],[2.900112,50.703108],[2.886883,50.696648]]],[[[3.361066,50.489787],[3.343599,50.49294],[3.299881,50.507461],[3.286755,50.514075],[3.271045,50.526943],[3.265878,50.538312],[3.264327,50.570196],[3.237869,50.626472],[3.229808,50.65541],[3.24376,50.672102],[3.232391,50.695925],[3.224433,50.705175],[3.210997,50.707965],[3.196941,50.709206],[3.188983,50.715097],[3.176684,50.734114],[3.162811,50.749939],[3.175068,50.752715],[3.219689,50.767275],[3.260824,50.75234],[3.303302,50.756423],[3.324582,50.737157],[3.323146,50.723453],[3.347795,50.711929],[3.353635,50.711645],[3.363453,50.709655],[3.367432,50.717303],[3.412753,50.747405],[3.457608,50.768515],[3.494143,50.758877],[3.533979,50.766421],[3.540545,50.73494],[3.606643,50.734202],[3.634651,50.721851],[3.675321,50.771925],[3.704001,50.782106],[3.714543,50.768644],[3.757795,50.780322],[3.774635,50.74897],[3.814692,50.751901],[3.828024,50.743503],[3.884403,50.751384],[3.894988,50.734164],[3.887969,50.717562],[3.892771,50.70641],[3.906934,50.694669],[3.928225,50.689812],[3.988842,50.688726],[4.008995,50.698984],[4.028012,50.695031],[4.051473,50.702834],[4.058501,50.696013],[4.072712,50.712911],[4.099739,50.707123],[4.112442,50.706879],[4.0942,50.703469],[4.090221,50.690601],[4.091358,50.653653],[4.101125,50.636031],[4.118643,50.631328],[4.141846,50.633576],[4.173317,50.661094],[4.184324,50.663885],[4.203651,50.64771],[4.198586,50.626781],[4.251968,50.618203],[4.246491,50.597325],[4.278943,50.59301],[4.30411,50.568128],[4.333617,50.570014],[4.330826,50.544564],[4.355838,50.562392],[4.412527,50.566268],[4.422966,50.559343],[4.468079,50.55955],[4.472885,50.554408],[4.470094,50.529733],[4.503064,50.540688],[4.501875,50.531386],[4.516552,50.527175],[4.576755,50.543427],[4.558926,50.494128],[4.59479,50.499864],[4.586987,50.490614],[4.599337,50.479839],[4.586005,50.456455],[4.572465,50.454931],[4.582129,50.447877],[4.572672,50.441779],[4.615977,50.425191],[4.601094,50.404288],[4.585126,50.401213],[4.605848,50.385736],[4.581561,50.360027],[4.587865,50.322484],[4.520272,50.31543],[4.501979,50.330442],[4.474177,50.328789],[4.453765,50.306232],[4.398316,50.311219],[4.390151,50.292538],[4.372168,50.293106],[4.359248,50.278068],[4.32571,50.276621],[4.285971,50.257966],[4.302456,50.2436],[4.33894,50.229777],[4.346639,50.230035],[4.36514,50.243729],[4.386224,50.240758],[4.400538,50.23373],[4.388446,50.201691],[4.396559,50.18735],[4.360075,50.169341],[4.398368,50.126424],[4.385345,50.109345],[4.386172,50.069296],[4.390564,50.052966],[4.406739,50.049323],[4.414749,49.99731],[4.443998,49.958966],[4.430562,49.937779],[4.42772,49.933671],[4.427651,49.933572],[4.277599,49.960156],[4.215945,49.954411],[4.201118,49.953024],[4.187682,49.955505],[4.131665,49.974987],[4.132365,49.974946],[4.139623,49.974522],[4.138383,49.989198],[4.132905,50.004494],[4.128151,50.005786],[4.132285,50.017568],[4.137349,50.025061],[4.144584,50.030797],[4.162877,50.041805],[4.186028,50.05245],[4.210006,50.06015],[4.210316,50.066713],[4.203392,50.074671],[4.197397,50.084076],[4.180551,50.127226],[4.170629,50.130481],[4.15988,50.129396],[4.139933,50.123557],[4.125774,50.128156],[4.128151,50.146243],[4.147374,50.186343],[4.152749,50.204534],[4.157296,50.212698],[4.167942,50.222465],[4.191506,50.234299],[4.201325,50.241534],[4.203702,50.251973],[4.197604,50.258484],[4.185201,50.26546],[4.171766,50.270886],[4.162774,50.272953],[4.150268,50.269543],[4.149751,50.263135],[4.150992,50.256262],[4.143654,50.251611],[4.125257,50.25714],[4.097868,50.294812],[4.077198,50.306646],[4.055907,50.314553],[4.022731,50.338117],[4.0033,50.34406],[3.982113,50.342613],[3.918551,50.325456],[3.895917,50.325301],[3.878037,50.330779],[3.86088,50.338479],[3.84021,50.345197],[3.798662,50.348452],[3.755047,50.346334],[3.741508,50.34313],[3.733446,50.337239],[3.715463,50.317653],[3.711122,50.309333],[3.708435,50.306336],[3.703887,50.304321],[3.702234,50.305251],[3.700787,50.304683],[3.696859,50.298223],[3.661719,50.319307],[3.652934,50.360183],[3.652831,50.406847],[3.644356,50.445501],[3.62813,50.464363],[3.608286,50.476507],[3.586375,50.483483],[3.563741,50.486532],[3.499145,50.48679],[3.486743,50.492681],[3.496458,50.503792],[3.498008,50.511853],[3.491497,50.517073],[3.477131,50.519863],[3.462868,50.51914],[3.452636,50.514851],[3.442714,50.508494],[3.429175,50.501828],[3.385354,50.491648],[3.361066,50.489787]]]]}},{"type":"Feature","properties":{"id":"BE-WNA","country":"BE","name_en":"Namur"},"geometry":{"type":"Polygon","coordinates":[[[4.831364,50.1434],[4.820098,50.146449],[4.815551,50.161332],[4.788575,50.153374],[4.681915,50.083921],[4.676128,50.076066],[4.67344,50.066196],[4.675818,50.060201],[4.679538,50.055189],[4.680572,50.048316],[4.672924,50.01638],[4.665896,50.000515],[4.656697,49.989095],[4.645845,49.984495],[4.604194,49.980206],[4.464771,49.935609],[4.435109,49.93225],[4.427651,49.933572],[4.42772,49.933671],[4.430562,49.937779],[4.443998,49.958966],[4.414749,49.99731],[4.406739,50.049323],[4.390564,50.052966],[4.386172,50.069296],[4.385345,50.109345],[4.398368,50.126424],[4.360075,50.169341],[4.396559,50.18735],[4.388446,50.201691],[4.400538,50.23373],[4.386224,50.240758],[4.36514,50.243729],[4.346639,50.230035],[4.33894,50.229777],[4.302456,50.2436],[4.285971,50.257966],[4.32571,50.276621],[4.359248,50.278068],[4.372168,50.293106],[4.390151,50.292538],[4.398316,50.311219],[4.453765,50.306232],[4.474177,50.328789],[4.501979,50.330442],[4.520272,50.31543],[4.587865,50.322484],[4.581561,50.360027],[4.605848,50.385736],[4.585126,50.401213],[4.601094,50.404288],[4.615977,50.425191],[4.572672,50.441779],[4.582129,50.447877],[4.572465,50.454931],[4.586005,50.456455],[4.599337,50.479839],[4.586987,50.490614],[4.59479,50.499864],[4.558926,50.494128],[4.576755,50.543427],[4.573189,50.560428],[4.590139,50.568929],[4.607812,50.570479],[4.644192,50.562237],[4.66662,50.565441],[4.655044,50.596576],[4.666103,50.608487],[4.675767,50.608539],[4.703724,50.596059],[4.708271,50.607092],[4.734109,50.611666],[4.740466,50.591563],[4.780721,50.601614],[4.791935,50.590969],[4.78806,50.602622],[4.793227,50.605671],[4.900404,50.62368],[4.901438,50.62983],[4.927948,50.628357],[4.95084,50.647968],[4.98257,50.643369],[4.979107,50.619288],[5.027735,50.589936],[5.053366,50.541928],[5.034556,50.532885],[5.090367,50.530921],[5.105353,50.507357],[5.119047,50.505755],[5.142818,50.512886],[5.129279,50.504566],[5.136255,50.488753],[5.156047,50.490614],[5.151035,50.48188],[5.162094,50.469943],[5.195942,50.478625],[5.217594,50.464672],[5.236094,50.438059],[5.220488,50.418422],[5.232787,50.405554],[5.282396,50.39695],[5.281259,50.37845],[5.295109,50.366177],[5.349937,50.389741],[5.392415,50.380465],[5.4012,50.367572],[5.38022,50.34964],[5.394431,50.337755],[5.340067,50.311839],[5.347767,50.306645],[5.360221,50.318143],[5.383372,50.319177],[5.393656,50.303235],[5.392674,50.288068],[5.365182,50.269697],[5.294489,50.240448],[5.283998,50.249233],[5.273043,50.248535],[5.250719,50.238846],[5.253251,50.227064],[5.224467,50.228252],[5.205863,50.219907],[5.244362,50.206186],[5.23351,50.196265],[5.245551,50.196213],[5.244052,50.186007],[5.279554,50.159471],[5.270252,50.141436],[5.241779,50.135545],[5.267255,50.1203],[5.262191,50.109603],[5.235371,50.111308],[5.208292,50.099061],[5.187002,50.096219],[5.093312,50.092007],[5.072073,50.096762],[5.066234,50.12477],[5.051506,50.086323],[5.060188,50.080613],[5.049646,50.063715],[5.016986,50.04183],[5.007323,50.039685],[4.998176,50.045834],[4.991148,50.030332],[4.972183,50.030642],[4.996522,50.015345],[5.009441,49.982712],[5.020035,49.979275],[5.062565,49.984779],[5.071763,49.971291],[5.10096,49.96155],[5.09724,49.939278],[5.118892,49.925299],[5.068714,49.912406],[5.043238,49.896851],[5.059929,49.886103],[4.984947,49.851273],[4.980658,49.842539],[4.989184,49.823367],[4.976265,49.820939],[4.971769,49.803885],[4.968514,49.797271],[4.968371,49.796981],[4.950013,49.796393],[4.906604,49.786471],[4.884177,49.784146],[4.858029,49.786575],[4.849037,49.794171],[4.849244,49.831585],[4.846763,49.837528],[4.836945,49.848018],[4.834878,49.85303],[4.836738,49.859128],[4.845626,49.865846],[4.848934,49.871066],[4.854308,49.883313],[4.859372,49.891684],[4.861956,49.900314],[4.860199,49.913337],[4.844593,49.931734],[4.797257,49.944291],[4.783925,49.958295],[4.788265,49.974263],[4.826713,50.036017],[4.827643,50.046714],[4.826093,50.055034],[4.827229,50.064077],[4.84604,50.09069],[4.852137,50.091621],[4.862886,50.084076],[4.86516,50.101594],[4.870534,50.122265],[4.871878,50.139783],[4.862679,50.147586],[4.831364,50.1434]]]}},{"type":"Feature","properties":{"id":"BE-WLX","country":"BE","name_en":"Luxembourg"},"geometry":{"type":"Polygon","coordinates":[[[5.192478,49.682808],[5.169431,49.687201],[5.151241,49.695986],[5.136358,49.705339],[5.093776,49.745337],[5.081891,49.752727],[5.046234,49.759393],[5.026287,49.766731],[4.98908,49.790554],[4.970993,49.797065],[4.968371,49.796981],[4.968514,49.797271],[4.971769,49.803885],[4.976265,49.820939],[4.989184,49.823367],[4.980658,49.842539],[4.984947,49.851273],[5.059929,49.886103],[5.043238,49.896851],[5.068714,49.912406],[5.118892,49.925299],[5.09724,49.939278],[5.10096,49.96155],[5.071763,49.971291],[5.062565,49.984779],[5.020035,49.979275],[5.009441,49.982712],[4.996522,50.015345],[4.972183,50.030642],[4.991148,50.030332],[4.998176,50.045834],[5.007323,50.039685],[5.016986,50.04183],[5.049646,50.063715],[5.060188,50.080613],[5.051506,50.086323],[5.066234,50.12477],[5.072073,50.096762],[5.093312,50.092007],[5.187002,50.096219],[5.208292,50.099061],[5.235371,50.111308],[5.262191,50.109603],[5.267255,50.1203],[5.241779,50.135545],[5.270252,50.141436],[5.279554,50.159471],[5.244052,50.186007],[5.245551,50.196213],[5.23351,50.196265],[5.244362,50.206186],[5.205863,50.219907],[5.224467,50.228252],[5.253251,50.227064],[5.250719,50.238846],[5.273043,50.248535],[5.283998,50.249233],[5.294489,50.240448],[5.365182,50.269697],[5.392674,50.288068],[5.393656,50.303235],[5.383372,50.319177],[5.360221,50.318143],[5.347767,50.306645],[5.340067,50.311839],[5.394431,50.337755],[5.38022,50.34964],[5.4012,50.367572],[5.392415,50.380465],[5.425747,50.400593],[5.405696,50.423382],[5.411794,50.430307],[5.425075,50.430772],[5.468483,50.409068],[5.508636,50.425966],[5.517782,50.406278],[5.534681,50.404107],[5.53158,50.395115],[5.537109,50.391912],[5.553698,50.390284],[5.587701,50.400593],[5.641858,50.368244],[5.675034,50.369587],[5.67028,50.35765],[5.720767,50.357547],[5.703404,50.332639],[5.704489,50.321632],[5.720612,50.304113],[5.747588,50.299824],[5.720716,50.263082],[5.780867,50.269025],[5.797249,50.265718],[5.803915,50.256106],[5.810426,50.265873],[5.873781,50.271505],[5.880293,50.281324],[5.845463,50.28458],[5.867787,50.319461],[5.849287,50.329538],[5.858072,50.347883],[5.979305,50.330882],[5.981062,50.322303],[6.012998,50.311761],[6.007468,50.218744],[6.011912,50.207659],[6.033823,50.204843],[6.019871,50.194688],[6.024056,50.183862],[6.024935,50.181614],[6.022971,50.150893],[6.022967,50.15082],[6.014134,50.153581],[6.008036,50.160919],[6.004729,50.170479],[5.998321,50.174975],[5.982921,50.167068],[5.96163,50.165621],[5.953156,50.156371],[5.949021,50.142677],[5.941063,50.128311],[5.92618,50.118337],[5.888973,50.106607],[5.872437,50.096892],[5.86882,50.090535],[5.866856,50.074309],[5.864375,50.067488],[5.858278,50.061803],[5.843705,50.053638],[5.83771,50.047437],[5.838847,50.035862],[5.838847,50.026457],[5.836367,50.01855],[5.829132,50.013589],[5.808875,50.007801],[5.802674,50.002479],[5.801537,49.988681],[5.808565,49.9831],[5.812596,49.977571],[5.80164,49.963825],[5.793372,49.958812],[5.778593,49.95659],[5.771565,49.953541],[5.76371,49.946823],[5.759989,49.941604],[5.757612,49.93654],[5.753581,49.930183],[5.718958,49.891374],[5.714927,49.881866],[5.726709,49.878197],[5.748827,49.867293],[5.758129,49.858198],[5.731877,49.859955],[5.73198,49.854167],[5.730533,49.85117],[5.728673,49.848845],[5.726916,49.845227],[5.736528,49.83944],[5.724642,49.834272],[5.720198,49.824712],[5.721645,49.812775],[5.727743,49.800217],[5.738285,49.788848],[5.748414,49.785644],[5.759162,49.784456],[5.771875,49.779392],[5.778489,49.773035],[5.802054,49.742856],[5.803604,49.738154],[5.805774,49.724201],[5.805361,49.721876],[5.811769,49.718517],[5.825721,49.715778],[5.831716,49.713607],[5.837297,49.712936],[5.843705,49.714331],[5.850216,49.714021],[5.856004,49.708078],[5.856403,49.705807],[5.857347,49.70043],[5.853627,49.696296],[5.848769,49.69273],[5.847219,49.687201],[5.846702,49.68069],[5.843705,49.677486],[5.842258,49.67392],[5.845772,49.666582],[5.852593,49.663223],[5.872644,49.661724],[5.879878,49.657745],[5.885459,49.643534],[5.879878,49.634853],[5.869957,49.628858],[5.861998,49.62276],[5.849183,49.599713],[5.841224,49.589687],[5.829959,49.582763],[5.846909,49.576717],[5.8374,49.56111],[5.814456,49.545142],[5.790685,49.537753],[5.779006,49.539613],[5.757095,49.548398],[5.746346,49.549431],[5.735598,49.545711],[5.722679,49.5346],[5.710276,49.531086],[5.688676,49.533515],[5.667178,49.54044],[5.644647,49.543799],[5.619739,49.53553],[5.607854,49.524937],[5.60558,49.517754],[5.602273,49.513723],[5.587493,49.512431],[5.578915,49.51393],[5.547599,49.523438],[5.528789,49.517961],[5.503674,49.505093],[5.477724,49.495224],[5.456132,49.498944],[5.44993,49.507832],[5.450964,49.516772],[5.454168,49.526177],[5.454375,49.536616],[5.450241,49.545762],[5.402078,49.602451],[5.391166,49.608817],[5.383475,49.613304],[5.352469,49.620693],[5.3411,49.625137],[5.334899,49.625809],[5.331178,49.623122],[5.326941,49.617644],[5.32167,49.61258],[5.314538,49.611133],[5.297898,49.613252],[5.293041,49.617179],[5.290664,49.626378],[5.293764,49.640537],[5.301826,49.643896],[5.306373,49.647513],[5.299449,49.662499],[5.280122,49.677899],[5.259244,49.691335],[5.237644,49.690973],[5.192478,49.682808]]]}},{"type":"Feature","properties":{"id":"BE-WLG","country":"BE","name_en":"Liège"},"geometry":{"type":"Polygon","coordinates":[[[6.038628,50.148413],[6.027363,50.149447],[6.022967,50.15082],[6.022971,50.150893],[6.024935,50.181614],[6.024056,50.183862],[6.019871,50.194688],[6.033823,50.204843],[6.011912,50.207659],[6.007468,50.218744],[6.012998,50.311761],[5.981062,50.322303],[5.979305,50.330882],[5.858072,50.347883],[5.849287,50.329538],[5.867787,50.319461],[5.845463,50.28458],[5.880293,50.281324],[5.873781,50.271505],[5.810426,50.265873],[5.803915,50.256106],[5.797249,50.265718],[5.780867,50.269025],[5.720716,50.263082],[5.747588,50.299824],[5.720612,50.304113],[5.704489,50.321632],[5.703404,50.332639],[5.720767,50.357547],[5.67028,50.35765],[5.675034,50.369587],[5.641858,50.368244],[5.587701,50.400593],[5.553698,50.390284],[5.537109,50.391912],[5.53158,50.395115],[5.534681,50.404107],[5.517782,50.406278],[5.508636,50.425966],[5.468483,50.409068],[5.425075,50.430772],[5.411794,50.430307],[5.405696,50.423382],[5.425747,50.400593],[5.392415,50.380465],[5.349937,50.389741],[5.295109,50.366177],[5.281259,50.37845],[5.282396,50.39695],[5.232787,50.405554],[5.220488,50.418422],[5.236094,50.438059],[5.217594,50.464672],[5.195942,50.478625],[5.162094,50.469943],[5.151035,50.48188],[5.156047,50.490614],[5.136255,50.488753],[5.129279,50.504566],[5.142818,50.512886],[5.119047,50.505755],[5.105353,50.507357],[5.090367,50.530921],[5.034556,50.532885],[5.053366,50.541928],[5.027735,50.589936],[4.979107,50.619288],[4.98257,50.643369],[5.001793,50.666158],[5.00076,50.695795],[5.016573,50.702952],[4.991975,50.725328],[5.015849,50.733493],[5.019103,50.751932],[5.043547,50.742835],[5.043041,50.725107],[5.059526,50.711567],[5.074718,50.706917],[5.101103,50.709756],[5.167736,50.697253],[5.180439,50.707164],[5.16939,50.723556],[5.228921,50.71875],[5.236155,50.728233],[5.243381,50.716879],[5.275585,50.729447],[5.307366,50.718389],[5.312275,50.729706],[5.332119,50.740971],[5.378214,50.750841],[5.391753,50.747121],[5.404095,50.727498],[5.430976,50.720869],[5.453248,50.722264],[5.461155,50.739964],[5.480843,50.726399],[5.496811,50.728853],[5.523838,50.743762],[5.521926,50.76004],[5.608484,50.776421],[5.657432,50.807641],[5.663251,50.805065],[5.684852,50.798503],[5.700458,50.795557],[5.698701,50.783775],[5.688366,50.76083],[5.706556,50.754216],[5.717408,50.752821],[5.727846,50.754164],[5.732777,50.758851],[5.735298,50.756371],[5.750284,50.746862],[5.775968,50.751203],[5.818291,50.715598],[5.854154,50.718854],[5.878184,50.710999],[5.886917,50.71335],[5.910158,50.73597],[5.891288,50.751246],[5.902203,50.749048],[5.974756,50.74755],[5.99491,50.749927],[5.993256,50.748066],[5.992636,50.746258],[5.99274,50.744449],[5.994187,50.742589],[6.010826,50.737059],[6.011343,50.727447],[6.007623,50.716905],[6.01155,50.708534],[6.024779,50.707552],[6.064363,50.714477],[6.081003,50.713495],[6.100227,50.701299],[6.161102,50.642181],[6.147769,50.636755],[6.159448,50.622389],[6.180015,50.615516],[6.249055,50.614431],[6.251329,50.608437],[6.244301,50.599548],[6.232932,50.590763],[6.232932,50.587146],[6.210608,50.578671],[6.179085,50.561979],[6.160688,50.543583],[6.177328,50.530198],[6.169473,50.522499],[6.170817,50.517951],[6.178878,50.515781],[6.190557,50.515212],[6.182599,50.506582],[6.19066,50.501828],[6.199239,50.490408],[6.207197,50.486325],[6.217119,50.486015],[6.250915,50.492681],[6.253086,50.494077],[6.255566,50.494593],[6.25784,50.494077],[6.260114,50.492681],[6.27541,50.48803],[6.318715,50.481674],[6.336905,50.481003],[6.325743,50.474026],[6.323262,50.466016],[6.326156,50.457025],[6.331634,50.446896],[6.340212,50.437853],[6.347343,50.436974],[6.351167,50.433564],[6.350444,50.416872],[6.343313,50.393308],[6.336388,50.379923],[6.337732,50.368089],[6.372458,50.329436],[6.3734,50.32308],[6.374525,50.315483],[6.362019,50.306956],[6.335458,50.303856],[6.322022,50.305406],[6.310653,50.308248],[6.299491,50.308868],[6.285952,50.303856],[6.27603,50.296104],[6.269415,50.286492],[6.267348,50.276416],[6.271792,50.267424],[6.253396,50.256778],[6.210401,50.249027],[6.189627,50.242722],[6.179808,50.233007],[6.157174,50.222724],[6.146839,50.214042],[6.160171,50.204534],[6.165752,50.193165],[6.165132,50.181899],[6.159138,50.172443],[6.151696,50.169342],[6.131749,50.168308],[6.123171,50.164898],[6.121311,50.16159],[6.118003,50.150377],[6.115833,50.145467],[6.125962,50.140196],[6.129476,50.134047],[6.126582,50.127329],[6.117487,50.120456],[6.102604,50.124745],[6.10033,50.132652],[6.101467,50.142108],[6.097126,50.151307],[6.084207,50.159317],[6.076456,50.158645],[6.070048,50.154201],[6.061366,50.150738],[6.038628,50.148413]]]}},{"type":"Feature","properties":{"id":"BE-WBR","country":"BE","name_en":"Walloon Brabant"},"geometry":{"type":"Polygon","coordinates":[[[4.099739,50.707123],[4.107491,50.7172],[4.13183,50.716942],[4.139117,50.727949],[4.149038,50.730378],[4.158599,50.727845],[4.180251,50.708725],[4.207433,50.709087],[4.239989,50.692034],[4.259574,50.701077],[4.287221,50.695238],[4.301846,50.698287],[4.30877,50.703558],[4.311406,50.718802],[4.33325,50.719049],[4.32262,50.729034],[4.329906,50.734305],[4.349026,50.717614],[4.367888,50.716735],[4.373676,50.731825],[4.421735,50.736553],[4.458012,50.754562],[4.480026,50.758955],[4.494532,50.757612],[4.490206,50.746087],[4.495116,50.741075],[4.526948,50.729447],[4.52917,50.741824],[4.57294,50.748361],[4.596551,50.764687],[4.601824,50.74295],[4.63521,50.744072],[4.654627,50.758398],[4.636347,50.773993],[4.640481,50.799572],[4.692675,50.790994],[4.710243,50.797298],[4.714163,50.789822],[4.722854,50.80257],[4.749622,50.808667],[4.791532,50.799469],[4.812926,50.776886],[4.836888,50.775492],[4.832614,50.764639],[4.908049,50.769573],[4.904548,50.751565],[4.917209,50.744795],[4.93235,50.746294],[4.981442,50.770944],[5.019103,50.751932],[5.015849,50.733493],[4.991975,50.725328],[5.016573,50.702952],[5.00076,50.695795],[5.001793,50.666158],[4.98257,50.643369],[4.95084,50.647968],[4.927948,50.628357],[4.901438,50.62983],[4.900404,50.62368],[4.793227,50.605671],[4.78806,50.602622],[4.791935,50.590969],[4.780721,50.601614],[4.740466,50.591563],[4.734109,50.611666],[4.708271,50.607092],[4.703724,50.596059],[4.675767,50.608539],[4.666103,50.608487],[4.655044,50.596576],[4.66662,50.565441],[4.644192,50.562237],[4.607812,50.570479],[4.590139,50.568929],[4.573189,50.560428],[4.576755,50.543427],[4.516552,50.527175],[4.501875,50.531386],[4.503064,50.540688],[4.470094,50.529733],[4.472885,50.554408],[4.468079,50.55955],[4.422966,50.559343],[4.412527,50.566268],[4.355838,50.562392],[4.330826,50.544564],[4.333617,50.570014],[4.30411,50.568128],[4.278943,50.59301],[4.246491,50.597325],[4.251968,50.618203],[4.198586,50.626781],[4.203651,50.64771],[4.184324,50.663885],[4.173317,50.661094],[4.141846,50.633576],[4.118643,50.631328],[4.101125,50.636031],[4.091358,50.653653],[4.090221,50.690601],[4.0942,50.703469],[4.112442,50.706879],[4.099739,50.707123]]]}},{"type":"Feature","properties":{"id":"BE-BRU","country":"BE","name_en":"Brussels Capital"},"geometry":{"type":"Polygon","coordinates":[[[4.479746,50.795423],[4.398429,50.767791],[4.377242,50.764639],[4.355279,50.767145],[4.327632,50.778979],[4.301226,50.814404],[4.283035,50.808409],[4.24557,50.821638],[4.257456,50.836934],[4.282829,50.839622],[4.289174,50.856428],[4.278953,50.867785],[4.297918,50.891453],[4.334609,50.903132],[4.377345,50.898584],[4.403286,50.914811],[4.420495,50.906336],[4.436194,50.889293],[4.435688,50.879671],[4.42003,50.869491],[4.460231,50.853214],[4.476099,50.821535],[4.454911,50.819778],[4.446488,50.810993],[4.479746,50.795423]]]}},{"type":"Feature","properties":{"id":"CH-GE","country":"CH","name_en":"Geneva"},"geometry":{"type":"Polygon","coordinates":[[[6.061883,46.241158],[6.067671,46.241623],[6.089685,46.246377],[6.094026,46.253044],[6.093095,46.262294],[6.093612,46.273094],[6.100743,46.301413],[6.104051,46.309216],[6.118607,46.331771],[6.128391,46.326191],[6.174176,46.300017],[6.216594,46.309504],[6.218256,46.305495],[6.227454,46.288494],[6.227971,46.284463],[6.237583,46.267926],[6.24182,46.263689],[6.252259,46.259916],[6.269002,46.265239],[6.27603,46.26312],[6.281198,46.240073],[6.255359,46.221107],[6.191384,46.191704],[6.140328,46.150207],[6.107875,46.138632],[6.073872,46.149174],[6.028293,46.147934],[5.982921,46.140441],[5.95884,46.130467],[5.972172,46.152171],[5.979821,46.162248],[5.982921,46.170826],[5.965248,46.186226],[5.954809,46.19992],[5.95853,46.211961],[5.982921,46.222709],[6.042866,46.24307],[6.044519,46.243432],[6.046173,46.243535],[6.048033,46.243432],[6.055888,46.241675],[6.061883,46.241158]]]}},{"type":"Feature","properties":{"id":"CH-VD","country":"CH","name_en":"Vaud"},"geometry":{"type":"MultiPolygon","coordinates":[[[[6.118607,46.331771],[6.1364,46.359342],[6.135057,46.370401],[6.122861,46.385542],[6.108185,46.396497],[6.059013,46.417386],[6.054235,46.419416],[6.065707,46.427012],[6.067567,46.433601],[6.0655,46.440371],[6.0655,46.447993],[6.064777,46.451068],[6.0624,46.455202],[6.060229,46.459904],[6.060229,46.46502],[6.064157,46.471118],[6.075525,46.479593],[6.110355,46.520831],[6.145702,46.55163],[6.137978,46.557588],[6.121517,46.570285],[6.118417,46.583463],[6.131853,46.595607],[6.266315,46.680356],[6.337938,46.707409],[6.34786,46.71317],[6.374215,46.733609],[6.407391,46.745701],[6.417933,46.751101],[6.429199,46.760816],[6.433023,46.76911],[6.432609,46.785983],[6.425168,46.791615],[6.419897,46.796525],[6.417107,46.802157],[6.418554,46.807015],[6.434263,46.839545],[6.441188,46.848149],[6.443118,46.851455],[6.461549,46.853678],[6.513071,46.855435],[6.521752,46.85652],[6.531881,46.86006],[6.545678,46.867527],[6.594409,46.885304],[6.62464,46.892332],[6.64004,46.899256],[6.66655,46.914553],[6.725512,46.93897],[6.728768,46.926593],[6.726442,46.917007],[6.729078,46.910935],[6.734504,46.905819],[6.742721,46.901272],[6.745666,46.896156],[6.746441,46.890523],[6.745821,46.881015],[6.747682,46.874555],[6.749387,46.870499],[6.766027,46.84528],[6.770988,46.819106],[6.774553,46.811872],[6.785715,46.804043],[6.788196,46.802828],[6.790521,46.802518],[6.794862,46.802983],[6.796412,46.80226],[6.797963,46.800322],[6.797498,46.798307],[6.795637,46.796059],[6.793002,46.793682],[6.792072,46.791434],[6.793467,46.790374],[6.806024,46.78624],[6.809176,46.78562],[6.812897,46.785465],[6.817238,46.784793],[6.82778,46.781331],[6.832276,46.780401],[6.835531,46.780246],[6.843748,46.781072],[6.849484,46.783863],[6.856305,46.785672],[6.860801,46.785878],[6.867829,46.787274],[6.87217,46.785775],[6.877286,46.783243],[6.881782,46.781538],[6.886123,46.781021],[6.90023,46.780762],[6.905346,46.781279],[6.913098,46.782933],[6.915423,46.784121],[6.918524,46.786188],[6.925862,46.798022],[6.929893,46.802802],[6.930048,46.804947],[6.928342,46.806446],[6.922141,46.807117],[6.914648,46.804637],[6.912788,46.805748],[6.911237,46.808435],[6.914958,46.828977],[6.915888,46.832361],[6.917129,46.835643],[6.918989,46.838898],[6.923536,46.845461],[6.929583,46.852153],[6.929893,46.855409],[6.926792,46.858432],[6.916353,46.864142],[6.910462,46.866132],[6.905811,46.8667],[6.902246,46.866339],[6.901005,46.866907],[6.902866,46.869853],[6.905811,46.871584],[6.909222,46.87316],[6.915733,46.875124],[6.917749,46.874969],[6.919971,46.873935],[6.922451,46.872126],[6.924001,46.871765],[6.920901,46.875382],[6.917439,46.878586],[6.875116,46.907163],[6.907362,46.925456],[6.938264,46.895639],[6.94152,46.893727],[6.947411,46.889645],[6.963689,46.874297],[6.96648,46.872695],[6.96865,46.872514],[6.96989,46.873289],[6.970975,46.875175],[6.971285,46.876829],[6.97144,46.878999],[6.973146,46.880136],[6.975988,46.881273],[6.979554,46.881997],[6.982499,46.8821],[6.984515,46.881402],[6.98684,46.879361],[6.988855,46.876002],[6.989941,46.871894],[6.986995,46.867682],[6.98529,46.86329],[6.985135,46.85869],[6.98777,46.849647],[6.991491,46.845926],[6.994281,46.844376],[6.999087,46.845513],[7.000328,46.84541],[7.001413,46.844376],[7.000638,46.841172],[6.997382,46.836935],[6.98746,46.828563],[6.981414,46.825773],[6.976918,46.82306],[6.973301,46.819158],[6.967565,46.809029],[6.96927,46.795128],[6.942295,46.76836],[6.938419,46.76526],[6.934388,46.763244],[6.921366,46.760609],[6.920126,46.7588],[6.922761,46.755131],[6.926482,46.753374],[6.929893,46.752263],[6.942605,46.750041],[6.94369,46.749343],[6.93997,46.741023],[6.910772,46.713531],[6.876201,46.678598],[6.87062,46.668573],[6.87031,46.667126],[6.87155,46.665472],[6.87217,46.66431],[6.869845,46.662914],[6.864109,46.662062],[6.848554,46.661674],[6.837237,46.659943],[6.821114,46.652191],[6.809176,46.651365],[6.806799,46.640978],[6.806179,46.636378],[6.806024,46.624622],[6.807626,46.613589],[6.809176,46.607956],[6.810107,46.602711],[6.809487,46.60067],[6.807006,46.599585],[6.806179,46.598603],[6.806334,46.596303],[6.806799,46.593513],[6.807006,46.589818],[6.805869,46.585426],[6.805869,46.582015],[6.807006,46.580671],[6.815533,46.583229],[6.820184,46.584082],[6.826075,46.58403],[6.833981,46.580103],[6.848709,46.581033],[6.859871,46.583074],[6.863798,46.582299],[6.869069,46.580284],[6.880387,46.572403],[6.887208,46.56907],[6.891549,46.56814],[6.8993,46.569716],[6.903021,46.569974],[6.904726,46.569251],[6.902866,46.566564],[6.897595,46.561344],[6.872635,46.541759],[6.869845,46.538658],[6.866589,46.537056],[6.85429,46.542482],[6.851965,46.543103],[6.843748,46.543671],[6.830571,46.543309],[6.82809,46.542896],[6.819563,46.530959],[6.82654,46.51729],[6.837857,46.506361],[6.842198,46.504836],[6.849794,46.503673],[6.864419,46.505146],[6.872945,46.508118],[6.880232,46.511787],[6.894804,46.522794],[6.905501,46.522535],[6.919196,46.518918],[6.974696,46.490444],[6.981414,46.478714],[6.984825,46.468482],[6.9856,46.464451],[6.98746,46.459258],[6.990561,46.454684],[6.993971,46.450989],[6.996142,46.447294],[6.999397,46.446106],[7.000328,46.444504],[7.023582,46.452307],[7.027613,46.461118],[7.029473,46.463779],[7.032625,46.466983],[7.042392,46.474683],[7.059755,46.484915],[7.066267,46.487654],[7.073553,46.489669],[7.10306,46.492098],[7.111587,46.49587],[7.122129,46.501968],[7.137942,46.514732],[7.145125,46.52176],[7.155202,46.5276],[7.212614,46.53964],[7.242535,46.556073],[7.246876,46.547469],[7.249201,46.544653],[7.252147,46.541656],[7.253852,46.538607],[7.254317,46.534318],[7.253697,46.52729],[7.253852,46.52083],[7.252612,46.512665],[7.249511,46.504655],[7.24207,46.494708],[7.236799,46.489927],[7.234008,46.486026],[7.233388,46.482331],[7.235714,46.468792],[7.235094,46.462642],[7.231528,46.455821],[7.222381,46.447398],[7.206103,46.440628],[7.203158,46.437218],[7.206258,46.428562],[7.209514,46.42249],[7.211529,46.41448],[7.211684,46.409209],[7.200367,46.384663],[7.210134,46.379262],[7.224552,46.369108],[7.230598,46.366938],[7.233233,46.364147],[7.233543,46.360736],[7.228737,46.355155],[7.226722,46.351641],[7.227807,46.331436],[7.215715,46.321927],[7.198455,46.308853],[7.19799,46.305701],[7.199747,46.292472],[7.195975,46.284927],[7.184192,46.270639],[7.17024,46.257022],[7.151171,46.243586],[7.139647,46.240124],[7.116083,46.219815],[7.083165,46.204854],[7.044873,46.189868],[7.033452,46.200152],[7.026062,46.20997],[7.003687,46.230874],[6.940125,46.307613],[6.935474,46.316708],[6.931029,46.33433],[6.920332,46.340221],[6.906897,46.342185],[6.894494,46.348076],[6.890774,46.355517],[6.891859,46.362958],[6.894339,46.369625],[6.894494,46.374767],[6.888138,46.383319],[6.873307,46.395463],[6.866589,46.402698],[6.8546,46.397737],[6.807006,46.404248],[6.788107,46.405008],[6.787058,46.414171],[6.777716,46.424106],[6.762667,46.42926],[6.613684,46.455899],[6.547021,46.457372],[6.482942,46.448587],[6.397676,46.408176],[6.365223,46.40244],[6.332357,46.401381],[6.301558,46.394482],[6.269105,46.375026],[6.24058,46.348955],[6.219496,46.329111],[6.214122,46.315469],[6.216594,46.309504],[6.174176,46.300017],[6.128391,46.326191],[6.118607,46.331771]],[[6.772745,46.718854],[6.779359,46.722988],[6.78432,46.726295],[6.791762,46.73291],[6.793415,46.740351],[6.792588,46.747793],[6.786801,46.751927],[6.780186,46.751927],[6.771918,46.746139],[6.765303,46.740351],[6.758689,46.740351],[6.756208,46.735391],[6.760342,46.73043],[6.765303,46.727122],[6.767784,46.720508],[6.772745,46.718854]],[[6.862868,46.727122],[6.87031,46.729603],[6.877751,46.734564],[6.885192,46.744486],[6.8885,46.751927],[6.883539,46.759368],[6.875271,46.762676],[6.868656,46.764329],[6.865349,46.76929],[6.859561,46.773424],[6.8546,46.770944],[6.850466,46.76681],[6.843851,46.760195],[6.838064,46.756888],[6.828969,46.74862],[6.824834,46.742005],[6.814086,46.738698],[6.806644,46.736217],[6.800857,46.73291],[6.797549,46.73043],[6.80003,46.726295],[6.806644,46.726295],[6.814913,46.727122],[6.826488,46.734564],[6.833929,46.736217],[6.845505,46.732083],[6.853773,46.729603],[6.862868,46.727122]]],[[[7.021102,46.989664],[7.062391,46.978218],[7.069367,46.944577],[7.073243,46.93729],[7.094069,46.90768],[7.096704,46.906155],[7.100115,46.904734],[7.106316,46.902874],[7.106936,46.900858],[7.104921,46.89812],[7.097479,46.892332],[7.095154,46.891608],[7.093138,46.892435],[7.090348,46.894761],[7.087712,46.895432],[7.084405,46.894967],[7.080684,46.891712],[7.077429,46.887164],[7.074948,46.877992],[7.072933,46.872953],[7.070297,46.868767],[7.067507,46.86577],[7.05898,46.858665],[7.041462,46.852386],[7.040377,46.854789],[7.039137,46.862075],[7.024822,46.876312],[7.013505,46.880498],[7.008544,46.887268],[6.945861,46.947186],[7.021102,46.989664]]]]}},{"type":"Feature","properties":{"id":"CH-NE","country":"CH","name_en":"Neuchâtel"},"geometry":{"type":"Polygon","coordinates":[[[6.443118,46.851455],[6.446769,46.857709],[6.448422,46.871559],[6.445219,46.882617],[6.431886,46.900032],[6.427752,46.909076],[6.442635,46.944164],[6.491107,46.963388],[6.598698,46.986539],[6.665412,47.021291],[6.688253,47.043848],[6.676264,47.0624],[6.6897,47.07829],[6.699105,47.084621],[6.72422,47.09077],[6.72794,47.097126],[6.731661,47.098883],[6.746027,47.103948],[6.744787,47.121053],[6.774759,47.128184],[6.838076,47.168132],[6.849794,47.16508],[6.870465,47.157432],[6.881782,47.147097],[6.887828,47.13826],[6.890153,47.133015],[6.891239,47.128907],[6.890153,47.122344],[6.886123,47.109631],[6.885192,47.108133],[6.884107,47.106737],[6.880232,47.104102],[6.879146,47.103146],[6.876821,47.095989],[6.877286,47.089736],[6.879766,47.089788],[7.03216,47.122137],[7.039137,47.123351],[7.039757,47.109631],[7.053554,47.107151],[7.082545,47.095989],[7.090348,47.091389],[7.094224,47.087049],[7.094069,47.085343],[7.092673,47.084258],[7.090193,47.083121],[7.088643,47.082346],[7.087557,47.081183],[7.087867,47.079607],[7.088643,47.077902],[7.089573,47.0763],[7.090503,47.07369],[7.092208,47.065861],[7.092363,47.063277],[7.092363,47.060487],[7.091898,47.05873],[7.091123,47.05656],[7.089573,47.054648],[7.086576,47.053485],[7.08301,47.052477],[7.080219,47.051237],[7.073708,47.047284],[7.069832,47.045501],[7.047508,47.039041],[7.043787,47.035889],[7.040687,47.031341],[7.035261,47.014753],[7.030558,47.007725],[7.021102,46.989664],[6.945861,46.947186],[6.907362,46.925456],[6.875116,46.907163],[6.766027,46.84528],[6.749387,46.870499],[6.747682,46.874555],[6.745821,46.881015],[6.746441,46.890523],[6.745666,46.896156],[6.742721,46.901272],[6.734504,46.905819],[6.729078,46.910935],[6.726442,46.917007],[6.728768,46.926593],[6.725512,46.93897],[6.66655,46.914553],[6.64004,46.899256],[6.62464,46.892332],[6.594409,46.885304],[6.545678,46.867527],[6.531881,46.86006],[6.521752,46.85652],[6.513071,46.855435],[6.461549,46.853678],[6.443118,46.851455]]]}},{"type":"Feature","properties":{"id":"CH-JU","country":"CH","name_en":"Jura"},"geometry":{"type":"Polygon","coordinates":[[[7.009784,47.499247],[7.018879,47.49767],[7.027974,47.492942],[7.053915,47.490384],[7.103731,47.496275],[7.127296,47.492942],[7.140318,47.487852],[7.142169,47.487651],[7.153651,47.486405],[7.180833,47.488265],[7.162642,47.459895],[7.168327,47.443565],[7.190031,47.434728],[7.219383,47.428476],[7.223517,47.426228],[7.226308,47.422636],[7.230339,47.419019],[7.23809,47.416797],[7.244808,47.417727],[7.282635,47.428889],[7.309093,47.432661],[7.33693,47.431854],[7.339377,47.428992],[7.342477,47.42726],[7.384232,47.413101],[7.411207,47.398296],[7.418183,47.390648],[7.419734,47.38269],[7.423144,47.380519],[7.426296,47.379331],[7.437148,47.379279],[7.485724,47.370856],[7.505103,47.369512],[7.512389,47.369822],[7.520606,47.36791],[7.528977,47.36375],[7.538331,47.353156],[7.554454,47.344036],[7.538176,47.3337],[7.535799,47.32706],[7.536626,47.323882],[7.540191,47.32228],[7.55895,47.320652],[7.556314,47.318171],[7.496576,47.306622],[7.387177,47.312616],[7.377411,47.315407],[7.375395,47.319076],[7.371829,47.323985],[7.369039,47.324709],[7.366662,47.322952],[7.364646,47.318611],[7.360926,47.315097],[7.355345,47.311428],[7.347283,47.309051],[7.342632,47.306777],[7.338446,47.303883],[7.330695,47.299645],[7.319223,47.294736],[7.293591,47.288458],[7.278243,47.286261],[7.259175,47.285486],[7.174891,47.297113],[7.17241,47.286881],[7.174115,47.282515],[7.172255,47.278768],[7.168224,47.275823],[7.158147,47.270758],[7.156287,47.267709],[7.155822,47.265436],[7.155977,47.262232],[7.157837,47.2551],[7.159853,47.250966],[7.154737,47.247504],[7.105541,47.241199],[7.074328,47.243163],[7.067817,47.242336],[7.063786,47.239597],[7.061926,47.233965],[7.060996,47.232311],[7.059445,47.229934],[7.052159,47.222544],[7.047353,47.216033],[7.040222,47.209367],[7.029628,47.202132],[7.01366,47.196448],[7.004358,47.191823],[6.993506,47.184355],[6.983119,47.182934],[6.960433,47.183529],[6.948806,47.179136],[6.912943,47.160222],[6.901781,47.155701],[6.894029,47.154306],[6.889843,47.15583],[6.886433,47.158517],[6.877286,47.163659],[6.849794,47.16508],[6.838076,47.168132],[6.840285,47.169525],[6.859302,47.190919],[6.888344,47.211305],[6.956247,47.245231],[6.952216,47.270036],[6.958624,47.290551],[6.977434,47.303729],[6.986529,47.304504],[6.991904,47.305951],[7.006476,47.319361],[7.016915,47.323521],[7.027147,47.325433],[7.036552,47.329515],[7.044303,47.340497],[7.033865,47.350651],[7.018879,47.359901],[7.003996,47.368143],[6.985599,47.362123],[6.86664,47.354165],[6.871601,47.366955],[6.884003,47.382587],[6.898783,47.395713],[6.924517,47.405996],[6.926068,47.424858],[6.93917,47.426844],[6.952319,47.428837],[6.968546,47.435194],[6.983429,47.443798],[6.990973,47.452221],[6.986116,47.464132],[6.97578,47.477956],[6.9733,47.489092],[6.991904,47.492942],[7.000792,47.49767],[7.009784,47.499247]]]}},{"type":"Feature","properties":{"id":"CH-FR","country":"CH","name_en":"Fribourg"},"geometry":{"type":"MultiPolygon","coordinates":[[[[7.21587,47.004185],[7.225172,47.002454],[7.227962,47.000077],[7.228737,46.998785],[7.228892,46.997958],[7.229978,46.992067],[7.236489,46.985608],[7.234318,46.981913],[7.223932,46.973102],[7.218505,46.970079],[7.205638,46.965661],[7.203623,46.964059],[7.203933,46.961346],[7.209514,46.954809],[7.211839,46.950959],[7.212924,46.946592],[7.213545,46.940184],[7.216025,46.929591],[7.21494,46.92463],[7.212304,46.918842],[7.205328,46.908713],[7.205948,46.906155],[7.209359,46.904889],[7.21401,46.904941],[7.224397,46.906284],[7.275763,46.896156],[7.355655,46.891247],[7.360461,46.868767],[7.355655,46.860603],[7.346198,46.855228],[7.340462,46.853058],[7.334416,46.853109],[7.331005,46.854556],[7.329455,46.8559],[7.32992,46.85851],[7.32806,46.859362],[7.322168,46.860086],[7.314882,46.8559],[7.313797,46.852851],[7.316897,46.848252],[7.319533,46.837968],[7.319068,46.823292],[7.307389,46.790168],[7.305064,46.774355],[7.304443,46.74818],[7.306614,46.73353],[7.31049,46.725934],[7.312712,46.72273],[7.315967,46.720714],[7.333331,46.716064],[7.338136,46.714048],[7.346818,46.709294],[7.351004,46.704178],[7.354104,46.702266],[7.357825,46.701362],[7.362011,46.701697],[7.365267,46.701232],[7.368109,46.699475],[7.370279,46.697331],[7.372915,46.695936],[7.37679,46.694721],[7.381131,46.692551],[7.382682,46.690794],[7.380046,46.684076],[7.37617,46.659323],[7.378031,46.655602],[7.374465,46.65214],[7.365577,46.64568],[7.358135,46.646094],[7.349454,46.648445],[7.335036,46.65059],[7.330695,46.648316],[7.319688,46.639608],[7.323409,46.610282],[7.321393,46.596278],[7.319068,46.587648],[7.314572,46.583358],[7.310335,46.582144],[7.300568,46.581808],[7.283049,46.580775],[7.242535,46.556073],[7.212614,46.53964],[7.155202,46.5276],[7.145125,46.52176],[7.137942,46.514732],[7.122129,46.501968],[7.111587,46.49587],[7.10306,46.492098],[7.073553,46.489669],[7.066267,46.487654],[7.059755,46.484915],[7.042392,46.474683],[7.032625,46.466983],[7.029473,46.463779],[7.027613,46.461118],[7.023582,46.452307],[7.000328,46.444504],[6.999397,46.446106],[6.996142,46.447294],[6.993971,46.450989],[6.990561,46.454684],[6.98746,46.459258],[6.9856,46.464451],[6.984825,46.468482],[6.981414,46.478714],[6.974696,46.490444],[6.919196,46.518918],[6.905501,46.522535],[6.894804,46.522794],[6.880232,46.511787],[6.872945,46.508118],[6.864419,46.505146],[6.849794,46.503673],[6.842198,46.504836],[6.837857,46.506361],[6.82654,46.51729],[6.819563,46.530959],[6.82809,46.542896],[6.830571,46.543309],[6.843748,46.543671],[6.851965,46.543103],[6.85429,46.542482],[6.866589,46.537056],[6.869845,46.538658],[6.872635,46.541759],[6.897595,46.561344],[6.902866,46.566564],[6.904726,46.569251],[6.903021,46.569974],[6.8993,46.569716],[6.891549,46.56814],[6.887208,46.56907],[6.880387,46.572403],[6.869069,46.580284],[6.863798,46.582299],[6.859871,46.583074],[6.848709,46.581033],[6.833981,46.580103],[6.826075,46.58403],[6.820184,46.584082],[6.815533,46.583229],[6.807006,46.580671],[6.805869,46.582015],[6.805869,46.585426],[6.807006,46.589818],[6.806799,46.593513],[6.806334,46.596303],[6.806179,46.598603],[6.807006,46.599585],[6.809487,46.60067],[6.810107,46.602711],[6.809176,46.607956],[6.807626,46.613589],[6.806024,46.624622],[6.806179,46.636378],[6.806799,46.640978],[6.809176,46.651365],[6.821114,46.652191],[6.837237,46.659943],[6.848554,46.661674],[6.864109,46.662062],[6.869845,46.662914],[6.87217,46.66431],[6.87155,46.665472],[6.87031,46.667126],[6.87062,46.668573],[6.876201,46.678598],[6.910772,46.713531],[6.93997,46.741023],[6.94369,46.749343],[6.942605,46.750041],[6.929893,46.752263],[6.926482,46.753374],[6.922761,46.755131],[6.920126,46.7588],[6.921366,46.760609],[6.934388,46.763244],[6.938419,46.76526],[6.942295,46.76836],[6.96927,46.795128],[6.967565,46.809029],[6.973301,46.819158],[6.976918,46.82306],[6.981414,46.825773],[6.98746,46.828563],[6.997382,46.836935],[7.000638,46.841172],[7.001413,46.844376],[7.000328,46.84541],[6.999087,46.845513],[6.994281,46.844376],[6.991491,46.845926],[6.98777,46.849647],[6.985135,46.85869],[6.98529,46.86329],[6.986995,46.867682],[6.989941,46.871894],[6.988855,46.876002],[6.98684,46.879361],[6.984515,46.881402],[6.982499,46.8821],[6.979554,46.881997],[6.975988,46.881273],[6.973146,46.880136],[6.97144,46.878999],[6.971285,46.876829],[6.970975,46.875175],[6.96989,46.873289],[6.96865,46.872514],[6.96648,46.872695],[6.963689,46.874297],[6.947411,46.889645],[6.94152,46.893727],[6.938264,46.895639],[6.907362,46.925456],[6.945861,46.947186],[7.008544,46.887268],[7.013505,46.880498],[7.024822,46.876312],[7.039137,46.862075],[7.040377,46.854789],[7.041462,46.852386],[7.05898,46.858665],[7.067507,46.86577],[7.070297,46.868767],[7.072933,46.872953],[7.074948,46.877992],[7.077429,46.887164],[7.080684,46.891712],[7.084405,46.894967],[7.087712,46.895432],[7.090348,46.894761],[7.093138,46.892435],[7.095154,46.891608],[7.097479,46.892332],[7.104921,46.89812],[7.106936,46.900858],[7.106316,46.902874],[7.100115,46.904734],[7.096704,46.906155],[7.094069,46.90768],[7.073243,46.93729],[7.069367,46.944577],[7.062391,46.978218],[7.142748,46.983696],[7.192564,46.99739],[7.21587,47.004185]]],[[[7.237419,46.941218],[7.237729,46.937652],[7.236489,46.936308],[7.234163,46.934448],[7.231063,46.933492],[7.228892,46.933725],[7.225947,46.933208],[7.222536,46.938324],[7.237419,46.941218]]],[[[6.875116,46.907163],[6.917439,46.878586],[6.920901,46.875382],[6.924001,46.871765],[6.922451,46.872126],[6.919971,46.873935],[6.917749,46.874969],[6.915733,46.875124],[6.909222,46.87316],[6.905811,46.871584],[6.902866,46.869853],[6.901005,46.866907],[6.902246,46.866339],[6.905811,46.8667],[6.910462,46.866132],[6.916353,46.864142],[6.926792,46.858432],[6.929893,46.855409],[6.929583,46.852153],[6.923536,46.845461],[6.918989,46.838898],[6.917129,46.835643],[6.915888,46.832361],[6.914958,46.828977],[6.911237,46.808435],[6.912788,46.805748],[6.914648,46.804637],[6.922141,46.807117],[6.928342,46.806446],[6.930048,46.804947],[6.929893,46.802802],[6.925862,46.798022],[6.918524,46.786188],[6.915423,46.784121],[6.913098,46.782933],[6.905346,46.781279],[6.90023,46.780762],[6.886123,46.781021],[6.881782,46.781538],[6.877286,46.783243],[6.87217,46.785775],[6.867829,46.787274],[6.860801,46.785878],[6.856305,46.785672],[6.849484,46.783863],[6.843748,46.781072],[6.835531,46.780246],[6.832276,46.780401],[6.82778,46.781331],[6.817238,46.784793],[6.812897,46.785465],[6.809176,46.78562],[6.806024,46.78624],[6.793467,46.790374],[6.792072,46.791434],[6.793002,46.793682],[6.795637,46.796059],[6.797498,46.798307],[6.797963,46.800322],[6.796412,46.80226],[6.794862,46.802983],[6.790521,46.802518],[6.788196,46.802828],[6.785715,46.804043],[6.774553,46.811872],[6.770988,46.819106],[6.766027,46.84528],[6.875116,46.907163]]],[[[6.786801,46.751927],[6.792588,46.747793],[6.793415,46.740351],[6.791762,46.73291],[6.78432,46.726295],[6.779359,46.722988],[6.772745,46.718854],[6.767784,46.720508],[6.765303,46.727122],[6.760342,46.73043],[6.756208,46.735391],[6.758689,46.740351],[6.765303,46.740351],[6.771918,46.746139],[6.780186,46.751927],[6.786801,46.751927]]],[[[6.859561,46.773424],[6.865349,46.76929],[6.868656,46.764329],[6.875271,46.762676],[6.883539,46.759368],[6.8885,46.751927],[6.885192,46.744486],[6.877751,46.734564],[6.87031,46.729603],[6.862868,46.727122],[6.853773,46.729603],[6.845505,46.732083],[6.833929,46.736217],[6.826488,46.734564],[6.814913,46.727122],[6.806644,46.726295],[6.80003,46.726295],[6.797549,46.73043],[6.800857,46.73291],[6.806644,46.736217],[6.814086,46.738698],[6.824834,46.742005],[6.828969,46.74862],[6.838064,46.756888],[6.843851,46.760195],[6.850466,46.76681],[6.8546,46.770944],[6.859561,46.773424]]]]}},{"type":"Feature","properties":{"id":"CH-VS","country":"CH","name_en":"Valais"},"geometry":{"type":"Polygon","coordinates":[[[7.84962,45.939712],[7.848389,45.938076],[7.845288,45.927792],[7.846115,45.922573],[7.843738,45.919214],[7.831232,45.91446],[7.825444,45.914666],[7.807564,45.91849],[7.780072,45.918129],[7.732013,45.930376],[7.722195,45.929601],[7.71465,45.92712],[7.706279,45.925725],[7.69398,45.928671],[7.692533,45.931203],[7.673722,45.950323],[7.658736,45.960038],[7.643027,45.966343],[7.541121,45.984119],[7.524377,45.978073],[7.514662,45.966704],[7.503707,45.956731],[7.482726,45.954871],[7.452961,45.945879],[7.393843,45.9157],[7.361803,45.907845],[7.286666,45.913426],[7.27354,45.910274],[7.245428,45.89813],[7.183726,45.880456],[7.153547,45.876529],[7.120888,45.876116],[7.090192,45.880508],[7.066938,45.890223],[7.022083,45.92526],[7.015158,45.933321],[7.009784,45.943398],[7.002756,45.961692],[6.991283,45.982466],[6.987666,45.993111],[6.982808,45.995385],[6.915112,46.048612],[6.892375,46.055588],[6.884003,46.053211],[6.876872,46.048095],[6.869224,46.044064],[6.859715,46.044994],[6.85093,46.049645],[6.85031,46.052746],[6.852377,46.056931],[6.851964,46.064683],[6.853411,46.065665],[6.853101,46.076103],[6.851344,46.086025],[6.848553,46.085043],[6.853101,46.090211],[6.861162,46.097032],[6.86819,46.10468],[6.869224,46.112329],[6.853927,46.122612],[6.774346,46.134808],[6.765664,46.151603],[6.774863,46.185864],[6.792226,46.221676],[6.827676,46.269477],[6.804938,46.296607],[6.769488,46.322678],[6.750368,46.345518],[6.755742,46.357068],[6.782097,46.378462],[6.789229,46.395205],[6.788107,46.405008],[6.807006,46.404248],[6.8546,46.397737],[6.866589,46.402698],[6.873307,46.395463],[6.888138,46.383319],[6.894494,46.374767],[6.894339,46.369625],[6.891859,46.362958],[6.890774,46.355517],[6.894494,46.348076],[6.906897,46.342185],[6.920332,46.340221],[6.931029,46.33433],[6.935474,46.316708],[6.940125,46.307613],[7.003687,46.230874],[7.026062,46.20997],[7.033452,46.200152],[7.044873,46.189868],[7.083165,46.204854],[7.116083,46.219815],[7.139647,46.240124],[7.151171,46.243586],[7.17024,46.257022],[7.184192,46.270639],[7.195975,46.284927],[7.199747,46.292472],[7.19799,46.305701],[7.198455,46.308853],[7.215715,46.321927],[7.227807,46.331436],[7.262585,46.345673],[7.270337,46.354742],[7.270647,46.358308],[7.271112,46.36115],[7.272507,46.362623],[7.275918,46.363992],[7.308319,46.371588],[7.314262,46.371588],[7.317052,46.369366],[7.317673,46.362338],[7.316742,46.357377],[7.316587,46.354225],[7.317673,46.3519],[7.323719,46.350608],[7.32961,46.348541],[7.367282,46.357222],[7.390123,46.368178],[7.399735,46.376239],[7.401905,46.377635],[7.404231,46.378565],[7.418648,46.380735],[7.462263,46.381045],[7.486189,46.376084],[7.488825,46.375051],[7.494716,46.373991],[7.500917,46.374146],[7.509599,46.375671],[7.545307,46.386213],[7.55988,46.395205],[7.546858,46.400269],[7.540966,46.405643],[7.563911,46.415539],[7.597759,46.422645],[7.600859,46.425022],[7.611556,46.430913],[7.613727,46.433032],[7.614967,46.436752],[7.616517,46.439698],[7.619618,46.44161],[7.624424,46.443367],[7.645198,46.441403],[7.711344,46.419441],[7.723126,46.420164],[7.844927,46.481298],[7.856554,46.478843],[7.871747,46.478869],[7.880791,46.479954],[7.901875,46.485587],[7.938513,46.503518],[7.966108,46.515714],[7.969209,46.518608],[7.97293,46.523621],[7.972775,46.526824],[7.971379,46.530183],[7.969209,46.533465],[7.966574,46.536385],[7.965023,46.538581],[7.965178,46.53995],[7.967039,46.541449],[7.970449,46.543516],[8.003057,46.557443],[8.028792,46.558399],[8.114161,46.547159],[8.122688,46.542069],[8.146718,46.534783],[8.173434,46.532819],[8.17483,46.532199],[8.17514,46.530338],[8.17514,46.527755],[8.17607,46.524551],[8.179325,46.522845],[8.184441,46.52176],[8.190332,46.521915],[8.242474,46.529305],[8.2664,46.535196],[8.312444,46.553024],[8.323038,46.559303],[8.338696,46.566254],[8.349082,46.573488],[8.354198,46.578501],[8.358384,46.584185],[8.3635,46.606096],[8.369546,46.621754],[8.373577,46.629712],[8.37952,46.638084],[8.398588,46.654517],[8.409441,46.655654],[8.417657,46.652941],[8.419983,46.650331],[8.421688,46.645939],[8.421223,46.637412],[8.419052,46.625061],[8.415642,46.614209],[8.40851,46.597983],[8.40758,46.593177],[8.40882,46.587389],[8.411611,46.581188],[8.422153,46.562998],[8.437397,46.546617],[8.47693,46.531837],[8.447629,46.504552],[8.43099,46.496955],[8.408045,46.495043],[8.399209,46.493157],[8.395953,46.490858],[8.395488,46.488481],[8.396728,46.486517],[8.397038,46.484553],[8.396418,46.482383],[8.391302,46.475665],[8.387116,46.468533],[8.384636,46.462074],[8.385566,46.454581],[8.385876,46.450602],[8.385907,46.450206],[8.343449,46.443885],[8.316267,46.433653],[8.294976,46.418046],[8.286605,46.40536],[8.290429,46.401122],[8.297043,46.397634],[8.297457,46.387506],[8.291462,46.378359],[8.281541,46.370116],[8.270068,46.364044],[8.24175,46.354123],[8.192554,46.309164],[8.171883,46.299191],[8.128475,46.292473],[8.106874,46.285548],[8.087341,46.271802],[8.077315,46.262035],[8.073078,46.253612],[8.076592,46.249736],[8.09995,46.235629],[8.129509,46.196044],[8.132299,46.159354],[8.110595,46.126953],[8.066877,46.100598],[8.056025,46.098066],[8.035354,46.096516],[8.025329,46.091141],[8.018197,46.080858],[8.016027,46.069385],[8.015924,46.058172],[8.010653,46.029698],[8.008792,46.027683],[7.999077,46.0128],[7.998354,46.010629],[7.985848,45.999312],[7.978717,45.995178],[7.969105,45.993111],[7.898205,45.981949],[7.883782,45.973869],[7.872917,45.959383],[7.870201,45.94037],[7.84962,45.939712]]]}},{"type":"Feature","properties":{"id":"CH-BE","country":"CH","name_en":"Bern"},"geometry":{"type":"MultiPolygon","coordinates":[[[[7.554454,47.344036],[7.56205,47.342614],[7.564686,47.340573],[7.567476,47.337757],[7.569182,47.3337],[7.569957,47.329256],[7.568872,47.323985],[7.567476,47.321117],[7.55895,47.320652],[7.540191,47.32228],[7.536626,47.323882],[7.535799,47.32706],[7.538176,47.3337],[7.554454,47.344036]]],[[[8.446234,46.769213],[8.437708,46.755389],[8.436622,46.750635],[8.437553,46.741359],[8.440653,46.735339],[8.446234,46.727329],[8.447939,46.72335],[8.44825,46.717821],[8.449955,46.71379],[8.45073,46.709656],[8.450575,46.705367],[8.44949,46.699346],[8.448095,46.694773],[8.444684,46.691052],[8.437397,46.689812],[8.429439,46.690122],[8.412851,46.693093],[8.406495,46.692499],[8.401689,46.688675],[8.401999,46.676789],[8.40634,46.668573],[8.409441,46.655654],[8.398588,46.654517],[8.37952,46.638084],[8.373577,46.629712],[8.369546,46.621754],[8.3635,46.606096],[8.358384,46.584185],[8.354198,46.578501],[8.349082,46.573488],[8.338696,46.566254],[8.323038,46.559303],[8.312444,46.553024],[8.2664,46.535196],[8.242474,46.529305],[8.190332,46.521915],[8.184441,46.52176],[8.179325,46.522845],[8.17607,46.524551],[8.17514,46.527755],[8.17514,46.530338],[8.17483,46.532199],[8.173434,46.532819],[8.146718,46.534783],[8.122688,46.542069],[8.114161,46.547159],[8.028792,46.558399],[8.003057,46.557443],[7.970449,46.543516],[7.967039,46.541449],[7.965178,46.53995],[7.965023,46.538581],[7.966574,46.536385],[7.969209,46.533465],[7.971379,46.530183],[7.972775,46.526824],[7.97293,46.523621],[7.969209,46.518608],[7.966108,46.515714],[7.938513,46.503518],[7.901875,46.485587],[7.880791,46.479954],[7.871747,46.478869],[7.856554,46.478843],[7.844927,46.481298],[7.723126,46.420164],[7.711344,46.419441],[7.645198,46.441403],[7.624424,46.443367],[7.619618,46.44161],[7.616517,46.439698],[7.614967,46.436752],[7.613727,46.433032],[7.611556,46.430913],[7.600859,46.425022],[7.597759,46.422645],[7.563911,46.415539],[7.540966,46.405643],[7.546858,46.400269],[7.55988,46.395205],[7.545307,46.386213],[7.509599,46.375671],[7.500917,46.374146],[7.494716,46.373991],[7.488825,46.375051],[7.486189,46.376084],[7.462263,46.381045],[7.418648,46.380735],[7.404231,46.378565],[7.401905,46.377635],[7.399735,46.376239],[7.390123,46.368178],[7.367282,46.357222],[7.32961,46.348541],[7.323719,46.350608],[7.317673,46.3519],[7.316587,46.354225],[7.316742,46.357377],[7.317673,46.362338],[7.317052,46.369366],[7.314262,46.371588],[7.308319,46.371588],[7.275918,46.363992],[7.272507,46.362623],[7.271112,46.36115],[7.270647,46.358308],[7.270337,46.354742],[7.262585,46.345673],[7.227807,46.331436],[7.226722,46.351641],[7.228737,46.355155],[7.233543,46.360736],[7.233233,46.364147],[7.230598,46.366938],[7.224552,46.369108],[7.210134,46.379262],[7.200367,46.384663],[7.211684,46.409209],[7.211529,46.41448],[7.209514,46.42249],[7.206258,46.428562],[7.203158,46.437218],[7.206103,46.440628],[7.222381,46.447398],[7.231528,46.455821],[7.235094,46.462642],[7.235714,46.468792],[7.233388,46.482331],[7.234008,46.486026],[7.236799,46.489927],[7.24207,46.494708],[7.249511,46.504655],[7.252612,46.512665],[7.253852,46.52083],[7.253697,46.52729],[7.254317,46.534318],[7.253852,46.538607],[7.252147,46.541656],[7.249201,46.544653],[7.246876,46.547469],[7.242535,46.556073],[7.283049,46.580775],[7.300568,46.581808],[7.310335,46.582144],[7.314572,46.583358],[7.319068,46.587648],[7.321393,46.596278],[7.323409,46.610282],[7.319688,46.639608],[7.330695,46.648316],[7.335036,46.65059],[7.349454,46.648445],[7.358135,46.646094],[7.365577,46.64568],[7.374465,46.65214],[7.378031,46.655602],[7.37617,46.659323],[7.380046,46.684076],[7.382682,46.690794],[7.381131,46.692551],[7.37679,46.694721],[7.372915,46.695936],[7.370279,46.697331],[7.368109,46.699475],[7.365267,46.701232],[7.362011,46.701697],[7.357825,46.701362],[7.354104,46.702266],[7.351004,46.704178],[7.346818,46.709294],[7.338136,46.714048],[7.333331,46.716064],[7.315967,46.720714],[7.312712,46.72273],[7.31049,46.725934],[7.306614,46.73353],[7.304443,46.74818],[7.305064,46.774355],[7.307389,46.790168],[7.319068,46.823292],[7.319533,46.837968],[7.316897,46.848252],[7.313797,46.852851],[7.314882,46.8559],[7.322168,46.860086],[7.32806,46.859362],[7.32992,46.85851],[7.329455,46.8559],[7.331005,46.854556],[7.334416,46.853109],[7.340462,46.853058],[7.346198,46.855228],[7.355655,46.860603],[7.360461,46.868767],[7.355655,46.891247],[7.275763,46.896156],[7.224397,46.906284],[7.21401,46.904941],[7.209359,46.904889],[7.205948,46.906155],[7.205328,46.908713],[7.212304,46.918842],[7.21494,46.92463],[7.216025,46.929591],[7.213545,46.940184],[7.212924,46.946592],[7.211839,46.950959],[7.209514,46.954809],[7.203933,46.961346],[7.203623,46.964059],[7.205638,46.965661],[7.218505,46.970079],[7.223932,46.973102],[7.234318,46.981913],[7.236489,46.985608],[7.229978,46.992067],[7.228892,46.997958],[7.228737,46.998785],[7.227962,47.000077],[7.225172,47.002454],[7.21587,47.004185],[7.192564,46.99739],[7.142748,46.983696],[7.062391,46.978218],[7.021102,46.989664],[7.030558,47.007725],[7.035261,47.014753],[7.040687,47.031341],[7.043787,47.035889],[7.047508,47.039041],[7.069832,47.045501],[7.073708,47.047284],[7.080219,47.051237],[7.08301,47.052477],[7.086576,47.053485],[7.089573,47.054648],[7.091123,47.05656],[7.091898,47.05873],[7.092363,47.060487],[7.092363,47.063277],[7.092208,47.065861],[7.090503,47.07369],[7.089573,47.0763],[7.088643,47.077902],[7.087867,47.079607],[7.087557,47.081183],[7.088643,47.082346],[7.090193,47.083121],[7.092673,47.084258],[7.094069,47.085343],[7.094224,47.087049],[7.090348,47.091389],[7.082545,47.095989],[7.053554,47.107151],[7.039757,47.109631],[7.039137,47.123351],[7.03216,47.122137],[6.879766,47.089788],[6.877286,47.089736],[6.876821,47.095989],[6.879146,47.103146],[6.880232,47.104102],[6.884107,47.106737],[6.885192,47.108133],[6.886123,47.109631],[6.890153,47.122344],[6.891239,47.128907],[6.890153,47.133015],[6.887828,47.13826],[6.881782,47.147097],[6.870465,47.157432],[6.849794,47.16508],[6.877286,47.163659],[6.886433,47.158517],[6.889843,47.15583],[6.894029,47.154306],[6.901781,47.155701],[6.912943,47.160222],[6.948806,47.179136],[6.960433,47.183529],[6.983119,47.182934],[6.993506,47.184355],[7.004358,47.191823],[7.01366,47.196448],[7.029628,47.202132],[7.040222,47.209367],[7.047353,47.216033],[7.052159,47.222544],[7.059445,47.229934],[7.060996,47.232311],[7.061926,47.233965],[7.063786,47.239597],[7.067817,47.242336],[7.074328,47.243163],[7.105541,47.241199],[7.154737,47.247504],[7.159853,47.250966],[7.157837,47.2551],[7.155977,47.262232],[7.155822,47.265436],[7.156287,47.267709],[7.158147,47.270758],[7.168224,47.275823],[7.172255,47.278768],[7.174115,47.282515],[7.17241,47.286881],[7.174891,47.297113],[7.259175,47.285486],[7.278243,47.286261],[7.293591,47.288458],[7.319223,47.294736],[7.330695,47.299645],[7.338446,47.303883],[7.342632,47.306777],[7.347283,47.309051],[7.355345,47.311428],[7.360926,47.315097],[7.364646,47.318611],[7.366662,47.322952],[7.369039,47.324709],[7.371829,47.323985],[7.375395,47.319076],[7.377411,47.315407],[7.387177,47.312616],[7.496576,47.306622],[7.556314,47.318171],[7.548718,47.302798],[7.542827,47.297992],[7.533473,47.293574],[7.500762,47.286442],[7.493786,47.283522],[7.485259,47.278872],[7.47389,47.270345],[7.464589,47.264919],[7.442264,47.258769],[7.421129,47.246522],[7.423764,47.239494],[7.348833,47.216576],[7.346198,47.211796],[7.351314,47.203631],[7.35488,47.200013],[7.35767,47.194226],[7.360771,47.191513],[7.365577,47.189575],[7.376635,47.186784],[7.381441,47.184355],[7.383922,47.181255],[7.390743,47.169731],[7.391363,47.166682],[7.390743,47.164512],[7.390278,47.162393],[7.392603,47.161256],[7.398805,47.160248],[7.409192,47.161514],[7.417253,47.164512],[7.425056,47.17123],[7.434048,47.176811],[7.439474,47.1811],[7.44769,47.182547],[7.455132,47.186888],[7.460403,47.1888],[7.475906,47.190918],[7.478231,47.178103],[7.479626,47.173348],[7.482934,47.170713],[7.487585,47.168077],[7.490995,47.164563],[7.487585,47.159292],[7.476681,47.154125],[7.469705,47.153039],[7.463658,47.154125],[7.458853,47.156037],[7.455442,47.156037],[7.444435,47.14981],[7.438234,47.143428],[7.436373,47.138622],[7.438389,47.129062],[7.437614,47.124282],[7.430017,47.121207],[7.412292,47.117951],[7.407641,47.117615],[7.397409,47.11945],[7.391053,47.119295],[7.379736,47.12069],[7.37648,47.119941],[7.37493,47.115574],[7.376015,47.112422],[7.378806,47.108546],[7.382216,47.104851],[7.388263,47.096247],[7.393999,47.09294],[7.397564,47.091751],[7.426141,47.097358],[7.434513,47.098443],[7.436838,47.097978],[7.437614,47.088909],[7.446295,47.075447],[7.464744,47.079711],[7.4711,47.082398],[7.474666,47.085757],[7.475441,47.091493],[7.47389,47.096247],[7.468774,47.105135],[7.468619,47.109425],[7.47203,47.112293],[7.498747,47.120742],[7.513165,47.129578],[7.539416,47.155727],[7.553369,47.164977],[7.564531,47.166165],[7.591351,47.153505],[7.637446,47.152523],[7.643492,47.153194],[7.653931,47.160481],[7.660132,47.166915],[7.669434,47.170299],[7.67269,47.172418],[7.675325,47.175674],[7.676875,47.178774],[7.67517,47.18451],[7.670054,47.192624],[7.655791,47.210168],[7.639772,47.226265],[7.621478,47.231949],[7.602875,47.247246],[7.6021,47.254945],[7.598999,47.262128],[7.597759,47.265875],[7.583444,47.277554],[7.65021,47.283212],[7.686332,47.294219],[7.72018,47.266573],[7.731807,47.261534],[7.759403,47.260578],[7.778833,47.265539],[7.78829,47.263214],[7.822913,47.268976],[7.825394,47.249468],[7.826324,47.247039],[7.839346,47.231846],[7.865236,47.19128],[7.869732,47.185492],[7.875055,47.176707],[7.87831,47.168775],[7.878465,47.158621],[7.887147,47.128338],[7.879085,47.118468],[7.875985,47.11175],[7.874124,47.101415],[7.874124,47.081623],[7.870972,47.061288],[7.870972,47.055113],[7.873349,47.048136],[7.881876,47.040178],[7.888852,47.031962],[7.893968,47.027647],[7.897534,47.011498],[7.923889,47.009844],[7.931072,47.005762],[7.952466,47.002713],[7.945955,46.979588],[7.943164,46.97535],[7.939753,46.966281],[7.937428,46.96349],[7.934017,46.960261],[7.932157,46.957548],[7.931072,46.951346],[7.929987,46.948246],[7.928075,46.946179],[7.922804,46.943466],[7.921253,46.941528],[7.919083,46.937652],[7.915982,46.933983],[7.911176,46.931554],[7.90606,46.930986],[7.897999,46.932278],[7.895518,46.931916],[7.888077,46.928557],[7.879395,46.926206],[7.875675,46.924371],[7.873969,46.920134],[7.873814,46.914191],[7.875985,46.902047],[7.87521,46.894761],[7.871902,46.888999],[7.862601,46.882617],[7.860895,46.877914],[7.870042,46.858122],[7.870507,46.850319],[7.886062,46.838692],[7.952156,46.802415],[7.963938,46.789857],[7.977116,46.77885],[7.983317,46.777662],[7.99112,46.77867],[8.006003,46.784431],[8.023366,46.789289],[8.043726,46.788333],[8.075352,46.78717],[8.094576,46.784276],[8.128424,46.769032],[8.138656,46.764174],[8.150593,46.760454],[8.158086,46.759007],[8.163357,46.75973],[8.186922,46.765983],[8.198704,46.767637],[8.251001,46.763192],[8.270276,46.759007],[8.280043,46.758774],[8.290895,46.761694],[8.324433,46.777714],[8.368151,46.789496],[8.391612,46.775104],[8.401069,46.769678],[8.40789,46.772236],[8.421223,46.774096],[8.426339,46.774096],[8.446234,46.769213]],[[7.231063,46.933492],[7.234163,46.934448],[7.236489,46.936308],[7.237729,46.937652],[7.237419,46.941218],[7.222536,46.938324],[7.225947,46.933208],[7.228892,46.933725],[7.231063,46.933492]]]]}},{"type":"Feature","properties":{"id":"IT-AO","country":"IT","name_en":"Aosta"},"geometry":{"type":"Polygon","coordinates":[[[7.022083,45.92526],[7.066938,45.890223],[7.090192,45.880508],[7.120888,45.876116],[7.153547,45.876529],[7.183726,45.880456],[7.245428,45.89813],[7.27354,45.910274],[7.286666,45.913426],[7.361803,45.907845],[7.393843,45.9157],[7.452961,45.945879],[7.482726,45.954871],[7.503707,45.956731],[7.514662,45.966704],[7.524377,45.978073],[7.541121,45.984119],[7.643027,45.966343],[7.658736,45.960038],[7.673722,45.950323],[7.692533,45.931203],[7.69398,45.928671],[7.706279,45.925725],[7.71465,45.92712],[7.722195,45.929601],[7.732013,45.930376],[7.780072,45.918129],[7.807564,45.91849],[7.825444,45.914666],[7.831232,45.91446],[7.843738,45.919214],[7.846115,45.922573],[7.845288,45.927792],[7.848389,45.938076],[7.84962,45.939712],[7.855935,45.919319],[7.849123,45.917814],[7.847717,45.915023],[7.847717,45.90774],[7.86011,45.851314],[7.86323,45.822475],[7.863537,45.805995],[7.868811,45.785319],[7.870657,45.780353],[7.874743,45.763203],[7.876765,45.758633],[7.879402,45.755139],[7.882346,45.75292],[7.890871,45.748317],[7.911636,45.740539],[7.915041,45.738242],[7.916294,45.729662],[7.915986,45.716171],[7.91102,45.684058],[7.91102,45.670545],[7.912251,45.661844],[7.917063,45.656021],[7.918623,45.652824],[7.919546,45.649044],[7.912734,45.635872],[7.880171,45.602693],[7.783952,45.581358],[7.757388,45.567504],[7.749324,45.564142],[7.741721,45.562648],[7.73135,45.561714],[7.672991,45.563626],[7.663235,45.565592],[7.651457,45.571635],[7.647217,45.573294],[7.642405,45.574634],[7.545923,45.589806],[7.538013,45.588795],[7.528982,45.586774],[7.515337,45.581193],[7.50635,45.578611],[7.497671,45.57704],[7.479324,45.577941],[7.471567,45.576732],[7.46458,45.574217],[7.444585,45.560989],[7.432654,45.55086],[7.42615,45.546212],[7.405627,45.537786],[7.402068,45.535775],[7.389192,45.526261],[7.385478,45.52435],[7.239272,45.489886],[7.232768,45.485546],[7.224551,45.484206],[7.212312,45.48381],[7.163576,45.488545],[7.146218,45.492215],[7.143208,45.493401],[7.140571,45.495203],[7.139187,45.497642],[7.139033,45.499345],[7.139033,45.500224],[7.142593,45.508848],[7.143054,45.512309],[7.137934,45.511748],[7.131584,45.509936],[7.089265,45.477064],[7.075369,45.466286],[7.072002,45.470042],[7.02849,45.493142],[6.982808,45.511125],[6.975264,45.525646],[6.969786,45.566987],[6.965859,45.574429],[6.954903,45.586211],[6.952939,45.594272],[6.955627,45.602592],[6.967099,45.620162],[6.969476,45.625847],[6.963378,45.640729],[6.951079,45.646776],[6.918626,45.652563],[6.905294,45.659695],[6.882556,45.675508],[6.869224,45.679022],[6.843075,45.682742],[6.8161,45.69685],[6.795946,45.718141],[6.784681,45.759585],[6.783868,45.764995],[6.781994,45.777465],[6.782717,45.795294],[6.788092,45.811727],[6.800804,45.826455],[6.816204,45.832914],[6.843356,45.838643],[6.851997,45.836223],[6.858564,45.833458],[6.864441,45.826891],[6.870662,45.828273],[6.871699,45.832767],[6.872736,45.83968],[6.873461,45.8448],[6.880386,45.845523],[6.905087,45.845368],[6.926378,45.849761],[6.949012,45.857822],[6.969166,45.869759],[6.982808,45.885779],[6.989113,45.899267],[6.997175,45.911307],[7.007717,45.920506],[7.022083,45.92526]]]}}]}
